Rk,Player,Nation,Pos,Squad,Age,Born,90s,Performance_CrdY,Performance_CrdR,Performance_2CrdY,Performance_Fls,Performance_Fld,Performance_Off,Performance_Crs,Performance_Int,Performance_TklW,Performance_PKwon,Performance_PKcon,Performance_OG,Performance_Recov,Aerial_Duels_Won,Aerial_Duels_Lost,Aerial_Duels_Won%,Matches
1,Vincent Aboubakar,cm CMR,FW,pt Porto,26,1992,0.7,0,0,0,0,2,0,0,0,0,0,0,0,0,2,6,25.0,Matches
2,Michel Aebischer,ch SUI,MF,ch Young Boys,21,1997,2.5,0,0,0,5,3,0,4,1,5,0,0,0,19,0,2,0.0,Matches
3,Sergio Agüero,ar ARG,FW,eng Manchester City,30,1988,5.6,3,0,0,5,3,3,6,2,3,0,0,0,9,6,3,66.7,Matches
4,Jean-Eudes Aholou,ci CIV,"MF,FW",fr Monaco,24,1994,2.0,0,0,0,3,1,0,0,3,0,0,0,0,14,2,2,50.0,Matches
5,Youssef Aït Bennasser,ma MAR,MF,fr Monaco,22,1996,2.7,0,0,0,2,3,0,1,0,2,0,0,0,13,1,0,100.0,Matches
6,Manuel Akanji,ch SUI,DF,de Dortmund,23,1995,5.0,1,0,0,1,2,0,1,9,7,0,0,0,28,8,3,72.7,Matches
7,Emre Akbaba,tr TUR,FW,tr Galatasaray,25,1992,1.0,0,0,0,0,4,0,8,1,1,1,0,0,5,1,3,25.0,Matches
8,Yunus Akgün,tr TUR,MF,tr Galatasaray,18,2000,0.1,0,0,0,0,0,0,0,0,0,0,0,0,0,0,1,0.0,Matches
9,Ilzat Akhmetov,ru RUS,MF,ru CSKA Moscow,20,1997,3.3,1,0,0,4,2,0,2,3,6,0,0,0,23,1,2,33.3,Matches
10,Igor Akinfeev,ru RUS,GK,ru CSKA Moscow,32,1986,5.0,1,1,1,0,1,0,0,0,0,0,0,0,3,0,1,0.0,Matches
11,Kevin Akpoguma,ng NGA,DF,de Hoffenheim,23,1995,2.0,0,0,0,1,2,0,0,1,4,0,0,0,9,0,2,0.0,Matches
12,David Alaba,at AUT,DF,de Bayern Munich,26,1992,7.0,0,0,0,5,0,1,18,16,6,0,0,0,33,16,2,88.9,Matches
13,Jordi Alba,es ESP,DF,es Barcelona,29,1989,11.0,2,0,0,6,3,2,24,17,8,0,0,0,80,6,4,60.0,Matches
14,Raúl Albiol,es ESP,DF,it Napoli,32,1985,5.5,1,0,0,3,4,0,0,8,1,0,0,0,20,10,6,62.5,Matches
15,Paco Alcácer,es ESP,FW,de Dortmund,24,1993,4.0,1,0,0,4,0,5,1,3,2,0,0,0,6,3,6,33.3,Matches
16,Thiago Alcántara,es ESP,MF,de Bayern Munich,27,1991,4.3,1,0,0,5,8,0,3,10,6,1,0,0,43,7,4,63.6,Matches
17,Toby Alderweireld,be BEL,DF,eng Tottenham,29,1989,12.0,2,0,0,6,3,0,2,12,7,0,0,0,51,24,26,48.0,Matches
18,Alef,br BRA,MF,gr AEK Athens,23,1995,2.2,1,0,0,7,1,0,0,7,2,0,0,0,12,5,3,62.5,Matches
19,Carles Aleñá,es ESP,MF,es Barcelona,20,1998,1.0,0,0,0,0,0,0,0,0,2,0,0,0,4,0,2,0.0,Matches
20,Trent Alexander-Arnold,eng ENG,DF,eng Liverpool,19,1998,10.2,0,0,0,7,3,1,73,18,10,0,0,0,76,7,8,46.7,Matches
21,Alisson,br BRA,GK,eng Liverpool,25,1992,13.0,0,0,0,0,0,0,0,1,0,0,0,0,22,2,0,100.0,Matches
22,Allan,br BRA,MF,it Napoli,27,1991,5.7,1,0,0,12,12,0,0,5,22,0,0,0,61,2,2,50.0,Matches
23,Dele Alli,eng ENG,MF,eng Tottenham,22,1996,7.9,0,0,0,6,11,1,4,6,5,0,0,0,39,7,15,31.8,Matches
24,André Almeida,pt POR,DF,pt Benfica,27,1990,6.0,1,0,0,10,12,1,7,14,11,0,0,0,39,8,6,57.1,Matches
25,Dani Alves,br BRA,"FW,DF",fr Paris S-G,35,1983,2.3,1,0,0,3,9,1,12,3,4,0,0,0,10,1,7,12.5,Matches
26,Mohamed Aly Camara,gn GUI,DF,ch Young Boys,20,1997,3.9,3,1,1,6,0,0,0,10,3,0,0,0,22,4,9,30.8,Matches
27,Nadiem Amiri,de GER,MF,de Hoffenheim,21,1996,0.3,0,0,0,0,0,0,2,1,1,0,0,0,2,0,1,0.0,Matches
28,Sofyan Amrabat,ma MAR,"DF,MF",be Club Brugge,21,1996,2.0,1,0,0,4,2,0,2,4,2,0,0,0,11,6,6,50.0,Matches
29,Angeliño,es ESP,DF,nl PSV Eindhoven,21,1997,6.0,1,0,0,5,5,0,17,10,4,0,0,0,26,3,3,50.0,Matches
30,Houssem Aouar,dz ALG,"MF,FW",fr Lyon,20,1998,7.0,1,0,0,7,12,2,1,7,8,0,0,0,45,3,6,33.3,Matches
31,Alphonse Areola,fr FRA,GK,fr Paris S-G,25,1993,3.0,0,0,0,0,2,0,0,0,0,0,0,0,5,0,1,0.0,Matches
32,Santiago Arias,co COL,"DF,FW",es Atlético Madrid,26,1992,3.8,0,0,0,0,3,0,8,2,5,0,0,0,19,4,0,100.0,Matches
33,Kwadwo Asamoah,gh GHA,DF,it Inter,29,1988,5.8,1,0,0,7,15,0,12,8,5,0,0,0,36,5,4,55.6,Matches
34,Marco Asensio,es ESP,"FW,MF",es Real Madrid,22,1996,3.4,0,0,0,4,7,1,18,5,2,0,0,0,19,2,3,40.0,Matches
35,Roger Assalé,ci CIV,"FW,MF",ch Young Boys,24,1993,4.2,1,0,0,9,14,5,10,2,2,0,0,0,10,1,4,20.0,Matches
36,Serge Aurier,ci CIV,DF,eng Tottenham,25,1992,4.8,1,0,0,4,4,0,17,9,6,0,0,0,23,9,4,69.2,Matches
37,Chidozie Awaziem,ng NGA,MF,pt Porto,21,1997,0.1,0,0,0,1,0,0,0,0,0,0,0,0,0,0,0,,Matches
38,Serdar Aziz,tr TUR,DF,tr Galatasaray,27,1990,4.0,3,0,0,9,4,0,0,3,4,0,0,0,15,12,8,60.0,Matches
39,Srđan Babić,rs SRB,DF,rs Red Star,22,1996,2.5,0,0,0,1,0,0,0,5,1,0,0,0,8,2,1,66.7,Matches
40,Benoît Badiashile,fr FRA,DF,fr Monaco,17,2001,2.0,0,0,0,2,0,0,0,0,2,0,0,0,14,1,0,100.0,Matches
41,Loic Badiashile,fr FRA,GK,fr Monaco,20,1998,1.0,0,0,0,0,1,0,0,0,0,0,0,0,2,0,0,,Matches
42,Eric Bailly,ci CIV,DF,eng Manchester Utd,24,1994,3.4,1,0,0,3,6,0,0,5,3,0,0,0,22,5,4,55.6,Matches
43,Michalis Bakakis,gr GRE,"DF,FW",gr AEK Athens,27,1991,5.8,0,0,0,3,8,1,6,13,8,0,0,0,26,14,9,60.9,Matches
44,Anastasios Bakasetas,gr GRE,FW,gr AEK Athens,25,1993,2.0,1,0,0,3,0,1,8,1,8,0,0,0,7,2,2,50.0,Matches
45,Keita Baldé,sn SEN,"FW,MF",it Inter,23,1995,0.8,0,0,0,0,3,0,4,0,0,0,0,0,1,2,3,40.0,Matches
46,Gareth Bale,wls WAL,FW,es Real Madrid,29,1989,5.4,0,0,0,3,3,3,13,5,0,0,0,0,10,12,6,66.7,Matches
47,David von Ballmoos,ch SUI,GK,ch Young Boys,23,1994,4.0,0,0,0,0,0,0,0,0,0,0,0,0,3,2,0,100.0,Matches
48,Dmitri Barinov,ru RUS,MF,ru Loko Moscow,21,1996,3.2,1,0,0,8,2,0,0,10,4,0,0,0,16,11,9,55.0,Matches
49,Vasilios Barkas,gr GRE,GK,gr AEK Athens,24,1994,6.0,0,0,0,0,1,0,0,0,0,0,0,0,4,2,0,100.0,Matches
50,Antonio Barreca,it ITA,DF,fr Monaco,23,1995,1.0,1,0,0,1,0,0,12,0,0,0,1,0,2,1,1,50.0,Matches
51,Andrea Barzagli,it ITA,DF,it Juventus,37,1981,1.2,0,0,0,1,1,0,0,1,1,0,0,0,4,4,5,44.4,Matches
52,Michy Batshuayi,be BEL,FW,es Valencia,24,1993,3.8,1,0,0,11,6,9,0,1,2,0,0,0,8,4,3,57.1,Matches
53,Oliver Baumann,de GER,GK,de Hoffenheim,28,1990,6.0,0,0,0,0,0,0,0,0,0,0,0,0,11,0,0,,Matches
54,Ömer Bayram,tr TUR,DF,tr Galatasaray,27,1991,0.6,0,0,0,0,3,0,5,0,1,0,0,0,5,0,1,0.0,Matches
55,Riechedly Bazoer,nl NED,MF,pt Porto,21,1996,0.1,0,0,0,0,0,0,0,0,0,0,0,0,0,0,0,,Matches
56,Rodrigo Becão,br BRA,DF,ru CSKA Moscow,22,1996,6.0,1,0,0,11,9,0,0,10,8,0,0,0,26,19,18,51.4,Matches
57,Donny van de Beek,nl NED,MF,nl Ajax,21,1997,10.9,2,0,0,14,7,6,1,14,17,0,0,0,55,9,15,37.5,Matches
58,Ishak Belfodil,dz ALG,"FW,MF",de Hoffenheim,26,1992,3.8,0,0,0,3,2,9,5,1,4,0,0,0,10,7,7,50.0,Matches
59,Younès Belhanda,ma MAR,MF,tr Galatasaray,28,1990,3.6,1,0,0,6,9,0,16,2,5,0,0,0,14,2,2,50.0,Matches
60,Diego Benaglio,ch SUI,GK,fr Monaco,34,1983,4.5,0,0,0,0,0,0,0,1,0,0,0,0,4,1,0,100.0,Matches
61,Medhi Benatia,ma MAR,DF,it Juventus,31,1987,1.0,0,0,0,0,1,0,0,2,2,0,0,0,6,1,0,100.0,Matches
62,Loris Benito,ch SUI,DF,ch Young Boys,26,1992,6.0,2,0,0,15,4,0,13,7,7,0,0,0,39,8,11,42.1,Matches
63,Nabil Bentaleb,dz ALG,MF,de Schalke 04,23,1994,4.7,0,0,0,3,2,0,7,5,8,0,0,0,31,4,3,57.1,Matches
64,Rodrigo Bentancur,uy URU,MF,it Juventus,21,1997,6.1,1,0,0,12,9,0,7,9,11,0,0,0,38,11,4,73.3,Matches
65,Karim Benzema,fr FRA,FW,es Real Madrid,30,1987,6.5,0,0,0,0,2,5,6,2,2,0,0,0,11,9,15,37.5,Matches
66,Steve von Bergen,ch SUI,DF,ch Young Boys,35,1983,4.5,1,0,0,6,2,0,0,10,7,0,0,0,19,3,5,37.5,Matches
67,Steven Bergwijn,nl NED,FW,nl PSV Eindhoven,20,1997,4.4,1,0,0,4,3,0,3,3,3,0,0,0,20,0,3,0.0,Matches
68,Federico Bernardeschi,it ITA,"MF,FW",it Juventus,24,1994,6.1,2,0,0,8,13,1,29,5,2,1,0,0,35,1,7,12.5,Matches
69,Juan Bernat,es ESP,DF,fr Paris S-G,25,1993,7.5,2,0,0,13,7,1,12,10,8,0,1,0,37,12,10,54.5,Matches
70,Leonardo Bertone,ch SUI,MF,ch Young Boys,24,1994,1.2,1,0,0,2,2,0,2,1,0,0,0,0,8,0,1,0.0,Matches
71,Giulian Biancone,fr FRA,DF,fr Monaco,18,2000,1.9,1,0,0,3,1,0,4,3,2,0,0,0,12,0,2,0.0,Matches
72,Ermin Bičakčić,ba BIH,DF,de Hoffenheim,28,1990,2.8,1,0,0,6,2,0,0,5,4,0,0,0,18,8,3,72.7,Matches
73,Jaka Bijol,si SVN,MF,ru CSKA Moscow,19,1999,3.0,2,0,0,11,4,0,0,4,6,0,0,0,12,18,8,69.2,Matches
74,Kristijan Bistrović,hr CRO,MF,ru CSKA Moscow,20,1998,2.0,0,0,0,1,2,0,2,0,1,0,0,0,14,1,3,25.0,Matches
75,Leonardo Bittencourt,de GER,MF,de Hoffenheim,24,1993,1.6,0,0,0,3,3,0,9,3,6,0,0,0,8,0,1,0.0,Matches
76,Daley Blind,nl NED,"DF,MF",nl Ajax,28,1990,12.0,2,0,0,9,7,1,8,20,11,0,0,0,64,31,29,51.7,Matches
77,Richmond Boakye,gh GHA,FW,rs Red Star,25,1993,2.1,0,0,0,1,3,2,1,1,0,0,0,0,7,2,11,15.4,Matches
78,Jérôme Boateng,de GER,DF,de Bayern Munich,29,1988,5.0,0,0,0,3,3,0,1,10,5,0,1,0,31,4,8,33.3,Matches
79,Serhiy Bolbat,ua UKR,FW,ua Shakhtar,25,1993,1.9,1,0,0,1,0,0,2,2,1,0,0,0,7,1,1,50.0,Matches
80,Leonardo Bonucci,it ITA,DF,it Juventus,31,1987,10.0,0,0,0,6,3,0,3,12,5,1,0,1,40,15,22,40.5,Matches
81,Milan Borjan,ca CAN,GK,rs Red Star,30,1987,6.0,1,0,0,0,0,0,0,1,0,0,0,0,7,4,0,100.0,Matches
82,Lucas Boyé,ar ARG,"FW,MF",gr AEK Athens,22,1996,1.4,0,0,0,5,2,1,3,2,1,0,0,0,9,2,2,50.0,Matches
83,Yacine Brahimi,dz ALG,"FW,MF",pt Porto,28,1990,6.9,0,0,0,7,11,1,4,6,6,0,0,0,40,3,3,50.0,Matches
84,Joshua Brenet,cw CUW,"DF,FW",de Hoffenheim,24,1994,1.5,0,0,0,0,0,1,0,0,1,0,0,0,9,0,2,0.0,Matches
85,Marcelo Brozović,hr CRO,MF,it Inter,25,1992,5.9,3,0,0,10,3,0,9,9,7,0,0,0,49,4,3,57.1,Matches
86,Jeffrey Bruma,nl NED,DF,de Schalke 04,26,1991,2.0,1,0,0,1,0,0,0,1,1,0,1,0,6,2,1,66.7,Matches
87,Jacob Bruun Larsen,dk DEN,FW,de Dortmund,19,1998,1.7,0,0,0,0,0,1,1,3,1,0,0,0,3,1,1,50.0,Matches
88,Gianluigi Buffon,it ITA,GK,fr Paris S-G,40,1978,5.0,0,0,0,1,1,0,0,1,0,0,1,0,7,0,0,,Matches
89,Guido Burgstaller,at AUT,FW,de Schalke 04,29,1989,2.6,1,0,0,4,2,6,1,0,0,0,0,0,8,5,5,50.0,Matches
90,Roman Bürki,ch SUI,GK,de Dortmund,27,1990,7.0,0,0,0,0,1,0,0,0,0,0,0,0,15,0,0,,Matches
91,Sergio Busquets,es ESP,MF,es Barcelona,30,1988,11.5,3,0,0,19,14,0,0,15,21,0,0,0,90,16,19,45.7,Matches
92,Bohdan Butko,ua UKR,DF,ua Shakhtar,27,1991,1.5,0,0,0,0,1,0,4,1,1,0,0,0,5,1,1,50.0,Matches
93,Daniel Caligiuri,it ITA,"DF,FW",de Schalke 04,30,1988,5.7,0,0,0,11,6,2,31,11,17,0,0,0,26,6,2,75.0,Matches
94,José Callejón,es ESP,MF,it Napoli,31,1987,5.7,1,0,0,6,7,5,27,6,2,1,0,0,35,4,9,30.8,Matches
95,Emre Can,de GER,"MF,DF",it Juventus,24,1994,3.8,1,0,0,4,6,0,1,8,1,0,0,0,18,10,4,71.4,Matches
96,João Cancelo,pt POR,DF,it Juventus,24,1994,5.3,0,0,0,6,9,0,22,6,10,1,0,0,31,6,6,50.0,Matches
97,Antonio Candreva,it ITA,"FW,MF",it Inter,31,1987,1.5,0,0,0,1,1,0,13,0,0,0,0,0,10,1,1,50.0,Matches
98,Dani Carvajal,es ESP,DF,es Real Madrid,26,1992,4.7,1,0,0,7,2,0,17,8,6,0,0,0,29,3,3,50.0,Matches
99,Casemiro,br BRA,MF,es Real Madrid,26,1992,5.6,0,0,0,10,3,0,0,13,9,0,0,0,56,12,20,37.5,Matches
100,Iker Casillas,es ESP,GK,pt Porto,37,1981,10.3,0,0,0,0,0,0,0,1,0,0,0,0,12,3,1,75.0,Matches
101,Nicolás Castillo,cl CHI,FW,pt Benfica,25,1993,0.2,0,0,0,0,0,0,0,0,0,0,0,0,0,0,0,,Matches
102,Goran Čaušić,rs SRB,MF,rs Red Star,26,1992,3.5,0,0,0,5,1,0,2,6,4,0,0,0,24,3,11,21.4,Matches
103,Edinson Cavani,uy URU,FW,fr Paris S-G,31,1987,4.6,0,0,0,3,1,4,2,4,0,0,0,0,9,1,2,33.3,Matches
104,Dani Ceballos,es ESP,MF,es Real Madrid,21,1996,2.1,0,0,0,2,1,0,4,1,0,0,0,0,10,1,0,100.0,Matches
105,Muğdat Çelik,tr TUR,FW,tr Galatasaray,28,1990,0.5,1,0,0,1,0,0,2,0,0,0,0,0,1,2,0,100.0,Matches
106,Aleš Čermák,cz CZE,MF,cz Viktoria Plzeň,23,1994,3.9,0,0,0,6,9,0,8,1,2,0,0,0,23,5,1,83.3,Matches
107,Franco Cervi,ar ARG,"FW,MF",pt Benfica,24,1994,3.4,0,0,0,2,12,0,10,2,8,0,0,0,15,1,1,50.0,Matches
108,Nacer Chadli,be BEL,MF,fr Monaco,28,1989,3.5,0,0,0,1,0,1,12,3,1,0,0,0,16,12,4,75.0,Matches
109,Fyodor Chalov,ru RUS,FW,ru CSKA Moscow,20,1998,5.6,1,0,0,5,3,2,3,0,3,0,0,0,16,1,23,4.2,Matches
110,Pape Cheikh Diop,sn SEN,MF,fr Lyon,20,1997,1.2,0,0,0,1,2,0,0,0,4,0,0,0,11,1,0,100.0,Matches
111,Nikita Chernov,ru RUS,DF,ru CSKA Moscow,22,1996,3.9,0,0,0,4,2,0,0,4,4,0,0,0,20,13,8,61.9,Matches
112,Denis Cheryshev,ru RUS,"MF,DF",es Valencia,27,1990,1.2,0,0,0,3,0,0,6,2,1,0,0,0,5,0,1,0.0,Matches
113,Giorgio Chiellini,it ITA,DF,it Juventus,33,1984,6.0,1,0,0,4,7,1,4,10,6,0,0,0,26,14,6,70.0,Matches
114,Tahith Chong,nl NED,MF,eng Manchester Utd,18,1999,0.1,0,0,0,1,0,0,0,0,1,0,0,0,3,0,1,0.0,Matches
115,Tomáš Chorý,cz CZE,FW,cz Viktoria Plzeň,23,1995,2.7,0,0,0,8,7,2,1,1,2,0,0,0,9,19,16,54.3,Matches
116,Dmytro Chygrynskiy,ua UKR,DF,gr AEK Athens,31,1986,5.0,1,0,0,3,3,1,0,8,8,0,0,0,31,5,4,55.6,Matches
117,Jasper Cillessen,nl NED,GK,es Barcelona,29,1989,1.0,0,0,0,0,0,0,0,0,0,0,0,0,2,0,0,,Matches
118,Kingsley Coman,fr FRA,"FW,MF",de Bayern Munich,22,1996,1.4,0,0,0,1,1,2,0,1,1,0,0,0,7,0,1,0.0,Matches
119,Germán Conti,ar ARG,DF,pt Benfica,24,1994,3.0,1,0,0,3,1,0,0,11,6,0,0,0,10,8,4,66.7,Matches
120,Dion Cools,my MAS,"DF,FW",be Club Brugge,22,1996,1.3,0,0,0,2,2,0,6,1,0,0,0,0,5,1,3,25.0,Matches
121,Francis Coquelin,fr FRA,MF,es Valencia,27,1991,3.1,1,0,0,7,8,0,2,10,5,0,0,0,26,3,2,60.0,Matches
122,Ante Ćorić,hr CRO,MF,it Roma,21,1997,0.3,0,0,0,3,0,0,1,0,0,0,0,0,1,0,0,,Matches
123,Vedran Ćorluka,hr CRO,DF,ru Loko Moscow,32,1986,3.0,3,0,0,5,4,1,0,3,4,0,0,0,8,8,9,47.1,Matches
124,Maxwel Cornet,ci CIV,"FW,MF",fr Lyon,21,1996,2.4,0,0,0,1,3,2,5,1,2,0,0,0,14,0,4,0.0,Matches
125,Jesús Corona,mx MEX,"FW,MF",pt Porto,25,1993,6.2,3,0,0,11,7,0,34,8,12,0,0,0,32,5,9,35.7,Matches
126,Ángel Correa,ar ARG,"MF,FW",es Atlético Madrid,23,1995,3.9,2,0,0,10,6,2,2,6,6,0,1,0,27,1,3,25.0,Matches
127,Uroš Ćosić,rs SRB,"DF,MF",gr AEK Athens,25,1992,3.3,1,0,0,4,1,0,0,8,2,0,1,0,13,2,4,33.3,Matches
128,Bruno Xavier Almeida Costa,pt POR,MF,pt Porto,21,1997,0.3,0,0,0,1,0,0,0,0,2,0,0,0,2,0,1,0.0,Matches
129,Diego Costa,es ESP,FW,es Atlético Madrid,29,1988,3.4,3,0,0,7,8,7,2,1,0,0,0,0,10,8,13,38.1,Matches
130,Douglas Costa,br BRA,"FW,DF",it Juventus,27,1990,1.8,0,0,0,2,3,0,15,1,1,0,0,0,10,0,5,0.0,Matches
131,Thibaut Courtois,be BEL,GK,es Real Madrid,26,1992,5.0,0,0,0,0,0,0,0,0,0,0,0,0,6,0,0,,Matches
132,Philippe Coutinho,br BRA,"FW,MF",es Barcelona,26,1992,9.5,0,0,0,6,18,6,25,10,3,0,0,0,44,4,11,26.7,Matches
133,Bryan Cristante,it ITA,MF,it Roma,23,1995,5.7,0,0,0,13,5,0,3,7,8,0,0,0,46,9,11,45.0,Matches
134,Juan Cuadrado,co COL,"MF,DF",it Juventus,30,1988,3.6,1,0,0,7,10,0,4,3,6,0,0,0,23,4,3,57.1,Matches
135,Danilo D'Ambrosio,it ITA,DF,it Inter,29,1988,4.0,1,0,0,9,3,0,6,6,6,0,0,0,17,5,4,55.6,Matches
136,Colin Dagba,fr FRA,FW,fr Paris S-G,19,1998,0.1,0,0,0,0,0,0,0,0,1,0,0,0,0,0,0,,Matches
137,Mahmoud Dahoud,de GER,MF,de Dortmund,22,1996,3.5,1,0,0,4,0,0,0,7,2,0,0,0,29,0,3,0.0,Matches
138,Diogo Dalot,pt POR,"DF,MF",eng Manchester Utd,19,1999,2.7,0,0,0,2,0,2,10,2,2,0,0,0,10,2,1,66.7,Matches
139,Oleh Danchenko,ua UKR,DF,ua Shakhtar,23,1994,1.0,1,0,0,0,1,0,3,2,1,0,0,0,4,0,1,0.0,Matches
140,Danilo,br BRA,DF,eng Manchester City,27,1991,1.3,1,0,0,1,0,0,0,2,0,0,0,0,9,1,0,100.0,Matches
141,Arnaut Danjuma,nl NED,"DF,FW",be Club Brugge,21,1997,1.8,0,0,0,0,0,0,4,1,0,0,0,0,5,0,1,0.0,Matches
142,Ben Davies,wls WAL,DF,eng Tottenham,25,1993,6.3,0,0,0,13,3,1,25,10,4,0,0,0,28,13,7,65.0,Matches
143,Kevin De Bruyne,be BEL,MF,eng Manchester City,27,1991,2.7,0,0,0,0,5,0,19,2,2,0,0,0,20,1,1,50.0,Matches
144,Daniele De Rossi,it ITA,MF,it Roma,35,1983,3.4,1,0,0,3,4,0,0,7,2,0,0,0,25,5,3,62.5,Matches
145,Mattia De Sciglio,it ITA,DF,it Juventus,25,1992,3.4,0,0,0,8,4,0,8,6,2,0,0,0,17,4,4,50.0,Matches
146,Saulo Decarli,ch SUI,MF,be Club Brugge,26,1992,0.0,0,0,0,0,0,0,0,0,0,0,0,0,0,0,0,,Matches
147,Miloš Degenek,au AUS,DF,rs Red Star,24,1994,6.0,1,0,0,3,1,0,0,13,4,0,0,0,17,3,6,33.3,Matches
148,Thomas Delaney,dk DEN,MF,de Dortmund,26,1991,3.3,1,0,0,8,1,0,1,8,5,0,0,0,19,8,7,53.3,Matches
149,Fabian Delph,eng ENG,"DF,MF",eng Manchester City,28,1989,2.9,0,0,0,2,2,0,2,5,1,0,0,0,26,5,3,62.5,Matches
150,Mousa Dembélé,be BEL,MF,eng Tottenham,31,1987,1.8,1,0,0,6,0,0,0,2,0,0,0,0,8,1,2,33.3,Matches
151,Moussa Dembélé,fr FRA,FW,fr Lyon,22,1996,3.3,1,0,0,4,1,2,1,1,2,0,0,0,11,7,2,77.8,Matches
152,Ousmane Dembélé,fr FRA,FW,es Barcelona,21,1997,4.6,0,0,0,1,12,1,21,1,1,0,0,0,10,3,3,50.0,Matches
153,Kerem Demirbay,de GER,MF,de Hoffenheim,25,1993,4.1,3,0,0,11,5,0,25,4,4,0,0,0,27,4,3,57.1,Matches
154,Jason Denayer,be BEL,DF,fr Lyon,23,1995,8.0,1,0,0,5,2,1,0,11,7,0,1,0,30,9,11,45.0,Matches
155,Igor Denisov,ru RUS,MF,ru Loko Moscow,34,1984,5.2,2,0,0,8,2,0,0,8,6,0,0,0,40,2,3,40.0,Matches
156,Emmanuel Dennis,ng NGA,"FW,MF",be Club Brugge,20,1997,2.0,1,0,0,4,7,1,6,4,2,0,0,0,6,6,0,100.0,Matches
157,Stefano Denswil,sr SUR,DF,be Club Brugge,25,1993,6.0,2,0,0,8,3,0,2,9,4,0,0,0,36,15,4,78.9,Matches
158,Dentinho,br BRA,"MF,FW",ua Shakhtar,29,1989,0.1,0,0,0,0,0,0,0,0,0,0,0,0,1,0,0,,Matches
159,Eren Derdiyok,ch SUI,FW,tr Galatasaray,30,1988,3.7,0,0,0,7,6,1,0,1,1,0,0,0,3,17,12,58.6,Matches
160,Ángel Di María,ar ARG,"MF,FW",fr Paris S-G,30,1988,7.3,1,0,0,5,2,3,35,6,4,0,1,0,26,4,3,57.1,Matches
161,Franco Di Santo,ar ARG,FW,de Schalke 04,29,1989,1.0,0,0,0,1,2,2,0,0,1,0,0,0,3,0,5,0.0,Matches
162,Moussa Diaby,fr FRA,DF,fr Paris S-G,19,1999,0.1,0,0,0,0,1,0,2,0,0,0,0,0,0,0,0,,Matches
163,Mouctar Diakhaby,gn GUI,DF,es Valencia,21,1996,3.0,1,0,0,3,2,0,0,5,5,0,0,0,14,3,2,60.0,Matches
164,Abdou Diallo,sn SEN,DF,de Dortmund,22,1996,6.9,1,0,0,4,1,0,6,8,8,0,0,0,43,12,8,60.0,Matches
165,Rúben Dias,pt POR,DF,pt Benfica,21,1997,4.5,2,1,1,5,2,0,0,8,6,0,0,0,24,12,11,52.2,Matches
166,Krépin Diatta,sn SEN,"DF,FW",be Club Brugge,19,1999,0.1,0,0,0,0,0,0,0,0,0,0,0,0,1,0,0,,Matches
167,Eric Dier,eng ENG,MF,eng Tottenham,24,1994,3.0,1,0,0,6,1,0,5,4,3,0,0,0,12,11,7,61.1,Matches
168,Sofiane Diop,fr FRA,"FW,MF",fr Monaco,18,2000,3.0,1,0,0,7,5,0,6,1,0,0,0,0,14,2,6,25.0,Matches
169,Kasper Dolberg,dk DEN,FW,nl Ajax,20,1997,3.3,1,0,0,10,16,1,1,2,3,1,0,0,7,3,9,25.0,Matches
170,Jaume Doménech,es ESP,GK,es Valencia,27,1990,1.0,0,0,0,0,1,0,0,0,0,0,0,0,1,0,0,,Matches
171,Ryan Donk,sr SUR,"MF,DF",tr Galatasaray,32,1986,5.2,2,0,0,6,5,0,0,7,5,0,0,1,31,8,5,61.5,Matches
172,Julian Draxler,de GER,MF,fr Paris S-G,24,1993,3.2,2,0,0,4,2,1,9,1,4,0,0,0,19,3,3,50.0,Matches
173,Leo Dubois,fr FRA,DF,fr Lyon,23,1994,3.2,1,0,0,5,0,0,5,6,0,0,0,0,16,2,2,50.0,Matches
174,Denzel Dumfries,nl NED,DF,nl PSV Eindhoven,22,1996,6.0,2,0,0,18,6,0,6,8,5,0,0,0,27,7,8,46.7,Matches
175,Paulo Dybala,ar ARG,"FW,MF",it Juventus,24,1993,5.8,1,0,0,5,16,2,15,2,3,0,0,0,28,1,7,12.5,Matches
176,Alan Dzagoev,ru RUS,"MF,FW",ru CSKA Moscow,28,1990,1.9,0,0,0,3,1,3,3,1,0,0,0,0,7,2,3,40.0,Matches
177,Edin Džeko,ba BIH,FW,it Roma,32,1986,6.3,2,0,0,11,8,6,4,0,1,0,0,0,21,32,21,60.4,Matches
178,Lorenzo Ebecilio,nl NED,"MF,FW",rs Red Star,26,1991,1.3,0,0,0,8,2,0,3,3,1,0,0,0,7,0,2,0.0,Matches
179,Éder,pt POR,FW,ru Loko Moscow,30,1987,3.4,1,0,0,10,7,1,1,0,2,0,1,0,14,13,18,41.9,Matches
180,Ederson,br BRA,GK,eng Manchester City,24,1993,10.0,1,0,0,0,1,0,0,2,0,0,0,0,26,3,0,100.0,Matches
181,Carel Eiting,nl NED,MF,nl Ajax,20,1998,1.0,0,0,0,1,0,0,1,2,0,0,0,0,6,0,1,0.0,Matches
182,Jurgen Ekkelenkamp,nl NED,MF,nl Ajax,18,2000,0.2,1,0,0,1,0,0,0,0,0,0,0,0,0,2,2,50.0,Matches
183,Breel Embolo,ch SUI,"FW,MF",de Schalke 04,21,1997,4.2,2,0,0,10,16,6,3,1,2,0,0,0,10,8,15,34.8,Matches
184,Christian Eriksen,dk DEN,"MF,FW",eng Tottenham,26,1992,11.1,0,0,0,3,11,2,60,12,5,0,0,0,57,2,12,14.3,Matches
185,Fabinho,br BRA,"MF,DF",eng Liverpool,24,1993,8.1,3,0,0,18,13,0,0,12,21,0,0,0,63,21,8,72.4,Matches
186,Ralf Fährmann,de GER,GK,de Schalke 04,29,1988,6.0,0,0,0,0,1,0,0,0,0,0,0,0,4,1,0,100.0,Matches
187,Radamel Falcao,co COL,FW,fr Monaco,32,1986,3.8,2,0,0,7,7,6,1,0,2,0,0,0,10,3,11,21.4,Matches
188,Jefferson Farfán,pe PER,"FW,MF",ru Loko Moscow,33,1984,3.4,2,0,0,5,5,1,6,3,1,0,0,0,13,6,12,33.3,Matches
189,Christian Fassnacht,ch SUI,MF,ch Young Boys,24,1993,4.2,0,0,0,5,3,0,5,6,4,0,0,0,15,4,7,36.4,Matches
190,Federico Fazio,ar ARG,DF,it Roma,31,1987,6.0,0,0,0,4,2,1,1,8,7,0,0,0,32,36,7,83.7,Matches
191,Sofiane Feghouli,dz ALG,"MF,FW",tr Galatasaray,28,1989,1.5,0,0,0,0,2,0,22,0,0,0,0,0,5,2,4,33.3,Matches
192,Ljubomir Fejsa,rs SRB,MF,pt Benfica,29,1988,4.8,2,0,0,8,4,0,0,6,14,0,0,0,33,1,2,33.3,Matches
193,Nabil Fekir,fr FRA,"MF,FW",fr Lyon,25,1993,5.6,3,0,0,17,19,8,7,3,5,0,0,0,19,5,12,29.4,Matches
194,Felipe,br BRA,DF,pt Porto,29,1989,10.3,2,0,0,6,9,1,2,21,8,1,1,0,61,48,19,71.6,Matches
195,João Félix,pt POR,"FW,MF",pt Benfica,18,1999,0.8,0,0,0,3,2,0,4,0,2,0,0,0,3,0,2,0.0,Matches
196,Marouane Fellaini,be BEL,MF,eng Manchester Utd,30,1987,3.4,0,0,0,8,6,2,3,5,6,0,0,0,27,12,7,63.2,Matches
197,Gedson Fernandes,pt POR,MF,pt Benfica,19,1999,5.1,0,0,0,4,12,0,2,2,6,0,0,0,30,2,4,33.3,Matches
198,Manuel Fernandes,pt POR,"FW,MF",ru Loko Moscow,32,1986,3.2,0,0,0,1,6,0,15,2,6,0,0,0,17,2,1,66.7,Matches
199,Mário Fernandes,ru RUS,DF,ru CSKA Moscow,27,1990,5.1,0,0,0,8,4,1,11,13,10,1,0,0,17,11,6,64.7,Matches
200,Fernandinho,br BRA,"MF,DF",eng Manchester City,33,1985,7.1,3,0,0,18,7,0,0,19,9,0,1,0,52,16,9,64.0,Matches
201,Fernando,br BRA,"FW,MF",pt Porto,25,1993,1.6,0,0,0,7,2,0,1,0,4,1,0,0,3,2,2,50.0,Matches
202,Fernando,br BRA,FW,ua Shakhtar,19,1999,0.9,0,0,0,0,1,0,0,0,0,0,0,0,2,0,4,0.0,Matches
203,Fernando,br BRA,MF,tr Galatasaray,31,1987,3.6,2,0,0,12,4,0,2,6,6,0,0,0,10,9,6,60.0,Matches
204,Jordan Ferri,fr FRA,MF,fr Lyon,26,1992,0.1,0,0,0,0,1,0,0,0,0,0,0,0,0,0,1,0.0,Matches
205,Roberto Firmino,br BRA,"FW,MF",eng Liverpool,26,1991,7.8,0,0,0,10,8,1,6,2,8,0,0,0,30,7,21,25.0,Matches
206,Alessandro Florenzi,it ITA,"DF,FW",it Roma,27,1991,6.9,1,0,0,6,3,1,17,9,9,0,1,0,41,6,8,42.9,Matches
207,Phil Foden,eng ENG,MF,eng Manchester City,18,2000,1.4,0,0,0,1,2,0,3,0,1,0,0,0,7,1,0,100.0,Matches
208,Hernâni Fortes,pt POR,"FW,MF",pt Porto,26,1991,1.4,0,0,0,2,5,0,6,0,2,1,0,0,7,3,2,60.0,Matches
209,Juan Foyth,ar ARG,DF,eng Tottenham,20,1998,1.1,0,0,0,3,0,0,2,5,1,0,0,0,7,2,1,66.7,Matches
210,Fred,br BRA,MF,eng Manchester Utd,25,1993,5.1,1,0,0,10,6,0,8,5,7,0,0,0,46,3,3,50.0,Matches
211,Gabriel,br BRA,"MF,FW",pt Benfica,24,1993,2.5,0,0,0,2,4,0,1,8,4,0,0,0,21,1,4,20.0,Matches
212,Cody Gakpo,nl NED,MF,nl PSV Eindhoven,19,1999,0.1,0,0,0,0,0,0,0,0,0,0,0,0,1,0,1,0.0,Matches
213,Konstantinos Galanopoulos,gr GRE,MF,gr AEK Athens,20,1997,5.4,1,1,1,8,1,0,0,11,4,0,0,0,33,1,2,33.3,Matches
214,Rodrigo Galo Brito,br BRA,"DF,MF",gr AEK Athens,31,1986,1.3,0,0,0,2,0,0,5,3,1,0,0,0,5,1,1,50.0,Matches
215,Kévin Gameiro,fr FRA,FW,es Valencia,31,1987,1.5,0,0,0,2,3,0,0,1,0,0,0,0,5,0,4,0.0,Matches
216,Ezequiel Garay,ar ARG,DF,es Valencia,31,1986,2.4,0,0,0,0,1,0,0,7,2,0,0,0,9,7,6,53.8,Matches
217,Ulisses Garcia,ch SUI,DF,ch Young Boys,22,1996,1.5,1,0,0,6,0,1,6,2,3,0,0,0,6,3,3,50.0,Matches
218,Paulo Gazzaniga,ar ARG,GK,eng Tottenham,26,1992,1.0,0,0,0,0,0,0,0,0,0,0,0,0,2,0,0,,Matches
219,David de Gea,es ESP,GK,eng Manchester Utd,27,1990,9.0,0,0,0,0,0,0,0,0,0,0,0,0,4,0,0,,Matches
220,Dennis Geiger,de GER,MF,de Hoffenheim,20,1998,0.7,0,0,0,2,2,0,1,0,0,0,0,0,3,0,0,,Matches
221,Faouzi Ghoulam,dz ALG,DF,it Napoli,27,1991,0.2,0,0,0,1,1,0,2,0,1,0,0,0,2,1,1,50.0,Matches
222,Giorgos Giakoumakis,gr GRE,FW,gr AEK Athens,23,1994,0.6,1,0,0,2,1,1,0,0,0,0,0,0,1,1,4,20.0,Matches
223,Giannis Gianniotas,gr GRE,"FW,MF",gr AEK Athens,25,1993,0.6,0,0,0,0,3,0,2,0,0,0,0,0,4,2,1,66.7,Matches
224,Kamil Glik,pl POL,DF,fr Monaco,30,1988,4.8,0,0,0,2,2,1,0,7,6,0,1,0,22,12,7,63.2,Matches
225,Serge Gnabry,de GER,"FW,MF",de Bayern Munich,23,1995,4.9,1,0,0,4,3,3,12,6,8,0,0,0,30,1,6,14.3,Matches
226,Marko Gobeljić,rs SRB,DF,rs Red Star,25,1992,3.4,3,0,0,9,2,0,7,11,3,0,0,0,18,5,5,50.0,Matches
227,Diego Godín,uy URU,DF,es Atlético Madrid,32,1986,6.0,1,0,0,6,3,0,0,9,2,0,0,0,27,16,9,64.0,Matches
228,Benjamin Goller,de GER,MF,de Schalke 04,19,1999,0.6,1,0,0,1,0,0,0,0,0,0,0,0,4,2,2,50.0,Matches
229,Aleksandr Golovin,ru RUS,"FW,MF",fr Monaco,22,1996,2.5,0,0,0,6,4,0,1,4,6,0,0,0,12,1,1,50.0,Matches
230,Joe Gomez,eng ENG,DF,eng Liverpool,21,1997,5.9,1,0,0,5,7,0,3,6,1,0,0,0,37,16,8,66.7,Matches
231,Sergio Gómez,es ESP,FW,de Dortmund,17,2000,0.0,0,0,0,1,0,0,0,0,0,0,0,0,0,0,0,,Matches
232,Leon Goretzka,de GER,MF,de Bayern Munich,23,1995,3.6,0,0,0,8,7,0,2,5,7,0,0,0,23,6,2,75.0,Matches
233,Mathieu Gorgelin,fr FRA,GK,fr Lyon,27,1990,0.6,0,0,0,0,0,0,0,0,0,0,0,0,1,0,0,,Matches
234,Mario Götze,de GER,"MF,FW",de Dortmund,26,1992,4.9,0,0,0,6,5,3,4,3,6,0,0,0,18,1,9,10.0,Matches
235,Gobe Gouano,fr FRA,FW,fr Monaco,17,2000,0.3,0,0,0,0,0,0,0,0,0,0,0,0,1,1,2,33.3,Matches
236,Samuel Grandsir,fr FRA,"MF,FW",fr Monaco,21,1996,2.1,0,0,0,2,3,1,15,3,1,0,0,0,10,1,1,50.0,Matches
237,Mason Greenwood,eng ENG,MF,eng Manchester Utd,16,2001,0.0,0,0,0,1,0,0,0,1,0,0,0,0,0,0,1,0.0,Matches
238,Antoine Griezmann,fr FRA,FW,es Atlético Madrid,27,1991,8.0,2,0,0,7,5,7,27,4,7,0,0,0,20,8,16,33.3,Matches
239,Vincenzo Grifo,it ITA,DF,de Hoffenheim,25,1993,0.1,0,0,0,0,0,0,1,0,0,0,0,0,0,0,0,,Matches
240,Florian Grillitsch,at AUT,MF,de Hoffenheim,22,1995,4.6,3,0,0,9,8,1,1,11,5,0,0,0,26,2,1,66.7,Matches
241,Álex Grimaldo,es ESP,DF,pt Benfica,22,1995,6.0,1,0,0,1,4,0,13,7,17,0,0,0,36,2,7,22.2,Matches
242,Gonçalo Guedes,pt POR,MF,es Valencia,21,1996,3.5,1,0,0,3,13,1,2,2,1,0,0,0,22,2,3,40.0,Matches
243,Raphaël Guerreiro,pt POR,"FW,MF",de Dortmund,24,1993,3.2,0,0,0,1,2,1,14,7,3,0,0,0,25,2,2,50.0,Matches
244,Sinan Gümüş,,FW,tr Galatasaray,24,1994,2.5,0,0,0,6,6,2,4,0,1,0,0,0,6,1,12,7.7,Matches
245,İlkay Gündoğan,de GER,MF,eng Manchester City,27,1990,6.5,0,0,0,6,5,0,24,8,6,0,0,0,45,7,8,46.7,Matches
246,Erick Gutiérrez,mx MEX,MF,nl PSV Eindhoven,23,1995,1.1,1,0,0,1,1,1,0,1,1,0,0,0,11,0,1,0.0,Matches
247,Robin Hack,de GER,MF,de Hoffenheim,19,1998,0.1,0,0,0,0,0,0,0,0,0,0,0,0,0,0,1,0.0,Matches
248,Munir El Haddadi,ma MAR,FW,es Barcelona,22,1995,0.7,0,0,0,0,1,3,0,0,0,0,0,0,1,0,1,0.0,Matches
249,Achraf Hakimi,ma MAR,DF,de Dortmund,19,1998,4.1,0,0,0,1,8,0,9,4,7,0,0,0,23,3,1,75.0,Matches
250,Marek Hamšík,sk SVK,MF,it Napoli,31,1987,5.1,0,0,0,4,2,0,0,4,9,0,0,0,37,3,4,42.9,Matches
251,Samir Handanović,si SVN,GK,it Inter,34,1984,6.0,1,0,0,1,0,0,0,1,0,0,0,0,10,2,0,100.0,Matches
252,Amine Harit,ma MAR,"MF,FW",de Schalke 04,21,1997,1.6,0,0,0,1,6,0,1,2,1,0,0,0,14,0,5,0.0,Matches
253,Milan Havel,cz CZE,"FW,DF",cz Viktoria Plzeň,23,1994,2.5,0,0,0,4,1,0,2,6,1,0,0,0,6,1,6,14.3,Matches
254,Lukáš Hejda,cz CZE,DF,cz Viktoria Plzeň,28,1990,5.0,1,0,0,5,4,0,0,11,7,0,0,0,9,10,7,58.8,Matches
255,Jordan Henderson,eng ENG,MF,eng Liverpool,28,1990,8.9,1,0,0,9,2,1,12,13,15,0,0,0,68,12,9,57.1,Matches
256,Jorrit Hendrix,nl NED,MF,nl PSV Eindhoven,23,1995,5.8,1,0,0,12,7,0,1,13,5,0,0,0,31,9,3,75.0,Matches
257,Benjamin Henrichs,de GER,"DF,MF",fr Monaco,21,1997,3.3,0,0,0,3,6,0,7,4,3,0,0,0,26,2,2,50.0,Matches
258,Lucas Hernández,fr FRA,DF,es Atlético Madrid,22,1996,5.0,1,0,0,3,5,0,0,6,3,0,0,0,28,6,3,66.7,Matches
259,Ander Herrera,es ESP,MF,eng Manchester Utd,28,1989,1.9,2,0,0,3,2,0,3,2,2,0,0,0,13,0,0,,Matches
260,Héctor Herrera,mx MEX,MF,pt Porto,28,1990,9.2,3,0,0,14,20,0,7,7,10,0,0,0,67,17,37,31.5,Matches
261,Son Heung-min,kr KOR,FW,eng Tottenham,26,1992,10.0,3,0,0,13,7,8,8,5,8,0,0,0,40,3,7,30.0,Matches
262,Marwin Hitz,ch SUI,GK,de Dortmund,30,1987,1.0,0,0,0,0,0,0,0,0,0,0,0,0,3,0,0,,Matches
263,Guillaume Hoarau,fr FRA,FW,ch Young Boys,34,1984,4.5,0,0,0,8,2,3,1,0,5,0,0,0,8,26,24,52.0,Matches
264,Justin Hoogma,nl NED,MF,de Hoffenheim,20,1998,1.0,0,0,0,1,0,0,0,1,4,0,0,0,2,1,0,100.0,Matches
265,Tomáš Hořava,cz CZE,MF,cz Viktoria Plzeň,30,1988,2.4,0,0,0,2,4,0,1,4,1,0,0,0,14,1,3,25.0,Matches
266,Ethan Horvath,us USA,GK,be Club Brugge,23,1995,3.0,0,0,0,0,1,0,0,0,0,0,0,0,2,1,0,100.0,Matches
267,Benedikt Höwedes,de GER,DF,ru Loko Moscow,30,1988,5.0,2,0,0,4,2,0,0,7,9,0,0,0,15,15,9,62.5,Matches
268,Patrik Hrošovský,sk SVK,MF,cz Viktoria Plzeň,26,1992,6.0,1,0,0,3,5,0,11,5,9,0,0,0,37,3,3,50.0,Matches
269,Aleš Hruška,cz CZE,GK,cz Viktoria Plzeň,32,1985,4.0,0,0,0,0,0,0,0,1,0,0,0,0,1,0,0,,Matches
270,Benjamin Hübner,de GER,DF,de Hoffenheim,29,1989,1.0,0,0,0,2,2,0,0,1,0,1,0,0,9,1,0,100.0,Matches
271,Roman Hubník,cz CZE,DF,cz Viktoria Plzeň,34,1984,6.0,2,0,0,3,3,0,0,12,10,0,0,0,29,14,7,66.7,Matches
272,Niklas Hult,se SWE,DF,gr AEK Athens,28,1990,6.0,1,0,0,9,6,2,11,10,6,0,0,0,34,4,2,66.7,Matches
273,Mats Hummels,de GER,DF,de Bayern Munich,29,1988,6.0,1,0,0,7,1,1,0,11,16,0,0,0,41,19,8,70.4,Matches
274,Klaas-Jan Huntelaar,nl NED,FW,nl Ajax,34,1983,1.1,0,0,0,2,0,1,0,2,0,0,0,0,1,3,4,42.9,Matches
275,Elseid Hysaj,al ALB,DF,it Napoli,24,1994,1.7,1,0,0,2,4,0,2,1,3,0,0,0,12,1,2,33.3,Matches
276,Mauro Icardi,ar ARG,FW,it Inter,25,1993,6.0,0,0,0,4,3,4,1,2,1,0,0,0,11,16,11,59.3,Matches
277,Brian Idowu,ng NGA,DF,ru Loko Moscow,26,1992,3.0,1,0,0,4,2,0,5,8,5,0,0,0,24,6,1,85.7,Matches
278,Vladislav Ignatyev,ru RUS,DF,ru Loko Moscow,31,1987,5.8,2,0,0,11,9,1,14,17,11,0,0,0,27,6,5,54.5,Matches
279,Selçuk İnan,tr TUR,MF,tr Galatasaray,33,1985,1.2,0,0,0,1,5,0,1,0,1,0,0,0,5,2,0,100.0,Matches
280,Lorenzo Insigne,it ITA,FW,it Napoli,27,1991,5.4,0,0,0,0,5,6,10,1,1,0,0,0,22,2,1,66.7,Matches
281,Isco,es ESP,"FW,MF",es Real Madrid,26,1992,2.8,1,0,0,3,8,2,9,2,4,0,0,0,10,0,7,0.0,Matches
282,Nicolas Isimat-Mirin,fr FRA,DF,nl PSV Eindhoven,26,1991,0.3,0,0,0,1,0,0,0,0,1,0,0,0,0,0,0,,Matches
283,Ismaily,br BRA,DF,ua Shakhtar,28,1990,6.0,0,0,0,1,9,1,17,7,12,0,0,0,21,10,12,45.5,Matches
284,Jardel,br BRA,DF,pt Benfica,32,1986,4.0,3,0,0,8,2,0,0,8,4,0,0,0,20,11,7,61.1,Matches
285,Jemerson,br BRA,DF,fr Monaco,25,1992,5.0,1,0,0,5,1,0,0,6,4,0,0,0,26,6,8,42.9,Matches
286,Gabriel Jesus,br BRA,FW,eng Manchester City,21,1997,4.2,0,0,0,5,7,12,1,1,1,0,0,0,15,3,12,20.0,Matches
287,Juan Jesus,br BRA,DF,it Roma,27,1991,2.4,0,0,0,1,2,0,0,2,2,0,0,0,12,3,3,50.0,Matches
288,Joelinton,br BRA,FW,de Hoffenheim,21,1996,4.3,2,0,0,16,12,1,3,4,7,0,0,0,17,12,23,34.3,Matches
289,Jonas,br BRA,FW,pt Benfica,34,1984,1.2,1,0,0,2,2,0,1,0,0,0,0,0,4,4,6,40.0,Matches
290,Phil Jones,eng ENG,DF,eng Manchester Utd,26,1992,3.0,0,0,0,1,2,0,2,7,2,0,0,1,13,5,1,83.3,Matches
291,Frenkie de Jong,nl NED,MF,nl Ajax,21,1997,10.9,2,0,0,8,16,0,2,19,16,0,0,0,83,19,15,55.9,Matches
292,Luuk de Jong,nl NED,"FW,MF",nl PSV Eindhoven,27,1990,5.9,2,0,0,8,13,3,3,7,5,0,0,0,24,49,37,57.0,Matches
293,Jorge,br BRA,"MF,FW",pt Porto,22,1996,0.2,0,0,0,1,0,0,0,0,0,0,0,0,2,0,0,,Matches
294,Dušan Jovančić,rs SRB,MF,rs Red Star,27,1990,3.0,2,0,0,6,9,0,1,4,3,0,0,0,19,5,5,50.0,Matches
295,Dejan Joveljić,rs SRB,FW,rs Red Star,18,1999,0.6,0,0,0,4,0,0,0,0,0,0,0,0,2,3,2,60.0,Matches
296,Stevan Jovetić,me MNE,FW,fr Monaco,28,1989,0.1,0,0,0,0,0,0,0,0,0,0,0,0,1,0,0,,Matches
297,Branko Jovičić,rs SRB,MF,rs Red Star,25,1993,2.6,1,0,0,9,1,0,0,6,5,0,0,0,23,3,2,60.0,Matches
298,Juanfran,es ESP,DF,es Atlético Madrid,33,1985,5.0,1,0,0,4,5,0,7,11,10,0,0,0,18,4,7,36.4,Matches
299,Vinicius Júnior,br BRA,FW,es Real Madrid,18,2000,2.6,0,0,0,3,8,2,5,0,4,0,0,0,11,0,1,0.0,Matches
300,Ozan Kabak,tr TUR,DF,tr Galatasaray,18,2000,4.0,0,0,0,5,6,0,0,13,9,0,0,0,21,10,4,71.4,Matches
301,Pavel Kadeřábek,cz CZE,"DF,MF",de Hoffenheim,26,1992,6.0,0,0,0,5,4,3,15,4,7,0,0,0,22,9,9,50.0,Matches
302,Shinji Kagawa,jp JPN,MF,de Dortmund,29,1989,0.3,1,0,0,0,1,0,0,0,0,0,0,0,1,1,0,100.0,Matches
303,Nikola Kalinić,hr CRO,FW,es Atlético Madrid,30,1988,1.2,0,0,0,2,3,0,0,0,0,0,0,0,7,4,4,50.0,Matches
304,Harry Kane,eng ENG,FW,eng Tottenham,25,1993,8.6,1,0,0,8,22,9,4,2,6,0,0,0,20,19,27,41.3,Matches
305,Rick Karsdorp,nl NED,"MF,DF",it Roma,23,1995,0.8,1,0,0,1,1,0,1,1,2,0,0,0,9,0,0,,Matches
306,Olarenwaju Kayode,ng NGA,"FW,MF",ua Shakhtar,25,1993,0.5,0,0,0,1,0,1,0,2,1,0,0,0,3,0,0,,Matches
307,Moise Kean,it ITA,FW,it Juventus,18,2000,0.8,0,0,0,2,0,2,0,0,0,0,0,0,2,2,2,50.0,Matches
308,Thilo Kehrer,de GER,DF,fr Paris S-G,21,1996,5.4,2,0,0,6,2,0,4,5,7,0,0,0,21,13,6,68.4,Matches
309,Naby Keïta,gn GUI,MF,eng Liverpool,23,1995,2.7,1,0,0,5,5,0,0,5,8,0,0,0,18,5,5,50.0,Matches
310,Sami Khedira,de GER,MF,it Juventus,31,1987,1.2,0,0,0,2,0,0,1,0,0,0,0,0,3,2,2,50.0,Matches
311,Davit Khocholava,ge GEO,DF,ua Shakhtar,25,1993,2.5,0,0,0,2,3,0,0,4,0,0,0,0,10,3,2,60.0,Matches
312,Khetag Khosonov,ru RUS,"MF,DF",ru CSKA Moscow,20,1998,0.5,0,0,0,1,0,0,6,0,0,0,0,0,5,0,1,0.0,Matches
313,Joshua Kimmich,de GER,"DF,MF",de Bayern Munich,23,1995,7.0,3,0,0,4,15,0,45,12,6,0,0,0,42,5,10,33.3,Matches
314,Presnel Kimpembe,fr FRA,DF,fr Paris S-G,22,1995,7.2,1,0,0,7,10,1,0,12,8,0,1,0,53,6,1,85.7,Matches
315,Viktor Klonaridis,be BEL,"MF,FW",gr AEK Athens,26,1992,3.5,0,0,0,4,2,1,4,1,1,0,0,0,12,0,6,0.0,Matches
316,Justin Kluivert,nl NED,FW,it Roma,19,1999,3.5,1,0,0,5,9,1,5,2,6,0,0,0,12,3,1,75.0,Matches
317,Koke,es ESP,MF,es Atlético Madrid,26,1992,6.2,0,0,0,2,9,0,21,7,6,0,0,0,56,1,2,33.3,Matches
318,Daniel Kolář,cz CZE,"FW,MF",cz Viktoria Plzeň,32,1985,1.0,0,0,0,2,1,0,0,0,0,0,0,0,4,0,7,0.0,Matches
319,Aleksandar Kolarov,rs SRB,"DF,MF",it Roma,32,1985,7.3,0,0,0,2,16,0,42,4,1,0,0,0,37,10,4,71.4,Matches
320,Vincent Kompany,be BEL,DF,eng Manchester City,32,1986,2.3,0,0,0,2,0,0,0,3,1,0,0,0,14,2,2,50.0,Matches
321,Geoffrey Kondogbia,cf CTA,MF,es Valencia,25,1993,4.5,2,0,0,5,6,1,0,13,10,0,0,0,35,6,9,40.0,Matches
322,Yevhen Konoplyanka,ua UKR,"FW,MF",de Schalke 04,28,1989,5.1,0,0,0,4,7,0,36,1,2,0,0,0,19,2,4,33.3,Matches
323,Jan Kopic,cz CZE,"MF,FW",cz Viktoria Plzeň,28,1990,3.3,1,0,0,4,7,2,5,2,2,0,0,0,22,6,5,54.5,Matches
324,Kalidou Koulibaly,sn SEN,DF,it Napoli,27,1991,6.0,2,0,0,7,0,2,2,12,9,0,0,0,47,9,5,64.3,Matches
325,Viktor Kovalenko,ua UKR,"MF,FW",ua Shakhtar,22,1996,4.1,0,0,0,4,4,1,1,2,3,0,0,0,22,3,7,30.0,Matches
326,Jan Kovařík,cz CZE,"FW,MF",cz Viktoria Plzeň,30,1988,4.0,1,0,0,3,6,2,24,2,0,0,1,0,18,5,7,41.7,Matches
327,Matúš Kozáčik,sk SVK,GK,cz Viktoria Plzeň,34,1983,2.0,0,0,0,0,0,0,0,0,0,0,0,0,0,2,0,100.0,Matches
328,Andrej Kramarić,hr CRO,"MF,FW",de Hoffenheim,27,1991,5.3,0,0,0,2,6,2,22,2,0,0,0,0,26,1,4,20.0,Matches
329,Rasmus Kristensen,dk DEN,DF,nl Ajax,21,1997,0.1,0,0,0,1,1,0,0,0,0,0,0,0,1,1,0,100.0,Matches
330,Michal Krmenčík,cz CZE,FW,cz Viktoria Plzeň,25,1993,2.7,0,0,0,4,8,2,0,2,0,0,0,0,5,2,12,14.3,Matches
331,Toni Kroos,de GER,MF,es Real Madrid,28,1990,7.2,1,0,0,6,11,0,53,9,10,0,0,0,55,5,4,55.6,Matches
332,Nenad Krstičić,rs SRB,MF,rs Red Star,28,1990,4.8,3,0,0,3,2,0,0,16,6,0,0,0,22,1,2,33.3,Matches
333,Grzegorz Krychowiak,pl POL,"MF,DF",ru Loko Moscow,28,1990,6.0,0,0,0,9,19,0,1,7,7,0,0,0,54,16,15,51.6,Matches
334,Serhiy Kryvtsov,ua UKR,DF,ua Shakhtar,27,1991,5.0,2,0,0,2,2,0,0,13,3,0,0,0,9,2,4,33.3,Matches
335,Konstantin Kuchayev,ru RUS,MF,ru CSKA Moscow,20,1998,0.2,0,0,0,0,0,0,0,1,0,0,0,0,2,0,2,0.0,Matches
336,Ahmed Kutucu,tr TUR,FW,de Schalke 04,18,2000,0.2,0,0,0,1,0,0,0,0,0,0,0,0,2,0,1,0.0,Matches
337,Saba Kvirkvelia,ge GEO,DF,ru Loko Moscow,26,1992,4.8,1,1,0,5,1,0,0,9,9,0,0,0,17,9,9,50.0,Matches
338,Georgii Kyrnats,ru RUS,"GK,MF",ru CSKA Moscow,20,1998,0.0,0,0,0,0,0,0,0,0,0,0,0,0,0,0,0,,Matches
339,Zakaria Labyad,ma MAR,MF,nl Ajax,25,1993,0.1,0,0,0,0,0,1,0,0,0,0,0,0,0,0,0,,Matches
340,Adam Lallana,eng ENG,"MF,FW",eng Liverpool,30,1988,1.2,1,0,0,4,1,1,2,2,0,0,0,0,6,3,3,50.0,Matches
341,Vassilis Lambropoulos,gr GRE,DF,gr AEK Athens,28,1990,3.0,1,0,0,2,0,0,0,4,5,0,0,0,11,4,2,66.7,Matches
342,Érik Lamela,ar ARG,"FW,MF",eng Tottenham,26,1992,3.7,2,0,0,15,4,1,14,2,5,0,0,0,15,2,3,40.0,Matches
343,Aymeric Laporte,es ESP,DF,eng Manchester City,24,1994,9.8,1,0,0,13,6,0,4,16,9,0,1,0,43,26,14,65.0,Matches
344,Toni Lato,es ESP,DF,es Valencia,20,1997,0.6,1,0,0,1,1,0,1,2,0,0,0,0,2,0,0,,Matches
345,Sandro Lauper,ch SUI,"DF,MF",ch Young Boys,21,1996,4.5,1,0,0,10,1,0,1,11,10,0,0,0,26,2,5,28.6,Matches
346,Diogo Leite,pt POR,DF,pt Porto,19,1999,1.0,0,0,0,0,0,0,0,1,0,0,0,0,2,3,4,42.9,Matches
347,Cristian Lema,ar ARG,DF,pt Benfica,28,1990,0.5,0,0,0,0,0,0,0,0,0,0,0,0,2,3,0,100.0,Matches
348,Thomas Lemar,fr FRA,"MF,FW",es Atlético Madrid,22,1995,4.5,1,0,0,6,7,0,23,3,4,0,0,0,19,3,4,42.9,Matches
349,Clément Lenglet,fr FRA,DF,es Barcelona,23,1995,11.1,2,0,0,12,10,0,0,8,19,0,0,0,35,18,21,46.2,Matches
350,Karlo Letica,hr CRO,GK,be Club Brugge,21,1997,3.0,0,0,0,0,0,0,0,0,0,0,0,0,1,1,0,100.0,Matches
351,Robert Lewandowski,pl POL,FW,de Bayern Munich,29,1988,7.9,0,0,0,14,11,5,4,6,1,1,0,0,20,20,25,44.4,Matches
352,Matthijs de Ligt,nl NED,DF,nl Ajax,18,1999,11.0,2,0,0,10,5,2,2,15,12,0,0,0,73,45,19,70.3,Matches
353,David Limberský,cz CZE,DF,cz Viktoria Plzeň,34,1983,5.5,3,0,0,7,2,0,4,6,3,0,0,0,32,2,3,40.0,Matches
354,Victor Lindelöf,se SWE,DF,eng Manchester Utd,24,1994,7.0,1,0,0,3,1,0,0,9,3,0,0,0,30,9,6,60.0,Matches
355,Jesse Lingard,eng ENG,"FW,MF",eng Manchester Utd,25,1992,3.3,1,0,0,7,3,1,1,0,2,0,0,0,10,0,2,0.0,Matches
356,Martin Linnes,no NOR,DF,tr Galatasaray,26,1991,4.5,2,0,0,4,4,1,9,1,10,0,0,0,35,1,2,33.3,Matches
357,Marko Livaja,hr CRO,FW,gr AEK Athens,24,1993,0.7,1,1,1,6,2,0,1,0,1,0,1,0,1,1,1,50.0,Matches
358,Fernando Llorente,es ESP,FW,eng Tottenham,33,1985,2.7,0,0,0,6,2,2,0,0,0,0,0,0,8,36,21,63.2,Matches
359,Marcos Llorente,es ESP,MF,es Real Madrid,23,1995,1.6,0,0,0,1,3,0,0,1,4,0,0,0,15,2,1,66.7,Matches
360,Hugo Lloris,fr FRA,GK,eng Tottenham,31,1986,10.9,0,1,0,1,0,0,0,0,0,0,0,0,9,2,0,100.0,Matches
361,Anthony Lopes,pt POR,GK,fr Lyon,27,1990,7.4,0,0,0,0,2,0,0,0,0,0,0,0,11,1,0,100.0,Matches
362,Adrián López,es ESP,"FW,MF",pt Porto,30,1988,1.3,0,0,0,1,1,0,0,1,1,0,0,0,3,4,2,66.7,Matches
363,Dejan Lovren,hr CRO,DF,eng Liverpool,29,1989,2.0,0,0,0,1,3,0,0,1,3,0,0,0,8,1,5,16.7,Matches
364,Hirving Lozano,mx MEX,FW,nl PSV Eindhoven,23,1995,6.0,1,0,0,9,24,6,32,4,5,0,0,0,27,3,12,20.0,Matches
365,Filipe Luís,br BRA,DF,es Atlético Madrid,32,1985,4.5,2,0,0,3,5,0,18,16,10,0,0,0,27,7,3,70.0,Matches
366,José Luis Gayà,es ESP,DF,es Valencia,23,1995,5.0,3,0,0,5,4,1,17,5,6,0,0,0,18,5,7,41.7,Matches
367,Romelu Lukaku,be BEL,FW,eng Manchester Utd,25,1993,6.1,1,0,0,6,2,7,7,0,1,0,0,0,9,19,14,57.6,Matches
368,Mikhail Lysov,ru RUS,DF,ru Loko Moscow,20,1998,0.1,0,0,0,1,1,0,0,0,0,0,0,0,1,0,0,,Matches
369,Lisandro Magallán,ar ARG,DF,nl Ajax,24,1993,0.1,0,0,0,0,0,0,0,0,1,0,0,0,0,0,2,0.0,Matches
370,Hörður Magnússon,is ISL,DF,ru CSKA Moscow,25,1993,2.6,1,1,1,2,0,0,2,2,1,0,0,0,16,14,5,73.7,Matches
371,Riyad Mahrez,dz ALG,FW,eng Manchester City,27,1991,4.3,1,0,0,6,3,0,26,1,5,0,0,0,20,2,4,33.3,Matches
372,Maicon,br BRA,DF,tr Galatasaray,29,1988,3.2,1,0,0,3,6,0,1,6,6,0,0,0,25,11,9,55.0,Matches
373,Nikola Maksimović,rs SRB,DF,it Napoli,26,1991,4.8,1,0,0,8,7,0,1,5,2,0,0,0,27,17,18,48.6,Matches
374,Malcom,br BRA,"FW,MF",es Barcelona,21,1997,0.5,0,0,0,0,2,0,1,0,0,0,0,0,5,0,2,0.0,Matches
375,Donyell Malen,nl NED,"FW,MF",nl PSV Eindhoven,19,1999,2.0,0,0,0,4,6,1,4,0,1,0,0,0,7,1,6,14.3,Matches
376,Mario Mandžukić,hr CRO,FW,it Juventus,32,1986,6.4,0,0,0,7,7,3,3,4,5,0,0,0,19,32,19,62.7,Matches
377,Sadio Mané,sn SEN,FW,eng Liverpool,26,1992,12.8,2,0,0,22,25,14,16,5,14,2,0,0,43,18,33,35.3,Matches
378,Kostas Manolas,gr GRE,DF,it Roma,27,1991,7.3,0,0,0,4,3,0,0,10,8,0,0,0,44,17,17,50.0,Matches
379,Petros Mantalos,gr GRE,"FW,MF",gr AEK Athens,26,1991,4.8,1,0,0,6,8,1,19,4,4,0,0,0,21,1,4,20.0,Matches
380,Fernando Marçal,br BRA,DF,fr Lyon,29,1989,3.0,2,0,0,4,4,0,1,8,1,0,0,0,16,1,3,25.0,Matches
381,Iván Marcano,es ESP,DF,it Roma,31,1987,1.8,0,0,0,2,1,0,0,3,0,0,0,0,8,5,6,45.5,Matches
382,Marcelo,br BRA,DF,es Real Madrid,30,1988,3.8,0,0,0,1,3,2,17,2,4,0,0,0,21,1,6,14.3,Matches
383,Marcelo,br BRA,DF,fr Lyon,31,1987,8.0,0,0,0,6,0,0,0,18,4,0,0,0,40,19,1,95.0,Matches
384,Moussa Marega,ml MLI,FW,pt Porto,27,1991,9.3,1,0,0,17,11,13,9,2,6,1,0,0,29,14,25,35.9,Matches
385,José María Giménez,uy URU,DF,es Atlético Madrid,23,1995,4.0,3,0,0,7,4,0,0,7,3,0,0,0,15,10,4,71.4,Matches
386,Mariano,do DOM,FW,es Real Madrid,24,1993,0.9,0,0,0,4,2,2,0,0,0,0,0,0,3,4,4,50.0,Matches
387,Mariano,br BRA,DF,tr Galatasaray,32,1986,2.0,0,0,0,2,1,0,9,2,1,0,1,0,8,0,2,0.0,Matches
388,Marko Marin,de GER,"MF,FW",rs Red Star,29,1989,4.6,1,0,0,4,8,2,16,4,4,0,0,0,28,0,1,0.0,Matches
389,Guilherme Marinato,ru RUS,GK,ru Loko Moscow,32,1985,6.0,1,0,0,1,0,0,0,0,0,0,1,0,5,5,0,100.0,Matches
390,Marlos,ua UKR,FW,ua Shakhtar,30,1988,2.9,0,0,0,3,3,0,1,2,1,0,0,0,12,0,1,0.0,Matches
391,Marquinhos,br BRA,"MF,DF",fr Paris S-G,24,1994,7.0,2,0,0,8,2,1,1,11,6,0,0,0,43,6,7,46.2,Matches
392,Anthony Martial,fr FRA,"FW,MF",eng Manchester Utd,22,1995,5.6,1,0,0,7,10,3,11,1,3,0,0,0,23,2,6,25.0,Matches
393,Javi Martínez,es ESP,MF,de Bayern Munich,29,1988,5.8,1,0,0,11,14,1,1,20,9,0,0,0,45,21,9,70.0,Matches
394,Lautaro Martínez,ar ARG,MF,it Inter,20,1997,0.6,1,0,0,4,2,0,1,0,0,0,0,0,4,1,3,25.0,Matches
395,Gelson Martins,pt POR,FW,es Atlético Madrid,23,1995,1.0,0,0,0,0,2,0,1,0,0,0,0,0,5,0,3,0.0,Matches
396,Omar Mascarell,gq EQG,MF,de Schalke 04,25,1993,2.5,2,0,0,4,2,0,0,2,3,0,0,0,20,9,5,64.3,Matches
397,Han-Noah Massengo,fr FRA,MF,fr Monaco,17,2001,2.0,0,0,0,0,3,0,2,5,3,0,0,0,12,1,0,100.0,Matches
398,Clinton Mata,ao ANG,DF,be Club Brugge,25,1992,2.3,0,0,0,1,3,0,4,3,12,0,0,0,21,0,3,0.0,Matches
399,Juan Mata,es ESP,"MF,FW",eng Manchester Utd,30,1988,3.1,0,0,0,2,2,1,10,0,2,0,0,0,11,0,0,,Matches
400,Nemanja Matić,rs SRB,MF,eng Manchester Utd,29,1988,6.0,2,0,0,7,6,2,2,7,7,0,0,0,47,13,8,61.9,Matches
401,Joël Matip,cm CMR,DF,eng Liverpool,26,1991,8.0,2,0,0,8,5,0,0,14,8,0,0,1,51,25,8,75.8,Matches
402,Blaise Matuidi,fr FRA,MF,it Juventus,31,1987,7.6,2,0,0,12,4,1,8,11,10,0,0,0,26,10,8,55.6,Matches
403,Mykola Matviyenko,ua UKR,DF,ua Shakhtar,22,1996,5.0,1,0,0,4,4,1,3,13,5,0,1,0,28,6,8,42.9,Matches
404,Eric Maxim Choupo-Moting,cm CMR,"MF,FW",fr Paris S-G,29,1989,0.6,0,0,0,1,0,2,0,0,1,0,0,0,5,4,1,80.0,Matches
405,Maycon,br BRA,MF,ua Shakhtar,21,1997,5.0,0,0,0,2,1,0,5,9,2,0,0,0,21,0,3,0.0,Matches
406,Noussair Mazraoui,ma MAR,DF,nl Ajax,20,1997,9.2,3,0,0,15,8,1,8,21,24,0,0,0,55,10,10,50.0,Matches
407,Kevin Mbabu,ch SUI,DF,ch Young Boys,23,1995,5.0,2,0,0,8,7,0,25,3,12,0,1,0,29,12,4,75.0,Matches
408,Kylian Mbappé,fr FRA,FW,fr Paris S-G,19,1998,7.8,1,0,0,2,12,6,7,1,0,0,0,0,15,0,7,0.0,Matches
409,Jordi Mboula,es ESP,MF,fr Monaco,19,1999,0.4,0,0,0,0,1,0,3,1,0,0,0,0,0,0,2,0.0,Matches
410,Weston McKennie,us USA,"MF,DF",de Schalke 04,19,1998,4.1,1,0,0,7,3,1,2,13,4,0,0,0,25,24,22,52.2,Matches
411,Scott McTominay,sct SCO,MF,eng Manchester Utd,21,1996,3.0,0,0,0,10,3,0,1,3,6,0,0,0,14,4,2,66.7,Matches
412,Brandon Mechele,be BEL,DF,be Club Brugge,25,1993,5.0,0,0,0,1,0,0,0,6,2,0,0,0,18,11,6,64.7,Matches
413,Arthur Melo,br BRA,MF,es Barcelona,21,1996,6.2,1,0,0,4,20,0,1,2,11,0,0,0,37,1,4,20.0,Matches
414,Memphis,nl NED,FW,fr Lyon,24,1994,6.8,0,0,0,3,8,3,32,1,0,0,0,0,17,2,15,11.8,Matches
415,Benjamin Mendy,fr FRA,DF,eng Manchester City,24,1994,1.9,0,0,0,4,1,0,7,1,5,0,0,0,8,1,1,50.0,Matches
416,Ferland Mendy,fr FRA,"DF,MF",fr Lyon,23,1995,7.8,1,0,0,8,9,0,16,9,5,0,0,0,35,10,5,66.7,Matches
417,Hamza Mendyl,ma MAR,"DF,MF",de Schalke 04,20,1997,4.1,0,0,0,3,3,0,11,9,4,0,0,0,16,1,2,33.3,Matches
418,Dries Mertens,be BEL,FW,it Napoli,31,1987,4.2,1,0,0,8,4,2,18,0,0,0,0,0,11,1,4,20.0,Matches
419,Lionel Messi,ar ARG,FW,es Barcelona,31,1987,9.3,0,0,0,8,20,1,13,3,10,0,0,0,24,1,3,25.0,Matches
420,Thomas Meunier,be BEL,DF,fr Paris S-G,26,1991,4.0,1,0,0,5,1,0,17,4,2,0,0,0,26,5,2,71.4,Matches
421,Arkadiusz Milik,pl POL,FW,it Napoli,24,1994,2.1,1,0,0,2,1,1,0,1,1,0,0,0,5,3,7,30.0,Matches
422,Éder Militão,br BRA,DF,pt Porto,20,1998,9.1,2,0,0,15,12,0,8,17,14,0,1,0,52,28,16,63.6,Matches
423,James Milner,eng ENG,"MF,DF",eng Liverpool,32,1986,10.0,1,0,0,17,9,1,50,9,14,0,0,0,71,15,21,41.7,Matches
424,Santi Mina,es ESP,"FW,MF",es Valencia,22,1995,2.5,1,0,0,4,10,1,3,0,1,0,0,0,6,5,5,50.0,Matches
425,Aleksei Miranchuk,ru RUS,"MF,FW",ru Loko Moscow,22,1995,5.7,0,0,0,8,8,3,21,11,6,1,0,0,46,5,10,33.3,Matches
426,Anton Miranchuk,ru RUS,"FW,MF",ru Loko Moscow,22,1995,4.3,0,0,0,6,8,1,8,2,4,0,0,0,32,4,5,44.4,Matches
427,Miranda,br BRA,DF,it Inter,33,1984,2.1,0,0,0,5,2,0,0,3,2,0,0,0,12,6,1,85.7,Matches
428,Juan Miranda,es ESP,DF,es Barcelona,18,2000,1.0,0,0,0,1,3,1,0,4,1,0,0,0,5,0,1,0.0,Matches
429,Antonio Mirante,it ITA,GK,it Roma,35,1983,2.0,0,0,0,0,0,0,0,0,0,0,0,0,6,0,0,,Matches
430,Matej Mitrović,hr CRO,DF,be Club Brugge,24,1993,1.0,0,0,0,0,0,0,1,6,1,0,0,0,3,3,1,75.0,Matches
431,Luka Modrić,hr CRO,MF,es Real Madrid,32,1985,5.2,1,0,0,3,5,1,1,7,4,0,0,0,31,2,6,25.0,Matches
432,Javi Montero,es ESP,DF,es Atlético Madrid,19,1999,1.5,1,0,0,1,2,0,0,0,0,0,0,0,7,1,2,33.3,Matches
433,Júnior Moraes,ua UKR,FW,ua Shakhtar,31,1987,5.6,1,0,0,15,15,0,1,2,1,0,0,0,11,6,16,27.3,Matches
434,Wesley Moraes,br BRA,FW,be Club Brugge,21,1996,5.8,1,0,0,10,7,6,2,0,1,0,0,0,20,15,20,42.9,Matches
435,Erik Morán,es ESP,MF,gr AEK Athens,27,1991,1.1,0,0,0,1,0,0,5,1,1,0,0,0,4,0,2,0.0,Matches
436,Álvaro Morata,es ESP,FW,es Atlético Madrid,25,1992,1.4,0,0,0,6,3,2,0,1,1,0,0,0,3,15,10,60.0,Matches
437,Jérémy Morel,mg MAD,DF,fr Lyon,34,1984,1.0,1,0,0,1,1,0,0,0,1,0,0,0,5,3,4,42.9,Matches
438,Alberto Moreno,es ESP,DF,eng Liverpool,26,1992,0.1,0,0,0,0,0,1,0,0,0,0,0,0,3,0,0,,Matches
439,Ubong Moses Ekpai,ng NGA,"FW,MF",cz Viktoria Plzeň,22,1995,0.4,0,0,0,0,1,0,1,0,0,0,0,0,2,3,0,100.0,Matches
440,Lucas Moura,br BRA,FW,eng Tottenham,25,1992,8.0,0,0,0,8,13,3,5,7,7,0,0,0,35,18,16,52.9,Matches
441,Thomas Müller,de GER,"MF,FW",de Bayern Munich,28,1989,3.9,0,1,0,3,5,3,9,5,6,0,0,0,15,11,8,57.9,Matches
442,Jeison Murillo,co COL,DF,es Valencia,26,1992,1.0,1,0,0,1,1,0,0,3,0,0,1,0,5,4,0,100.0,Matches
443,Fernando Muslera,uy URU,GK,tr Galatasaray,32,1986,6.0,0,0,0,0,0,0,0,0,0,0,0,0,6,1,0,100.0,Matches
444,Kévin N'Doram,fr FRA,MF,fr Monaco,22,1996,1.0,0,0,0,1,1,0,0,2,1,0,0,0,8,0,1,0.0,Matches
445,Kirill Nababkin,ru RUS,DF,ru CSKA Moscow,31,1986,6.0,1,0,0,7,5,1,2,7,8,0,0,0,31,8,3,72.7,Matches
446,Ben Nabouhane,km COM,FW,rs Red Star,29,1989,5.7,0,0,0,7,8,4,4,8,2,0,1,0,32,0,5,0.0,Matches
447,Nacho,es ESP,DF,es Real Madrid,28,1990,5.0,2,1,1,3,5,2,1,12,8,0,0,0,21,10,6,62.5,Matches
448,Yuto Nagatomo,jp JPN,DF,tr Galatasaray,31,1986,4.9,1,0,0,3,4,1,13,5,3,0,0,0,18,4,7,36.4,Matches
449,Radja Nainggolan,be BEL,MF,it Inter,30,1988,3.1,0,0,0,0,10,1,5,1,0,0,0,0,15,1,1,50.0,Matches
450,Marvelous Nakamba,zw ZIM,MF,be Club Brugge,24,1994,4.4,1,0,0,6,4,0,1,15,8,0,0,0,32,4,4,50.0,Matches
451,Naldo,br BRA,DF,de Schalke 04,35,1982,4.0,0,0,0,5,3,1,0,5,2,0,2,0,18,19,8,70.4,Matches
452,Matija Nastasić,rs SRB,DF,de Schalke 04,25,1993,6.0,0,0,0,3,1,0,0,12,16,0,0,0,22,7,4,63.6,Matches
453,Keylor Navas,cr CRC,GK,es Real Madrid,31,1986,3.0,0,0,0,0,0,0,0,0,0,0,0,0,8,1,0,100.0,Matches
454,Badou Ndiaye,sn SEN,MF,tr Galatasaray,27,1990,4.7,1,1,1,9,5,0,1,2,10,0,0,0,37,7,4,63.6,Matches
455,Tanguy Ndombele,fr FRA,MF,fr Lyon,21,1996,7.1,0,0,0,4,20,0,2,12,11,0,0,0,53,3,0,100.0,Matches
456,Reiss Nelson,eng ENG,"FW,MF",de Hoffenheim,18,1999,1.3,0,0,0,1,1,0,3,1,1,0,0,0,4,0,0,,Matches
457,Wellington Nem,br BRA,FW,ua Shakhtar,26,1992,0.9,0,0,0,0,3,0,1,1,2,0,0,0,6,0,0,,Matches
458,David Neres,br BRA,FW,nl Ajax,21,1997,9.4,0,0,0,11,15,7,9,3,7,0,0,0,50,2,7,22.2,Matches
459,Neto,br BRA,GK,es Valencia,29,1989,5.0,0,0,0,0,0,0,0,0,0,0,0,0,4,0,0,,Matches
460,Manuel Neuer,de GER,GK,de Bayern Munich,32,1986,8.0,0,0,0,0,1,0,0,0,0,0,0,0,12,1,0,100.0,Matches
461,Neymar,br BRA,"MF,FW",fr Paris S-G,26,1992,5.9,2,0,0,4,34,3,21,2,3,0,0,0,24,1,5,16.7,Matches
462,Moumi Ngamaleu,cm CMR,"FW,MF",ch Young Boys,24,1994,2.2,1,0,0,9,5,1,4,3,1,1,0,0,6,4,4,50.0,Matches
463,Cyril Ngonge,be BEL,DF,be Club Brugge,18,2000,0.8,0,0,0,0,1,0,1,0,2,0,0,0,4,0,0,,Matches
464,Saúl Ñíguez,es ESP,"MF,DF",es Atlético Madrid,23,1994,7.0,1,0,0,11,5,0,11,12,6,0,0,0,46,18,13,58.1,Matches
465,Takuma Nishimura,jp JPN,FW,ru CSKA Moscow,21,1996,0.0,0,0,0,0,0,0,0,0,0,0,0,0,0,0,0,,Matches
466,Håvard Nordtveit,no NOR,"DF,MF",de Hoffenheim,28,1990,2.1,0,0,0,4,0,0,0,2,0,0,0,0,12,5,1,83.3,Matches
467,Jean-Pierre Nsame,cm CMR,FW,ch Young Boys,25,1993,1.6,0,0,0,2,0,1,1,0,1,0,0,0,7,10,17,37.0,Matches
468,Alexander Nübel,de GER,GK,de Schalke 04,21,1996,2.0,0,0,0,0,0,0,0,0,0,0,0,0,1,1,0,100.0,Matches
469,Kasim Nuhu,gh GHA,DF,de Hoffenheim,23,1995,1.6,1,1,1,2,0,0,0,3,1,0,0,0,8,2,3,40.0,Matches
470,Steven Nzonzi,fr FRA,MF,it Roma,29,1988,6.8,0,0,0,11,5,0,2,5,8,0,0,0,51,13,15,46.4,Matches
471,Jan Oblak,si SVN,GK,es Atlético Madrid,25,1993,8.0,0,0,0,0,2,0,0,0,0,0,0,0,9,0,0,,Matches
472,Ivan Oblyakov,ru RUS,"MF,FW",ru CSKA Moscow,20,1998,5.4,2,0,0,7,7,1,13,7,8,0,0,0,21,3,6,33.3,Matches
473,Bastian Oczipka,de GER,DF,de Schalke 04,29,1989,2.0,0,0,0,0,1,0,8,1,2,0,0,0,3,0,0,,Matches
474,Álvaro Odriozola,es ESP,DF,es Real Madrid,22,1995,2.5,0,0,0,3,2,0,17,1,5,0,0,0,9,1,3,25.0,Matches
475,Marios Oikonomou,gr GRE,DF,gr AEK Athens,25,1992,3.7,1,0,0,2,2,0,0,12,2,0,0,0,12,4,5,44.4,Matches
476,Sérgio Oliveira,pt POR,MF,pt Porto,26,1992,1.1,0,0,0,0,3,0,2,1,1,0,0,0,9,1,3,25.0,Matches
477,Robin Olsen,se SWE,GK,it Roma,28,1990,6.3,0,0,0,0,1,0,0,0,0,0,0,0,5,0,0,,Matches
478,André Onana,cm CMR,GK,nl Ajax,22,1996,12.0,2,0,0,0,1,0,0,0,0,0,0,0,15,4,2,66.7,Matches
479,Henry Onyekuru,ng NGA,"FW,MF",tr Galatasaray,21,1997,3.6,0,0,0,5,5,4,5,2,4,0,0,0,14,4,7,36.4,Matches
480,Loïs Openda,be BEL,"FW,MF",be Club Brugge,18,2000,1.2,1,0,0,2,3,0,2,1,0,0,0,0,3,1,0,100.0,Matches
481,Divock Origi,be BEL,FW,eng Liverpool,23,1995,2.5,0,0,0,5,4,1,4,1,0,0,0,0,7,6,10,37.5,Matches
482,David Ospina,co COL,GK,it Napoli,29,1988,6.0,1,0,0,0,3,0,0,0,1,0,0,0,8,0,0,,Matches
483,Nicolás Otamendi,ar ARG,DF,eng Manchester City,30,1988,4.4,3,1,1,8,3,1,0,6,4,0,1,0,16,21,9,70.0,Matches
484,Otávio,pt POR,"MF,FW",pt Porto,23,1995,5.7,2,0,0,15,14,1,8,5,13,0,0,0,42,6,13,31.6,Matches
485,Adam Ounas,dz ALG,"MF,FW",it Napoli,21,1996,0.3,0,0,0,1,2,0,3,0,0,0,0,0,2,1,0,100.0,Matches
486,Leandro Paredes,ar ARG,MF,fr Paris S-G,24,1994,0.4,1,0,0,1,3,0,0,0,1,0,0,0,2,0,1,0.0,Matches
487,Daniel Parejo,es ESP,MF,es Valencia,29,1989,5.0,2,0,0,8,9,1,17,2,4,0,2,0,31,0,2,0.0,Matches
488,Thomas Partey,gh GHA,MF,es Atlético Madrid,25,1993,4.6,3,0,0,6,0,0,4,11,6,0,0,0,29,6,5,54.5,Matches
489,Javier Pastore,ar ARG,MF,it Roma,29,1989,0.6,0,0,0,1,0,0,3,0,0,0,0,0,3,0,0,,Matches
490,Alan Patrick,br BRA,MF,ua Shakhtar,27,1991,2.3,1,0,0,4,6,0,1,1,1,0,0,0,8,0,0,,Matches
491,Gabriel Paulista,br BRA,DF,es Valencia,27,1990,5.0,1,0,0,4,4,0,0,9,7,1,0,0,31,10,14,41.7,Matches
492,Milan Pavkov,rs SRB,FW,rs Red Star,24,1994,2.4,2,0,0,5,7,0,1,3,2,0,0,0,6,12,23,34.3,Matches
493,Lorenzo Pellegrini,it ITA,MF,it Roma,22,1996,4.3,1,0,0,9,6,1,23,5,4,0,0,0,22,6,13,31.6,Matches
494,Luca Pellegrini,it ITA,DF,it Roma,19,1999,0.3,1,1,1,4,0,0,1,0,3,0,0,0,1,0,2,0.0,Matches
495,Pepe,pt POR,DF,pt Porto,35,1983,3.3,2,0,0,3,4,1,0,3,5,0,0,0,31,10,10,50.0,Matches
496,André Pereira,pt POR,"FW,MF",pt Porto,23,1995,0.7,0,0,0,3,3,0,0,1,1,0,0,0,2,3,3,50.0,Matches
497,Andreas Pereira,br BRA,"MF,FW",eng Manchester Utd,22,1996,2.1,0,0,0,9,4,0,7,1,1,0,0,0,13,2,1,66.7,Matches
498,Danilo Pereira,pt POR,MF,pt Porto,26,1991,10.3,2,0,0,16,17,0,0,14,8,0,0,0,101,25,17,59.5,Matches
499,Maxi Pereira,uy URU,DF,pt Porto,34,1984,7.0,0,0,0,9,3,0,6,8,12,0,1,0,38,3,6,33.3,Matches
500,Gastón Pereiro,uy URU,MF,nl PSV Eindhoven,23,1995,4.3,0,0,0,5,2,0,15,1,3,0,0,0,11,1,2,33.3,Matches
501,Luan Peres Petroni,br BRA,DF,be Club Brugge,24,1994,0.2,0,0,0,1,0,0,0,0,1,0,0,0,1,0,0,,Matches
502,Ivan Perišić,hr CRO,FW,it Inter,29,1989,5.5,2,0,0,8,5,0,24,11,6,0,0,0,20,12,18,40.0,Matches
503,Luděk Pernica,cz CZE,DF,cz Viktoria Plzeň,28,1990,1.0,0,0,0,1,0,0,0,2,0,0,0,0,2,1,0,100.0,Matches
504,Diego Perotti,ar ARG,"FW,MF",it Roma,30,1988,1.7,0,0,0,1,4,0,13,3,3,1,0,0,8,1,2,33.3,Matches
505,Milan Petržela,cz CZE,FW,cz Viktoria Plzeň,35,1983,2.5,0,0,0,4,6,2,2,1,3,0,1,0,14,0,4,0.0,Matches
506,Maximilian Philipp,de GER,FW,de Dortmund,24,1994,0.9,0,0,0,1,1,1,1,2,2,0,0,0,6,0,1,0.0,Matches
507,Cristiano Piccini,it ITA,DF,es Valencia,25,1992,3.0,1,0,0,1,4,0,10,4,7,0,0,0,19,4,2,66.7,Matches
508,Gerard Piqué,es ESP,DF,es Barcelona,31,1987,11.0,1,0,0,5,3,0,0,12,8,0,0,0,52,21,15,58.3,Matches
509,Łukasz Piszczek,pl POL,DF,de Dortmund,33,1985,5.0,0,0,0,3,2,0,5,10,8,0,0,0,25,6,6,50.0,Matches
510,Pizzi,pt POR,MF,pt Benfica,28,1989,3.5,0,0,0,3,4,0,28,2,2,0,0,0,22,2,2,50.0,Matches
511,Miralem Pjanić,ba BIH,MF,it Juventus,28,1990,9.0,1,0,0,13,8,1,44,16,10,0,0,0,73,2,11,15.4,Matches
512,Paul Pogba,fr FRA,MF,eng Manchester Utd,25,1993,8.1,1,1,1,13,24,1,7,6,2,0,0,0,45,12,1,92.3,Matches
513,Matteo Politano,it ITA,FW,it Inter,24,1993,5.0,1,0,0,4,13,3,50,3,4,0,0,0,18,1,7,12.5,Matches
514,Ilya Pomazun,ru RUS,GK,ru CSKA Moscow,21,1996,1.0,0,0,0,0,0,0,0,0,0,0,0,0,0,1,0,100.0,Matches
515,Ezequiel Ponce,ar ARG,FW,gr AEK Athens,21,1997,5.4,1,0,0,11,12,2,0,2,5,0,0,0,11,17,25,40.5,Matches
516,Stefan Posch,at AUT,DF,de Hoffenheim,21,1997,2.0,0,0,0,1,1,0,0,1,4,0,0,0,8,1,7,12.5,Matches
517,Benoît Poulain,fr FRA,DF,be Club Brugge,31,1987,6.0,0,0,0,2,4,0,1,15,4,0,0,0,34,14,4,77.8,Matches
518,Roman Procházka,sk SVK,MF,cz Viktoria Plzeň,29,1989,4.7,0,0,0,10,3,0,3,6,1,0,0,0,20,8,11,42.1,Matches
519,Christian Pulisic,us USA,FW,de Dortmund,19,1998,5.0,0,0,0,3,8,3,16,3,5,0,0,0,26,3,11,21.4,Matches
520,Andriy Pyatov,ua UKR,GK,ua Shakhtar,34,1984,6.0,1,0,0,0,3,0,0,0,0,0,0,0,8,3,1,75.0,Matches
521,Adrien Rabiot,fr FRA,MF,fr Paris S-G,23,1995,3.2,0,0,0,2,5,0,2,3,4,0,0,0,25,14,1,93.3,Matches
522,Rafael,br BRA,"DF,MF",fr Lyon,28,1990,2.6,0,0,0,3,3,1,5,11,3,0,0,0,11,6,1,85.7,Matches
523,Rafinha,br BRA,DF,de Bayern Munich,32,1985,4.1,1,0,0,6,1,0,2,5,10,0,0,0,30,1,4,20.0,Matches
524,Rafinha,br BRA,FW,es Barcelona,25,1993,0.9,0,0,0,2,3,0,3,0,2,0,0,0,5,1,1,50.0,Matches
525,Andrea Raggi,it ITA,DF,fr Monaco,34,1984,4.0,1,0,0,0,5,0,5,5,1,0,0,0,18,1,2,33.3,Matches
526,Baba Rahman,gh GHA,DF,de Schalke 04,24,1994,0.8,0,0,0,1,1,0,2,0,3,0,0,0,2,2,1,66.7,Matches
527,Ivan Rakitić,hr CRO,MF,es Barcelona,30,1988,11.3,2,0,0,7,12,0,4,19,4,0,0,0,65,6,7,46.2,Matches
528,Yaroslav Rakitskiy,ua UKR,DF,ua Shakhtar,28,1989,4.0,1,0,0,1,3,0,25,6,1,0,0,0,13,5,6,45.5,Matches
529,Sergio Ramos,es ESP,DF,es Real Madrid,32,1986,4.6,3,0,0,6,3,0,0,13,8,0,0,0,42,11,7,61.1,Matches
530,Marcus Rashford,eng ENG,FW,eng Manchester Utd,20,1997,8.0,1,0,0,14,9,7,25,2,6,0,0,0,26,7,7,50.0,Matches
531,Sergio Reguilón,es ESP,DF,es Real Madrid,21,1996,4.0,1,0,0,5,3,0,13,10,6,0,0,0,21,6,6,50.0,Matches
532,Marco Reus,de GER,"MF,FW",de Dortmund,29,1989,5.8,1,0,0,6,9,3,8,11,8,1,0,0,27,5,9,35.7,Matches
533,Kaveh Rezaei,ir IRN,FW,be Club Brugge,26,1992,1.1,0,0,0,3,2,2,1,0,0,0,0,0,1,2,4,33.3,Matches
534,Jakub Řezníček,cz CZE,FW,cz Viktoria Plzeň,30,1988,0.7,1,0,0,5,2,1,0,0,1,0,0,0,2,6,5,54.5,Matches
535,Radim Řezník,cz CZE,DF,cz Viktoria Plzeň,29,1989,5.0,0,0,0,3,3,2,7,2,5,1,0,0,24,2,7,22.2,Matches
536,Franck Ribéry,fr FRA,"MF,FW",de Bayern Munich,35,1983,4.8,1,0,0,6,4,5,5,7,4,0,0,0,26,0,1,0.0,Matches
537,Mats Rits,be BEL,MF,be Club Brugge,25,1993,3.0,1,0,0,3,2,0,3,5,3,0,0,0,14,1,3,25.0,Matches
538,Arjen Robben,nl NED,"FW,MF",de Bayern Munich,34,1984,3.5,1,0,0,2,3,1,6,2,0,0,0,0,14,0,1,0.0,Matches
539,Sergi Roberto,es ESP,"DF,MF",es Barcelona,26,1992,7.8,1,0,0,6,9,0,7,12,9,0,0,0,48,10,6,62.5,Matches
540,Andrew Robertson,sct SCO,DF,eng Liverpool,24,1994,11.2,3,0,0,11,1,0,26,7,14,0,0,0,69,5,6,45.5,Matches
541,Milan Rodić,rs SRB,DF,rs Red Star,27,1991,5.0,0,0,0,4,1,1,8,6,4,0,0,0,17,12,9,57.1,Matches
542,Rodri,es ESP,MF,es Atlético Madrid,22,1996,6.7,0,0,0,7,2,0,2,12,7,0,0,0,66,14,8,63.6,Matches
543,Rodrigo,es ESP,FW,es Valencia,27,1991,4.8,1,0,0,8,9,4,5,1,0,0,0,0,1,6,8,42.9,Matches
544,Garry Rodrigues,cv CPV,"FW,MF",tr Galatasaray,27,1990,5.7,0,0,0,6,12,5,13,0,4,2,0,0,11,2,2,50.0,Matches
545,James Rodríguez,co COL,MF,de Bayern Munich,27,1991,3.7,1,0,0,4,10,0,19,5,4,0,0,0,25,1,6,14.3,Matches
546,Marko Rog,hr CRO,"FW,MF",it Napoli,23,1995,0.1,0,0,0,2,0,0,0,0,0,0,0,0,1,0,0,,Matches
547,Marcos Rojo,ar ARG,DF,eng Manchester Utd,28,1990,0.5,0,0,0,0,1,0,1,0,1,0,0,0,4,1,0,100.0,Matches
548,Maximiliano Romero,ar ARG,FW,nl PSV Eindhoven,19,1999,0.1,0,0,0,0,0,1,0,0,0,0,0,0,0,0,0,,Matches
549,Sergio Romero,ar ARG,GK,eng Manchester Utd,31,1987,1.0,0,0,0,0,0,0,0,0,0,0,0,0,1,0,0,,Matches
550,Cristiano Ronaldo,pt POR,FW,it Juventus,33,1985,8.3,1,1,0,7,20,2,19,3,3,0,0,0,20,16,16,50.0,Matches
551,Pablo Rosario,nl NED,MF,nl PSV Eindhoven,21,1997,5.9,1,0,0,9,4,0,0,9,8,0,0,0,24,8,8,50.0,Matches
552,Danny Rose,eng ENG,DF,eng Tottenham,28,1990,5.9,3,0,0,9,11,0,20,7,6,0,1,0,42,10,4,71.4,Matches
553,Boris Rotenberg,fi FIN,FW,ru Loko Moscow,32,1986,0.0,0,0,0,0,0,0,0,0,0,0,0,0,0,0,0,,Matches
554,Sebastian Rudy,de GER,MF,de Schalke 04,28,1990,2.7,2,0,0,5,3,0,13,5,4,0,0,0,22,2,4,33.3,Matches
555,Daniele Rugani,it ITA,DF,it Juventus,24,1994,3.0,1,0,0,4,4,0,0,6,1,0,1,0,21,7,3,70.0,Matches
556,Mário Rui,pt POR,DF,it Napoli,27,1991,5.8,2,0,0,7,12,1,33,7,7,0,0,1,28,3,5,37.5,Matches
557,Fabián Ruiz Peña,es ESP,MF,it Napoli,22,1996,5.2,1,0,0,4,4,0,7,7,9,0,0,0,30,5,4,55.6,Matches
558,Maciej Rybus,pl POL,DF,ru Loko Moscow,28,1989,2.0,0,0,0,1,2,0,3,6,5,0,0,0,16,4,2,66.7,Matches
559,Michal Sadílek,cz CZE,MF,nl PSV Eindhoven,19,1999,0.3,1,0,0,0,1,0,1,1,0,0,0,0,1,2,0,100.0,Matches
560,Trent Sainsbury,au AUS,DF,nl PSV Eindhoven,26,1992,1.1,0,0,0,1,0,0,0,0,0,0,0,0,4,5,5,50.0,Matches
561,Mohamed Salah,eg EGY,FW,eng Liverpool,26,1992,11.7,1,0,0,18,17,6,21,4,3,0,0,0,48,5,18,21.7,Matches
562,Eduardo Salvio,ar ARG,"FW,MF",pt Benfica,28,1990,2.7,1,0,0,5,2,0,3,7,5,0,0,0,17,0,11,0.0,Matches
563,Renato Sanches,pt POR,MF,de Bayern Munich,20,1997,1.4,1,0,0,2,1,0,0,1,0,0,0,0,8,1,2,33.3,Matches
564,Alexis Sánchez,cl CHI,FW,eng Manchester Utd,29,1988,2.3,0,0,0,2,4,1,13,1,3,0,0,0,11,2,4,33.3,Matches
565,Davinson Sánchez,co COL,DF,eng Tottenham,22,1996,7.0,1,0,0,4,1,0,1,11,7,0,0,0,50,20,5,80.0,Matches
566,Javi Sánchez,es ESP,DF,es Real Madrid,21,1997,1.4,0,0,0,1,0,0,0,0,1,0,0,0,10,4,3,57.1,Matches
567,Jadon Sancho,eng ENG,"FW,MF",de Dortmund,18,2000,4.8,1,0,0,1,5,1,7,1,3,0,0,0,27,0,4,0.0,Matches
568,Alex Sandro,br BRA,DF,it Juventus,27,1991,8.3,3,0,0,16,17,0,31,11,8,0,1,0,49,18,9,66.7,Matches
569,Leroy Sané,de GER,"FW,DF",eng Manchester City,22,1996,4.4,0,0,0,1,6,1,13,2,5,0,0,0,27,1,2,33.3,Matches
570,Salif Sané,sn SEN,DF,de Schalke 04,27,1990,6.0,1,0,0,6,13,0,0,12,5,1,0,0,39,21,6,77.8,Matches
571,Sékou Sanogo,ci CIV,MF,ch Young Boys,29,1989,3.3,1,1,0,7,8,0,0,6,1,0,0,0,18,3,6,33.3,Matches
572,Davide Santon,it ITA,DF,it Roma,27,1991,2.9,0,0,0,5,1,0,7,7,5,0,0,0,8,4,3,57.1,Matches
573,Stefan Savić,me MNE,DF,es Atlético Madrid,27,1991,0.9,1,1,1,3,0,0,0,0,1,0,1,0,4,1,1,50.0,Matches
574,Vujadin Savić,rs SRB,DF,rs Red Star,28,1990,2.5,0,0,0,3,1,0,0,7,0,0,0,0,3,7,3,70.0,Matches
575,Patrik Schick,cz CZE,FW,it Roma,22,1996,2.8,1,0,0,3,5,0,0,1,1,0,0,0,7,5,11,31.3,Matches
576,Thorsten Schick,at AUT,"DF,FW",ch Young Boys,28,1990,1.1,0,0,0,0,0,0,2,2,1,0,0,0,7,0,1,0.0,Matches
577,Marcel Schmelzer,de GER,DF,de Dortmund,30,1988,2.2,0,0,0,2,1,0,7,2,2,0,0,0,11,3,1,75.0,Matches
578,Lasse Schöne,dk DEN,MF,nl Ajax,32,1986,9.8,2,0,0,16,8,1,28,16,7,0,0,0,81,12,8,60.0,Matches
579,Alessandro Schöpf,at AUT,"DF,FW",de Schalke 04,24,1994,3.3,0,0,0,4,3,0,10,5,1,0,0,0,26,0,2,0.0,Matches
580,Siebe Schrijvers,be BEL,FW,be Club Brugge,22,1996,0.8,0,0,0,2,0,0,3,0,0,0,0,0,3,1,1,50.0,Matches
581,Nico Schulz,de GER,"DF,MF",de Hoffenheim,25,1993,4.9,0,0,0,4,2,1,20,6,6,0,0,0,20,2,3,40.0,Matches
582,Daniel Schwaab,de GER,DF,nl PSV Eindhoven,29,1988,5.0,1,0,0,2,0,0,0,10,4,0,0,0,31,8,5,61.5,Matches
583,Haris Seferović,ch SUI,FW,pt Benfica,26,1992,4.8,1,0,0,11,3,2,3,1,0,0,0,0,9,14,16,46.7,Matches
584,Alfa Semedo,gw GNB,"MF,FW",pt Benfica,20,1997,1.5,1,0,0,1,2,0,1,4,2,0,0,0,13,7,2,77.8,Matches
585,Nélson Semedo,pt POR,DF,es Barcelona,24,1993,6.2,3,0,0,11,9,1,7,6,12,0,0,0,29,4,6,40.0,Matches
586,Suat Serdar,de GER,MF,de Schalke 04,21,1997,5.6,1,0,0,10,7,0,0,6,11,0,0,0,38,8,9,47.1,Matches
587,Julien Serrano,fr FRA,DF,fr Monaco,20,1998,0.1,0,0,0,0,0,0,2,0,0,0,0,0,0,0,0,,Matches
588,Stephan El Shaarawy,it ITA,FW,it Roma,25,1992,2.9,1,0,0,3,4,0,2,3,2,0,0,0,12,4,4,50.0,Matches
589,Xherdan Shaqiri,ch SUI,"FW,MF",eng Liverpool,26,1991,2.0,0,0,0,1,4,0,12,1,0,0,0,0,10,0,1,0.0,Matches
590,Luke Shaw,eng ENG,DF,eng Manchester Utd,23,1995,8.0,3,0,0,17,5,0,18,9,10,0,0,1,32,5,2,71.4,Matches
591,Georgi Shchennikov,ru RUS,"DF,FW",ru CSKA Moscow,27,1991,2.4,1,0,0,6,7,0,5,2,2,1,1,0,5,3,2,60.0,Matches
592,Djibril Sidibé,fr FRA,"DF,MF",fr Monaco,26,1992,3.7,2,0,0,9,6,2,10,3,7,0,0,0,24,2,9,18.2,Matches
593,Arnór Sigurðsson,is ISL,"MF,FW",ru CSKA Moscow,19,1999,3.9,2,0,0,5,6,1,5,1,2,0,0,0,13,2,5,28.6,Matches
594,Bernardo Silva,pt POR,"MF,FW",eng Manchester City,23,1994,6.4,0,0,0,9,4,1,9,8,6,1,0,0,36,1,5,16.7,Matches
595,David Silva,es ESP,MF,eng Manchester City,32,1986,7.9,0,0,0,7,11,2,13,7,6,1,0,0,35,4,10,28.6,Matches
596,Rafa Silva,pt POR,"FW,MF",pt Benfica,25,1993,4.1,0,0,0,3,9,0,3,4,8,0,0,0,27,4,7,36.4,Matches
597,Thiago Silva,br BRA,DF,fr Paris S-G,33,1984,6.8,0,0,0,5,7,1,0,11,4,0,0,0,40,13,4,76.5,Matches
598,Veljko Simić,rs SRB,FW,rs Red Star,23,1995,2.3,0,0,0,3,5,5,1,1,2,0,0,0,9,0,3,0.0,Matches
599,André Simões,pt POR,MF,gr AEK Athens,28,1989,3.9,1,0,0,3,6,0,1,3,8,0,0,0,18,7,6,53.8,Matches
600,Daley Sinkgraven,nl NED,"DF,FW",nl Ajax,23,1995,1.1,0,0,0,1,1,0,1,0,2,0,0,0,12,2,1,66.7,Matches
601,Moussa Sissoko,fr FRA,MF,eng Tottenham,28,1989,8.1,2,0,0,17,5,0,4,10,16,0,1,0,63,2,5,28.6,Matches
602,Milan Škriniar,sk SVK,DF,it Inter,23,1995,6.0,3,0,0,6,4,0,3,2,18,0,0,0,43,6,13,31.6,Matches
603,Steven Skrzybski,de GER,"FW,MF",de Schalke 04,25,1992,1.1,0,0,0,2,1,0,0,1,1,0,0,0,5,0,2,0.0,Matches
604,Chris Smalling,eng ENG,DF,eng Manchester Utd,28,1989,8.0,1,0,0,10,2,0,0,9,8,0,0,0,19,25,15,62.5,Matches
605,Fyodor Smolov,ru RUS,FW,ru Loko Moscow,28,1990,1.3,0,0,0,3,2,4,0,0,1,0,0,0,7,6,4,60.0,Matches
606,Tiquinho Soares,br BRA,FW,pt Porto,27,1991,3.0,1,0,0,5,3,1,2,1,3,0,0,0,10,6,21,22.2,Matches
607,Carlos Soler,es ESP,MF,es Valencia,21,1997,4.4,2,0,0,8,17,1,7,1,11,0,0,0,23,2,4,33.3,Matches
608,Djibril Sow,ch SUI,MF,ch Young Boys,21,1997,5.6,0,0,0,7,10,0,9,9,6,1,0,0,41,3,7,30.0,Matches
609,Leonardo Spinazzola,it ITA,DF,it Juventus,25,1993,0.7,0,0,0,0,0,0,7,0,1,0,0,0,3,0,0,,Matches
610,Slavoljub Srnić,rs SRB,"FW,MF",rs Red Star,26,1992,2.7,0,0,0,4,2,0,3,1,1,0,0,0,9,2,8,20.0,Matches
611,Benjamin Stambouli,fr FRA,DF,de Schalke 04,27,1990,4.8,2,0,0,10,5,0,0,11,13,0,0,0,36,5,1,83.3,Matches
612,Taras Stepanenko,ua UKR,MF,ua Shakhtar,28,1989,5.8,1,0,0,12,1,0,1,6,11,0,1,0,26,6,8,42.9,Matches
613,Raheem Sterling,eng ENG,FW,eng Manchester City,23,1994,9.7,1,0,0,15,10,6,14,7,4,1,0,0,42,3,3,50.0,Matches
614,Nikola Stojiljković,rs SRB,FW,rs Red Star,25,1992,0.5,0,0,0,1,1,2,2,0,0,0,0,0,1,1,2,33.3,Matches
615,Filip Stojković,me MNE,DF,rs Red Star,25,1993,4.6,3,0,0,7,6,0,15,13,6,0,1,0,27,5,2,71.4,Matches
616,John Stones,eng ENG,DF,eng Manchester City,24,1994,4.7,0,0,0,4,3,0,0,7,3,0,0,0,27,12,1,92.3,Matches
617,Daniel Sturridge,eng ENG,FW,eng Liverpool,28,1989,2.3,1,0,0,1,2,1,0,1,0,0,0,0,8,0,4,0.0,Matches
618,Denis Suárez,es ESP,FW,es Barcelona,24,1994,0.3,0,0,0,1,0,0,0,0,0,0,0,0,1,0,0,,Matches
619,Luis Suárez,uy URU,FW,es Barcelona,31,1987,10.0,3,0,0,11,27,7,6,1,4,1,0,0,21,7,14,33.3,Matches
620,Danijel Subašić,hr CRO,GK,fr Monaco,33,1984,0.5,0,0,0,0,0,0,0,0,0,0,0,0,1,0,0,,Matches
621,Niklas Süle,de GER,DF,de Bayern Munich,22,1995,5.0,0,0,0,2,1,0,0,9,5,0,0,0,30,15,6,71.4,Matches
622,Miralem Sulejmani,rs SRB,"MF,FW",ch Young Boys,29,1988,3.8,0,0,0,4,2,1,28,1,2,0,0,0,14,2,4,33.3,Matches
623,Moussa Sylla,ml MLI,FW,fr Monaco,18,1999,3.8,0,0,0,2,4,1,11,2,0,0,0,0,11,4,19,17.4,Matches
624,Ádám Szalai,hu HUN,"FW,MF",de Hoffenheim,30,1987,3.0,1,1,1,4,2,5,0,0,1,0,0,0,7,6,6,50.0,Matches
625,Wojciech Szczęsny,pl POL,GK,it Juventus,28,1990,10.0,1,0,0,0,0,0,0,0,0,0,0,0,12,1,0,100.0,Matches
626,Dušan Tadić,rs SRB,FW,nl Ajax,29,1988,12.0,1,0,0,20,13,12,28,6,7,0,0,0,55,10,21,32.3,Matches
627,Nicolás Tagliafico,ar ARG,DF,nl Ajax,25,1992,10.0,6,0,0,22,23,4,14,20,20,0,1,0,62,14,20,41.2,Matches
628,Taison,br BRA,"FW,MF",ua Shakhtar,30,1988,4.8,0,0,0,2,16,0,3,2,6,0,0,0,24,1,2,33.3,Matches
629,Alex Telles,br BRA,DF,pt Porto,25,1992,10.3,1,0,0,12,9,0,90,16,7,0,1,0,39,15,8,65.2,Matches
630,Marc-André ter Stegen,de GER,GK,es Barcelona,26,1992,11.0,0,0,0,0,2,0,0,0,0,0,0,0,13,1,0,100.0,Matches
631,Martin Terrier,fr FRA,"FW,MF",fr Lyon,21,1997,1.8,0,0,0,1,0,0,2,2,1,0,0,0,3,2,3,40.0,Matches
632,Kenny Tete,nl NED,DF,fr Lyon,22,1995,2.2,1,0,0,3,2,0,4,4,9,0,0,0,19,1,1,50.0,Matches
633,Cedric Teuchert,de GER,FW,de Schalke 04,21,1997,0.9,0,0,0,0,2,2,0,0,0,0,0,0,2,0,8,0.0,Matches
634,Khéphren Thuram,fr FRA,MF,fr Monaco,17,2001,0.6,0,0,0,1,2,0,0,0,2,0,0,0,4,0,0,,Matches
635,Youri Tielemans,be BEL,MF,fr Monaco,21,1997,6.0,3,0,0,9,13,0,24,10,9,0,0,0,40,8,8,50.0,Matches
636,Ömer Toprak,tr TUR,DF,de Dortmund,29,1989,3.0,0,0,0,0,2,0,0,4,3,0,0,0,21,6,0,100.0,Matches
637,Ferrán Torres,es ESP,MF,es Valencia,18,2000,1.2,0,0,0,2,1,2,2,0,1,0,0,0,7,2,3,40.0,Matches
638,Óliver Torres,es ESP,MF,pt Porto,23,1994,3.9,1,0,0,3,3,0,1,6,7,0,1,0,35,1,1,50.0,Matches
639,Almamy Touré,ml MLI,DF,fr Monaco,22,1996,0.2,0,0,0,0,0,0,0,2,0,0,0,0,1,3,0,100.0,Matches
640,Lucas Tousart,fr FRA,MF,fr Lyon,21,1997,5.4,0,0,0,6,3,1,1,4,13,0,0,0,46,7,5,58.3,Matches
641,Adama Traoré,ml MLI,"FW,MF",fr Monaco,23,1995,0.2,1,0,0,2,1,0,0,1,0,0,0,0,2,0,0,,Matches
642,Bertrand Traoré,bf BFA,"FW,MF",fr Lyon,22,1995,3.6,1,0,0,4,6,5,7,2,3,0,0,0,21,4,4,50.0,Matches
643,Kieran Trippier,eng ENG,DF,eng Tottenham,27,1990,6.9,1,0,0,10,5,1,45,11,10,0,0,0,44,6,5,54.5,Matches
644,Samuel Umtiti,fr FRA,DF,es Barcelona,24,1993,0.9,1,1,1,5,0,0,0,0,1,0,0,0,5,1,0,100.0,Matches
645,Cengiz Ünder,tr TUR,"FW,MF",it Roma,21,1997,4.8,0,0,0,1,5,5,25,3,2,0,0,0,20,3,2,60.0,Matches
646,Mark Uth,de GER,"FW,MF",de Schalke 04,26,1991,4.4,2,0,0,6,4,2,3,5,6,0,0,0,17,5,13,27.8,Matches
647,Antonio Valencia,ec ECU,DF,eng Manchester Utd,32,1985,2.8,2,0,0,9,6,0,5,8,2,0,0,0,20,0,2,0.0,Matches
648,Borja Valero,es ESP,MF,it Inter,33,1985,2.6,1,0,0,6,5,0,4,2,1,0,0,0,15,0,4,0.0,Matches
649,Jesús Vallejo,es ESP,DF,es Real Madrid,21,1997,1.0,0,0,0,1,0,0,0,3,1,0,0,0,2,6,2,75.0,Matches
650,Federico Valverde,uy URU,MF,es Real Madrid,20,1998,1.6,1,0,0,3,0,0,2,5,5,0,0,0,7,1,1,50.0,Matches
651,Virgil van Dijk,nl NED,DF,eng Liverpool,27,1991,12.0,3,0,0,8,5,0,0,10,8,0,0,0,53,40,24,62.5,Matches
652,Hans Vanaken,be BEL,"MF,FW",be Club Brugge,25,1992,6.0,0,0,0,5,3,1,14,4,9,0,0,0,46,6,7,46.2,Matches
653,Raphaël Varane,fr FRA,DF,es Real Madrid,25,1993,4.0,1,0,0,3,1,0,0,6,2,0,0,0,21,12,5,70.6,Matches
654,Lucas Vázquez,es ESP,"FW,DF",es Real Madrid,27,1991,4.3,1,0,0,8,9,2,15,1,10,0,0,0,17,1,3,25.0,Matches
655,Matías Vecino,uy URU,MF,it Inter,26,1991,5.0,0,0,0,13,2,0,4,4,8,0,0,0,30,7,9,43.8,Matches
656,Joël Veltman,nl NED,DF,nl Ajax,26,1992,3.5,1,0,0,4,9,1,5,9,8,0,0,0,34,12,9,57.1,Matches
657,Simone Verdi,it ITA,MF,it Napoli,26,1992,0.3,0,0,0,0,0,0,0,0,0,0,0,0,5,0,0,,Matches
658,Thomas Vermaelen,be BEL,DF,es Barcelona,32,1985,1.0,0,0,0,1,3,0,0,1,0,0,0,0,6,1,0,100.0,Matches
659,Marco Verratti,it ITA,MF,fr Paris S-G,25,1992,6.6,2,0,0,14,21,0,1,5,16,0,0,0,49,2,2,50.0,Matches
660,Jan Vertonghen,be BEL,DF,eng Tottenham,31,1987,9.4,1,0,0,11,3,0,5,18,3,0,0,0,47,15,8,65.2,Matches
661,Rúben Vezo,pt POR,DF,es Valencia,24,1994,1.7,1,0,0,2,5,0,0,4,2,0,0,0,7,2,1,66.7,Matches
662,Arturo Vidal,cl CHI,MF,es Barcelona,31,1987,4.0,1,0,0,16,7,0,0,10,12,0,0,0,20,10,10,50.0,Matches
663,Nick Viergever,nl NED,DF,nl PSV Eindhoven,28,1989,5.7,1,0,0,3,0,0,1,6,2,0,0,0,16,7,9,43.8,Matches
664,Vitolo,es ESP,MF,es Atlético Madrid,28,1989,1.1,1,0,0,1,6,1,4,2,1,0,0,0,4,0,3,0.0,Matches
665,Odisseas Vlachodimos,gr GRE,GK,pt Benfica,24,1994,6.0,0,0,0,0,1,0,0,1,0,0,0,0,2,1,0,100.0,Matches
666,Nikola Vlašić,hr CRO,MF,ru CSKA Moscow,20,1997,6.0,0,0,0,6,8,0,21,4,7,0,0,0,42,4,8,33.3,Matches
667,Thibault Vlietinck,be BEL,"FW,DF",be Club Brugge,20,1997,2.3,0,0,0,0,1,1,13,1,2,0,0,0,4,1,10,9.1,Matches
668,Kevin Vogt,de GER,DF,de Hoffenheim,26,1991,4.0,2,0,0,5,3,0,0,3,1,0,0,0,34,2,1,66.7,Matches
669,Michel Vorm,nl NED,GK,eng Tottenham,34,1983,1.1,1,0,0,0,1,0,0,0,0,0,0,0,0,0,0,,Matches
670,Ruud Vormer,nl NED,MF,be Club Brugge,30,1988,6.0,0,0,0,7,2,3,21,7,6,0,0,0,34,5,8,38.5,Matches
671,Jelle Vossen,be BEL,FW,be Club Brugge,29,1989,0.9,0,0,0,0,0,0,0,2,1,0,0,0,2,0,5,0.0,Matches
672,Stefan de Vrij,nl NED,DF,it Inter,26,1992,4.9,1,0,0,4,1,0,0,7,3,0,0,0,21,9,4,69.2,Matches
673,Šime Vrsaljko,hr CRO,DF,it Inter,26,1992,1.1,0,0,0,1,1,0,7,3,0,0,0,0,3,2,0,100.0,Matches
674,Sandro Wagner,de GER,"FW,MF",de Bayern Munich,30,1987,0.2,0,0,0,0,0,0,0,0,0,0,0,0,3,2,1,66.7,Matches
675,Kyle Walker,eng ENG,DF,eng Manchester City,28,1990,8.3,1,0,0,6,7,0,12,6,1,0,0,0,39,9,4,69.2,Matches
676,Kyle Walker-Peters,eng ENG,DF,eng Tottenham,21,1997,0.7,1,0,0,2,2,0,2,0,0,0,0,0,4,1,1,50.0,Matches
677,Victor Wanyama,ke KEN,MF,eng Tottenham,27,1991,3.2,2,0,0,10,3,0,0,4,3,0,0,0,22,5,1,83.3,Matches
678,Daniel Wass,dk DEN,"DF,MF",es Valencia,29,1989,3.0,0,0,0,3,3,0,15,4,2,0,0,0,10,5,5,50.0,Matches
679,Julian Weigl,de GER,"MF,DF",de Dortmund,22,1995,3.2,2,0,0,6,9,0,0,3,6,0,0,0,25,1,0,100.0,Matches
680,Georginio Wijnaldum,nl NED,MF,eng Liverpool,27,1990,10.8,1,0,0,7,8,1,0,2,6,1,0,0,66,9,10,47.4,Matches
681,Harry Winks,eng ENG,MF,eng Tottenham,22,1996,7.5,0,0,0,4,9,1,8,7,8,0,0,0,63,6,6,50.0,Matches
682,Dani de Wit,nl NED,MF,nl Ajax,20,1998,0.4,0,0,0,0,1,0,0,0,1,0,0,0,1,2,3,40.0,Matches
683,Axel Witsel,be BEL,MF,de Dortmund,29,1989,7.0,0,0,0,6,5,0,3,7,9,0,0,0,51,10,4,71.4,Matches
684,Maximilian Wöber,at AUT,DF,nl Ajax,20,1998,2.8,0,1,0,3,3,0,1,10,3,0,0,0,10,4,3,57.1,Matches
685,Marius Wolf,de GER,"FW,DF",de Dortmund,23,1995,2.3,0,0,0,0,2,1,12,3,9,0,0,0,10,4,3,57.1,Matches
686,Marco Wölfli,ch SUI,GK,ch Young Boys,35,1982,2.0,1,0,0,0,0,0,0,0,0,0,0,0,1,0,0,,Matches
687,Jeong Woo-yeong,kr KOR,MF,de Bayern Munich,18,1999,0.1,0,0,0,0,1,0,0,1,0,0,0,0,3,0,0,,Matches
688,Gregory Wüthrich,ch SUI,MF,ch Young Boys,23,1994,0.0,0,0,0,0,0,0,0,0,0,0,0,0,0,0,1,0.0,Matches
689,Dmitry Yefremov,ru RUS,DF,ru CSKA Moscow,23,1995,1.3,1,0,0,2,5,0,3,2,1,0,0,0,9,0,1,0.0,Matches
690,Ashley Young,eng ENG,DF,eng Manchester Utd,33,1985,6.5,2,0,0,11,5,1,37,7,5,0,0,0,33,1,3,25.0,Matches
691,Dan-Axel Zagadou,fr FRA,DF,de Dortmund,19,1999,3.8,1,0,0,0,1,0,0,3,2,0,0,0,21,11,7,61.1,Matches
692,Nicolò Zaniolo,it ITA,"MF,FW",it Roma,19,1999,4.3,2,0,0,7,7,0,6,1,3,0,0,0,14,3,10,23.1,Matches
693,Martin Zeman,cz CZE,FW,cz Viktoria Plzeň,29,1989,0.8,0,0,0,0,1,0,3,0,0,0,0,0,3,1,4,20.0,Matches
694,Timur Zhamaletdinov,ru RUS,FW,ru CSKA Moscow,21,1997,0.3,0,0,0,0,0,1,0,1,0,0,0,0,0,0,0,,Matches
695,Rifat Zhemaletdinov,ru RUS,FW,ru Loko Moscow,21,1996,0.4,0,0,0,0,0,0,0,0,0,0,0,0,2,1,2,33.3,Matches
696,Piotr Zieliński,pl POL,"MF,FW",it Napoli,24,1994,2.1,0,0,0,1,0,0,2,0,0,0,0,0,18,3,1,75.0,Matches
697,Oleksandr Zinchenko,ua UKR,DF,eng Manchester City,21,1996,3.7,1,0,0,6,1,0,5,11,7,0,0,0,25,4,6,40.0,Matches
698,Andrija Živković,rs SRB,"FW,MF",pt Benfica,22,1996,0.8,0,0,0,2,0,0,7,1,0,0,0,0,7,0,0,,Matches
699,Hakim Ziyech,ma MAR,FW,nl Ajax,25,1993,10.9,3,0,0,15,22,4,52,14,17,0,0,0,75,2,11,15.4,Matches
700,Jeroen Zoet,nl NED,GK,nl PSV Eindhoven,27,1991,6.0,1,0,0,0,0,0,0,0,0,0,0,0,5,2,0,100.0,Matches
701,Steven Zuber,ch SUI,"FW,MF",de Hoffenheim,26,1991,1.1,0,0,0,0,1,0,3,0,1,0,0,0,8,2,1,66.7,Matches
