Rk,Player,Nation,Pos,Squad,Age,Born,90s,Touches_Touches,Touches_Def_Pen,Touches_Def_3rd,Touches_Mid_3rd,Touches_Att_3rd,Touches_Att_Pen,Touches_Live,Take-Ons_Att,Take-Ons_Succ,Take-Ons_Succ%,Take-Ons_Tkld,Take-Ons_Tkld%,Carries_Carries,Carries_TotDist,Carries_PrgDist,Carries_PrgC,Carries_1/3,Carries_CPA,Carries_Mis,Carries_Dis,Receiving_Rec,Receiving_PrgR,Matches
1,Brenden Aaronson,us USA,MF,at RB Salzburg,20,2000,7.9,342,5,46,136,164,12,342,20,10,50.0,10,50.0,175,977,416,13,8,2,27,14,220,51,Matches
2,Malik Abubakari,gh GHA,FW,se Malmö,21,2000,1.3,47,3,8,24,15,2,47,0,0,,0,,32,88,34,1,1,1,6,4,35,5,Matches
3,Marcos Acuña,ar ARG,DF,es Sevilla,29,1991,4.2,383,8,129,168,89,0,383,13,5,38.5,8,61.5,220,1192,662,13,15,0,9,1,245,18,Matches
4,Tyler Adams,us USA,MF,de RB Leipzig,22,1999,3.3,206,7,51,122,34,2,206,3,1,33.3,2,66.7,100,580,275,4,3,0,1,3,140,7,Matches
5,Junior Adamu,at AUT,FW,at RB Salzburg,20,2001,2.6,94,0,9,44,45,7,94,8,4,50.0,4,50.0,60,226,107,3,1,0,15,4,69,22,Matches
6,Antonio Adán,es ESP,GK,pt Sporting CP,34,1987,7.0,252,228,252,0,0,0,252,0,0,,0,,150,770,457,0,0,0,0,0,116,0,Matches
7,Edmund Addo,gh GHA,MF,md Sheriff Tiraspol,21,2000,5.4,217,15,97,106,19,0,217,8,4,50.0,4,50.0,122,703,322,4,5,0,6,2,99,1,Matches
8,Karim Adeyemi,de GER,FW,at RB Salzburg,19,2002,6.7,174,3,18,42,118,30,171,26,9,34.6,17,65.4,135,1017,506,27,11,20,27,9,143,64,Matches
9,Michel Aebischer,ch SUI,MF,ch Young Boys,24,1997,5.6,332,7,81,172,88,6,332,8,3,37.5,5,62.5,211,858,451,13,10,2,9,8,223,16,Matches
10,Sergio Agüero,ar ARG,FW,es Barcelona,33,1988,0.2,9,0,0,3,6,2,9,3,1,33.3,2,66.7,4,27,3,0,0,1,0,0,6,1,Matches
11,Anel Ahmedhodžić,ba BIH,DF,se Malmö,22,1999,4.6,278,40,131,138,9,0,278,2,2,100.0,0,0.0,187,930,504,4,2,0,2,2,173,1,Matches
12,Manuel Akanji,ch SUI,DF,de Dortmund,26,1995,5.0,338,41,163,163,16,4,338,1,1,100.0,0,0.0,225,1505,923,3,4,1,2,1,235,0,Matches
13,Nathan Aké,nl NED,DF,eng Manchester City,26,1995,3.6,320,25,117,176,28,7,320,1,0,0.0,1,100.0,221,1161,757,2,5,1,1,0,229,2,Matches
14,David Alaba,at AUT,DF,es Real Madrid,29,1992,11.5,759,100,403,295,70,11,759,1,1,100.0,0,0.0,481,2907,1605,15,10,1,6,1,581,8,Matches
15,Jordi Alba,es ESP,"DF,FW",es Barcelona,32,1989,4.1,382,9,60,190,135,11,382,1,1,100.0,0,0.0,239,825,448,10,9,5,5,1,295,52,Matches
16,Raúl Albiol,es ESP,DF,es Villarreal,35,1985,11.6,590,117,356,226,9,1,590,1,1,100.0,0,0.0,308,1762,1094,3,1,1,4,1,350,0,Matches
17,Paco Alcácer,es ESP,FW,es Villarreal,27,1993,0.8,15,0,0,6,9,3,15,1,0,0.0,1,100.0,9,41,34,2,1,1,0,0,10,0,Matches
18,Thiago Alcántara,es ESP,MF,eng Liverpool,30,1991,6.7,636,17,96,396,150,5,636,18,10,55.6,8,44.4,351,1535,673,7,14,1,13,7,462,14,Matches
19,Trent Alexander-Arnold,eng ENG,DF,eng Liverpool,22,1998,8.8,918,16,167,452,307,15,918,10,5,50.0,5,50.0,494,2243,1083,20,16,5,14,4,622,59,Matches
20,Alisson,br BRA,GK,eng Liverpool,28,1992,13.0,504,363,501,5,0,0,504,2,2,100.0,0,0.0,334,1302,845,0,0,0,0,0,310,0,Matches
21,André Almeida,pt POR,"DF,MF",pt Benfica,30,1990,2.6,145,15,73,63,10,0,145,3,1,33.3,2,66.7,72,246,90,0,0,0,2,0,81,3,Matches
22,Marcos Alonso,es ESP,"DF,MF",eng Chelsea,30,1990,6.1,459,6,88,162,211,17,459,10,5,50.0,5,50.0,236,1077,507,7,13,0,10,9,275,57,Matches
23,Éder Álvarez Balanta,co COL,MF,be Club Brugge,28,1993,4.5,214,17,80,100,40,4,214,10,8,80.0,2,20.0,90,402,195,5,5,0,7,4,86,2,Matches
24,Edson Álvarez,mx MEX,MF,nl Ajax,23,1997,6.2,443,19,112,257,75,10,443,6,3,50.0,3,50.0,254,1164,468,3,3,0,10,3,310,9,Matches
25,Mohamed Aly Camara,gn GUI,DF,ch Young Boys,23,1997,3.8,251,38,129,118,6,2,251,2,1,50.0,1,50.0,168,769,450,5,3,0,3,0,168,2,Matches
26,Benjamin André,fr FRA,MF,fr Lille,30,1990,7.0,460,13,77,292,93,4,460,6,3,50.0,3,50.0,194,800,372,5,6,0,12,6,293,16,Matches
27,Oleksandr Andriyevskyi,ua UKR,MF,ua Dynamo Kyiv,27,1994,1.1,63,4,28,21,14,0,63,0,0,,0,,33,108,50,1,1,0,5,0,40,0,Matches
28,Angeliño,es ESP,DF,de RB Leipzig,24,1997,4.8,279,9,67,114,100,10,279,6,3,50.0,3,50.0,108,643,399,10,10,2,5,2,167,32,Matches
29,Marcos Antônio,br BRA,MF,ua Shakhtar,21,2000,2.8,257,10,58,151,51,1,257,7,3,42.9,4,57.1,192,763,331,2,7,1,1,3,221,8,Matches
30,Antony,br BRA,FW,nl Ajax,21,2000,6.4,438,1,27,132,285,36,438,27,10,37.0,17,63.0,316,1766,872,33,19,9,13,9,342,92,Matches
31,Ronald Araújo,uy URU,DF,es Barcelona,22,1999,4.1,250,27,119,113,21,3,250,8,6,75.0,2,25.0,148,698,286,3,3,0,2,2,158,2,Matches
32,Danilo Arboleda,co COL,DF,md Sheriff Tiraspol,26,1995,6.0,208,64,145,62,2,1,208,1,1,100.0,0,0.0,117,629,377,4,2,0,1,0,113,0,Matches
33,Maximilian Arnold,de GER,MF,de Wolfsburg,27,1994,6.0,328,13,81,211,45,1,328,3,2,66.7,1,33.3,161,671,339,4,1,0,7,4,186,2,Matches
34,Kepa Arrizabalaga,es ESP,GK,eng Chelsea,26,1994,1.0,34,27,34,0,0,0,34,0,0,,0,,12,38,17,0,0,0,0,0,16,0,Matches
35,Marco Asensio,es ESP,"FW,MF",es Real Madrid,25,1996,2.3,120,1,13,56,51,7,120,3,1,33.3,2,66.7,75,448,146,2,5,0,11,2,90,14,Matches
36,Giorgos Athanasiadis,gr GRE,GK,md Sheriff Tiraspol,28,1993,5.0,191,176,191,0,0,0,191,0,0,,0,,82,596,415,0,0,0,0,0,58,0,Matches
37,Ludwig Augustinsson,se SWE,DF,es Sevilla,27,1994,0.9,82,3,27,34,22,1,82,0,0,,0,,44,188,120,3,2,0,1,1,53,4,Matches
38,Serge Aurier,ci CIV,DF,es Villarreal,28,1992,1.5,96,10,32,38,26,2,96,1,0,0.0,1,100.0,46,214,101,3,4,0,0,0,51,1,Matches
39,Sardar Azmoun,ir IRN,FW,ru Zenit,26,1995,3.4,87,4,11,44,32,16,87,1,1,100.0,0,0.0,39,190,101,6,1,4,11,1,51,15,Matches
40,César Azpilicueta,es ESP,DF,eng Chelsea,31,1989,7.5,638,14,119,302,219,16,638,4,3,75.0,1,25.0,323,1364,747,13,10,1,5,4,456,57,Matches
41,Eric Bailly,ci CIV,DF,eng Manchester Utd,27,1994,2.0,135,22,72,64,0,0,135,1,1,100.0,0,0.0,77,400,191,1,0,0,0,1,88,0,Matches
42,Tiemoué Bakayoko,fr FRA,"MF,FW",it Milan,26,1994,0.7,47,0,9,30,8,4,47,1,1,100.0,0,0.0,24,117,39,0,1,0,0,2,31,2,Matches
43,Ridle Baku,de GER,"FW,DF",de Wolfsburg,23,1998,4.6,226,13,79,96,53,1,226,11,4,36.4,7,63.6,116,530,261,7,6,0,10,2,125,16,Matches
44,Alejandro Balde,es ESP,"DF,FW",es Barcelona,17,2003,0.2,20,0,5,7,9,1,20,1,1,100.0,0,0.0,17,155,93,4,4,0,2,0,18,3,Matches
45,Gareth Bale,wls WAL,FW,es Real Madrid,32,1989,0.1,3,0,1,1,1,0,3,0,0,,0,,1,2,0,0,0,0,0,0,2,0,Matches
46,David von Ballmoos,ch SUI,GK,ch Young Boys,26,1994,3.0,93,79,92,1,0,0,93,0,0,,0,,60,253,153,0,0,0,0,0,50,0,Matches
47,Fodé Ballo-Touré,sn SEN,"DF,MF",it Milan,24,1997,1.0,57,4,19,27,12,0,57,1,1,100.0,0,0.0,20,139,55,1,3,0,2,0,21,0,Matches
48,Jonathan Bamba,ci CIV,"MF,FW",fr Lille,25,1996,5.2,299,5,49,149,111,18,299,25,17,68.0,8,32.0,175,1185,490,17,13,8,19,3,211,32,Matches
49,Nicolò Barella,it ITA,MF,it Inter,24,1997,5.5,364,3,32,204,134,7,364,11,5,45.5,6,54.5,262,1553,703,23,20,2,8,3,298,36,Matches
50,Ross Barkley,eng ENG,MF,eng Chelsea,27,1993,1.1,88,1,5,44,41,1,88,4,2,50.0,2,50.0,52,382,211,5,10,0,1,3,68,6,Matches
51,Wílmar Barrios,co COL,"MF,DF",ru Zenit,27,1993,6.0,362,25,112,227,25,0,362,5,3,60.0,2,40.0,221,1114,547,3,2,0,6,4,244,3,Matches
52,Gil Bastião Dias,pt POR,FW,pt Benfica,24,1996,0.0,0,0,0,0,0,0,0,0,0,,0,,0,0,0,0,0,0,0,0,0,0,Matches
53,Alessandro Bastoni,it ITA,DF,it Inter,22,1999,7.4,515,86,226,231,63,4,515,5,2,40.0,3,60.0,308,1490,904,8,12,1,5,2,339,13,Matches
54,Michy Batshuayi,be BEL,FW,tr Beşiktaş,27,1993,4.3,133,4,11,75,48,16,133,11,9,81.8,2,18.2,70,286,89,3,0,3,14,6,94,23,Matches
55,Donny van de Beek,nl NED,MF,eng Manchester Utd,24,1997,2.3,147,9,49,84,15,3,147,4,3,75.0,1,25.0,92,326,149,1,3,0,1,3,102,5,Matches
56,Jude Bellingham,eng ENG,"MF,FW",de Dortmund,18,2003,5.6,369,10,49,208,118,14,369,26,19,73.1,7,26.9,249,1336,749,21,10,8,9,13,281,24,Matches
57,Hatem Ben Arfa,fr FRA,"FW,MF",fr Lille,34,1987,0.3,18,0,1,3,14,1,18,3,3,100.0,0,0.0,10,75,14,1,1,1,2,0,13,2,Matches
58,Ismaël Bennacer,dz ALG,MF,it Milan,23,1997,4.2,262,8,76,147,49,2,262,16,10,62.5,6,37.5,121,827,348,4,7,1,10,5,149,6,Matches
59,Rodrigo Bentancur,uy URU,"MF,FW",it Juventus,24,1997,4.2,254,3,51,149,56,6,254,3,2,66.7,1,33.3,133,656,322,8,7,1,10,2,172,11,Matches
60,Karim Benzema,fr FRA,FW,es Real Madrid,33,1987,12.2,639,12,42,241,362,80,636,26,12,46.2,14,53.8,385,2241,1176,42,32,14,14,20,535,86,Matches
61,Steven Berghuis,nl NED,MF,nl Ajax,29,1991,6.9,346,3,25,139,184,28,346,2,0,0.0,2,100.0,209,752,296,10,5,6,9,1,257,33,Matches
62,Federico Bernardeschi,it ITA,"FW,MF",it Juventus,27,1994,3.2,182,5,31,78,77,5,182,11,6,54.5,5,45.5,110,721,322,11,10,2,6,4,130,24,Matches
63,Bernardo,br BRA,"DF,MF",at RB Salzburg,26,1995,0.3,21,1,9,7,5,2,21,0,0,,0,,12,45,32,0,0,0,0,0,14,0,Matches
64,Paulo Bernardo,pt POR,MF,pt Benfica,19,2002,0.5,25,3,8,14,5,0,25,3,2,66.7,1,33.3,15,49,10,0,2,0,1,1,17,1,Matches
65,Veljko Birmančević,rs SRB,"MF,FW",se Malmö,23,1998,3.9,142,4,21,59,64,4,142,17,8,47.1,9,52.9,120,734,251,9,7,3,12,16,118,31,Matches
66,Antonio Blanco,es ESP,MF,es Real Madrid,21,2000,0.1,15,0,0,10,5,0,15,0,0,,0,,11,50,16,0,0,0,0,0,15,0,Matches
67,Daley Blind,nl NED,DF,nl Ajax,31,1990,6.3,572,16,101,312,164,12,572,14,6,42.9,8,57.1,332,1576,815,14,11,3,5,1,383,36,Matches
68,Valerii Bondar,ua UKR,DF,ua Shakhtar,22,1999,1.0,113,13,36,75,2,1,113,1,1,100.0,0,0.0,85,539,444,3,1,0,0,0,92,0,Matches
69,Artem Bondarenko,ua UKR,MF,ua Shakhtar,20,2000,0.9,107,0,9,75,23,1,107,2,0,0.0,2,100.0,71,357,205,3,5,0,0,0,93,2,Matches
70,Solomon Bonnah,nl NED,DF,de RB Leipzig,17,2003,0.1,4,0,4,0,0,0,4,0,0,,0,,1,5,2,0,0,0,0,0,1,0,Matches
71,Leonardo Bonucci,it ITA,DF,it Juventus,34,1987,6.4,495,80,216,269,11,1,495,1,1,100.0,0,0.0,296,1200,753,2,1,0,2,0,361,3,Matches
72,Sebastiaan Bornauw,be BEL,DF,de Wolfsburg,22,1999,2.3,110,20,68,39,3,1,110,0,0,,0,,66,257,73,0,0,0,1,0,67,2,Matches
73,Sven Botman,nl NED,DF,fr Lille,21,2000,4.6,307,36,174,130,7,5,307,2,2,100.0,0,0.0,152,727,295,0,0,0,3,2,194,0,Matches
74,Yassine Bounou,ma MAR,GK,es Sevilla,30,1991,6.0,202,172,200,2,0,0,202,1,1,100.0,0,0.0,106,435,174,0,0,0,0,0,105,0,Matches
75,Denys Boyko,ua UKR,GK,ua Dynamo Kyiv,33,1988,1.0,35,33,35,0,0,0,35,0,0,,0,,13,56,36,0,0,0,0,0,17,0,Matches
76,Can Bozdogan,de GER,MF,tr Beşiktaş,20,2001,2.4,78,1,17,37,26,2,78,6,4,66.7,2,33.3,51,284,140,5,4,0,6,7,54,6,Matches
77,Domagoj Bradarić,hr CRO,DF,fr Lille,21,1999,0.2,13,1,3,7,4,0,13,0,0,,0,,9,49,28,0,1,0,1,1,10,0,Matches
78,Conor Bradley,nir NIR,FW,eng Liverpool,18,2003,0.0,1,0,0,1,0,0,1,1,0,0.0,1,100.0,1,11,0,0,0,0,0,0,1,0,Matches
79,Daniel Bragança,pt POR,MF,pt Sporting CP,22,1999,1.5,90,6,22,58,10,2,90,7,6,85.7,1,14.3,48,200,95,3,0,0,5,2,53,2,Matches
80,Julian Brandt,de GER,"MF,FW",de Dortmund,25,1996,4.4,281,1,44,137,103,14,281,13,7,53.8,6,46.2,171,1034,536,15,9,4,8,4,190,25,Matches
81,Brian Brobbey,nl NED,FW,nl Ajax,19,2002,0.1,1,0,0,0,1,0,1,0,0,,0,,2,7,2,0,0,0,0,0,2,1,Matches
82,Brian Brobbey,nl NED,"FW,MF",de RB Leipzig,19,2002,1.2,37,1,3,16,19,8,37,0,0,,0,,10,120,42,4,2,2,1,1,26,11,Matches
83,John Brooks,us USA,DF,de Wolfsburg,28,1993,3.7,212,26,141,74,0,0,212,0,0,,0,,107,545,305,1,2,0,0,0,127,0,Matches
84,Franz Brorsson,se SWE,DF,se Malmö,25,1996,5.0,218,39,122,93,4,0,218,1,0,0.0,1,100.0,137,593,197,0,0,0,1,2,135,0,Matches
85,Marcelo Brozović,hr CRO,MF,it Inter,28,1992,7.0,634,31,173,379,87,4,634,7,4,57.1,3,42.9,438,2184,1065,15,10,2,7,5,470,10,Matches
86,Nicolas Bürgy,ch SUI,DF,ch Young Boys,25,1995,2.0,153,16,93,60,1,1,153,0,0,,0,,109,463,186,2,0,0,1,0,111,1,Matches
87,Heorhiy Bushchan,ua UKR,GK,ua Dynamo Kyiv,27,1994,5.0,213,189,212,1,0,0,213,0,0,,0,,119,498,369,0,0,0,0,0,105,0,Matches
88,Sergio Busquets,es ESP,MF,es Barcelona,33,1988,5.4,424,8,63,304,60,1,424,1,1,100.0,0,0.0,237,838,446,3,8,1,2,2,305,3,Matches
89,Vitaliy Buyalskyi,ua UKR,"FW,MF",ua Dynamo Kyiv,28,1993,4.8,146,0,19,71,59,23,146,8,5,62.5,3,37.5,98,514,193,9,3,3,8,7,104,23,Matches
90,Jovane Cabral,cv CPV,"FW,MF",pt Sporting CP,23,1998,0.9,36,0,5,20,12,1,36,1,0,0.0,1,100.0,20,86,10,0,1,0,5,1,25,4,Matches
91,Davide Calabria,it ITA,DF,it Milan,24,1996,3.5,189,19,85,86,21,0,189,1,0,0.0,1,100.0,66,283,100,1,2,0,4,2,84,6,Matches
92,Hakan Çalhanoğlu,tr TUR,MF,it Inter,27,1994,4.6,315,4,63,156,100,5,315,4,3,75.0,1,25.0,186,945,535,9,7,0,9,3,221,21,Matches
93,Mohamed Camara,ml MLI,MF,at RB Salzburg,21,2000,7.4,448,11,136,275,44,2,448,20,14,70.0,6,30.0,260,1138,607,2,6,1,6,5,286,3,Matches
94,Eduardo Camavinga,fr FRA,MF,es Real Madrid,18,2002,3.4,226,13,55,117,54,6,226,2,1,50.0,1,50.0,116,605,351,7,5,0,0,4,147,7,Matches
95,Emre Can,de GER,DF,de Dortmund,27,1994,0.8,52,3,13,21,18,2,52,5,3,60.0,2,40.0,33,145,92,1,0,1,1,0,40,7,Matches
96,João Cancelo,pt POR,DF,eng Manchester City,27,1994,9.3,863,25,169,427,272,15,863,33,19,57.6,14,42.4,597,2741,1369,16,31,2,12,5,615,59,Matches
97,Nicolás Capaldo,ar ARG,MF,at RB Salzburg,23,1997,3.2,177,11,70,72,40,4,177,5,1,20.0,4,80.0,66,320,174,5,6,1,6,5,70,6,Matches
98,Étienne Capoue,fr FRA,MF,es Villarreal,33,1988,11.6,630,38,185,347,107,10,630,22,7,31.8,15,68.2,334,1630,693,7,13,0,10,6,411,10,Matches
99,Fábio Cardoso,pt POR,DF,pt Porto,27,1994,1.7,61,14,36,20,5,2,61,0,0,,0,,26,124,23,0,0,0,0,0,36,0,Matches
100,Diego Carlos,br BRA,DF,es Sevilla,28,1993,6.0,461,68,279,173,12,4,461,2,2,100.0,0,0.0,271,785,368,0,0,0,3,1,325,2,Matches
101,Yannick Carrasco,be BEL,"FW,MF",es Atlético Madrid,27,1993,5.2,213,6,42,69,106,20,213,21,16,76.2,5,23.8,131,964,607,22,17,7,12,11,137,28,Matches
102,Scott Carson,eng ENG,GK,eng Manchester City,35,1985,0.2,6,6,6,0,0,0,6,0,0,,0,,0,0,0,0,0,0,0,0,2,0,Matches
103,Dani Carvajal,es ESP,DF,es Real Madrid,29,1992,10.6,768,68,301,270,202,11,768,11,7,63.6,4,36.4,356,1745,831,14,16,1,12,7,499,44,Matches
104,Casemiro,br BRA,MF,es Real Madrid,29,1992,10.1,678,50,232,358,93,12,678,17,12,70.6,5,29.4,316,1491,731,7,6,0,9,11,457,5,Matches
105,Frank Castañeda,co COL,"FW,MF",md Sheriff Tiraspol,27,1994,3.9,133,3,35,52,49,3,133,5,4,80.0,1,20.0,93,534,271,9,3,1,12,8,76,7,Matches
106,Koen Casteels,be BEL,GK,de Wolfsburg,29,1992,5.0,202,168,202,0,0,0,202,0,0,,0,,118,637,347,0,0,0,0,0,94,0,Matches
107,Edinson Cavani,uy URU,FW,eng Manchester Utd,34,1987,0.9,43,1,8,14,21,5,43,2,1,50.0,1,50.0,17,79,14,0,0,0,1,2,33,10,Matches
108,Dani Ceballos,es ESP,"MF,FW",es Real Madrid,24,1996,0.5,28,3,13,11,5,1,28,1,1,100.0,0,0.0,12,88,27,0,2,0,1,1,12,1,Matches
109,Dumitru Celeadnic,md MDA,GK,md Sheriff Tiraspol,29,1992,1.0,37,32,37,0,0,0,37,0,0,,0,,14,74,32,0,0,0,0,0,7,0,Matches
110,Zeki Çelik,tr TUR,DF,fr Lille,24,1997,6.5,446,13,122,237,89,6,446,14,6,42.9,8,57.1,194,913,550,10,4,1,4,3,260,25,Matches
111,Trevoh Chalobah,eng ENG,DF,eng Chelsea,22,1999,2.0,129,2,36,69,25,3,129,1,1,100.0,0,0.0,79,443,203,1,4,0,1,1,87,0,Matches
112,Giorgio Chiellini,it ITA,DF,it Juventus,36,1984,0.1,5,3,4,1,0,0,5,0,0,,0,,0,0,0,0,0,0,0,0,0,0,Matches
113,Federico Chiesa,it ITA,"FW,MF",it Juventus,23,1997,3.7,144,4,9,44,93,23,144,14,10,71.4,4,28.6,89,675,384,17,8,9,9,2,108,29,Matches
114,Ben Chilwell,eng ENG,DF,eng Chelsea,24,1996,2.1,140,2,17,41,83,7,140,0,0,,0,,58,298,138,5,1,1,6,3,83,13,Matches
115,Dmitri Chistyakov,ru RUS,DF,ru Zenit,27,1994,4.9,248,44,143,93,12,8,248,0,0,,0,,146,474,169,0,1,0,1,0,179,0,Matches
116,Andreas Christensen,dk DEN,DF,eng Chelsea,25,1996,6.7,625,27,184,395,49,4,625,5,5,100.0,0,0.0,409,1926,1127,7,12,0,4,2,491,5,Matches
117,Anders Christiansen,dk DEN,MF,se Malmö,31,1990,3.6,233,15,71,123,40,5,233,10,7,70.0,3,30.0,169,825,434,9,3,0,5,5,176,5,Matches
118,Samuel Chukwueze,ng NGA,"MF,FW",es Villarreal,22,1999,3.1,86,1,17,27,43,5,86,11,3,27.3,8,72.7,56,477,176,7,5,1,11,2,61,15,Matches
119,Claudinho,br BRA,"MF,FW",ru Zenit,24,1997,5.1,356,5,67,169,127,16,356,17,9,52.9,8,47.1,226,934,304,8,5,1,14,6,251,26,Matches
120,Sebastián Coates,uy URU,DF,pt Sporting CP,30,1990,6.0,301,45,160,133,13,12,301,2,2,100.0,0,0.0,143,585,265,0,1,0,4,0,182,0,Matches
121,Serafim Cojocari,md MDA,FW,md Sheriff Tiraspol,20,2001,0.0,0,0,0,0,0,0,0,0,0,,0,,0,0,0,0,0,0,0,0,0,0,Matches
122,Maxim Cojocaru,md MDA,"FW,MF",md Sheriff Tiraspol,23,1998,0.2,5,1,2,1,2,1,5,1,0,0.0,1,100.0,4,11,3,0,0,1,1,0,3,1,Matches
123,Antonio Čolak,hr CRO,FW,se Malmö,27,1993,5.5,123,5,12,62,50,7,123,6,3,50.0,3,50.0,73,318,100,5,0,1,9,6,81,20,Matches
124,Kingsley Coman,fr FRA,FW,de Bayern Munich,25,1996,7.0,458,4,32,134,295,47,458,56,37,66.1,19,33.9,322,2174,1229,41,20,17,18,6,359,138,Matches
125,Francisco Conceição,pt POR,MF,pt Porto,18,2002,0.4,21,1,3,10,8,1,21,0,0,,0,,12,67,30,1,1,1,1,0,11,2,Matches
126,Francis Coquelin,fr FRA,MF,es Villarreal,30,1991,5.1,206,11,47,100,62,14,206,16,11,68.8,5,31.3,119,567,292,10,6,3,17,4,137,19,Matches
127,Jesús Corona,mx MEX,"DF,FW",pt Porto,28,1993,2.4,124,8,53,45,27,1,124,7,3,42.9,4,57.1,60,288,147,2,3,1,4,2,69,5,Matches
128,Ángel Correa,ar ARG,"FW,MF",es Atlético Madrid,26,1995,4.5,184,2,22,74,89,30,184,11,5,45.5,6,54.5,123,533,305,12,7,6,16,13,139,30,Matches
129,Joaquín Correa,ar ARG,FW,it Inter,26,1994,1.2,38,0,4,16,18,6,38,3,0,0.0,3,100.0,27,187,85,3,1,4,2,1,28,7,Matches
130,Bruno Xavier Almeida Costa,pt POR,MF,pt Porto,24,1997,0.1,11,0,2,8,1,0,11,0,0,,0,,5,38,12,0,0,0,0,0,7,0,Matches
131,Diogo Costa,pt POR,GK,pt Porto,21,1999,6.0,294,220,291,3,0,0,294,0,0,,0,,182,808,535,0,0,0,0,0,155,0,Matches
132,Fernando Costanza,br BRA,DF,md Sheriff Tiraspol,22,1998,6.0,301,49,149,98,59,2,301,6,3,50.0,3,50.0,122,686,398,11,5,1,5,6,110,9,Matches
133,Thibaut Courtois,be BEL,GK,es Real Madrid,29,1992,13.7,533,469,530,3,0,0,533,1,1,100.0,0,0.0,343,1753,946,0,0,0,0,0,316,0,Matches
134,Philippe Coutinho,br BRA,"FW,MF",es Barcelona,29,1992,1.2,85,0,3,33,50,5,85,6,4,66.7,2,33.3,60,362,221,10,4,1,3,6,76,11,Matches
135,Juan Cuadrado,co COL,"DF,MF",it Juventus,33,1988,5.2,353,13,85,149,121,12,353,12,10,83.3,2,16.7,205,1132,635,16,19,4,7,5,241,40,Matches
136,Matheus Cunha,br BRA,FW,es Atlético Madrid,22,1999,1.6,40,2,7,20,14,8,40,5,3,60.0,2,40.0,25,213,94,4,5,2,6,3,28,3,Matches
137,Danilo D'Ambrosio,it ITA,DF,it Inter,32,1988,1.6,75,1,33,34,8,1,75,0,0,,0,,54,193,95,0,0,0,2,0,54,5,Matches
138,Cosimo Marco Da Graca,it ITA,FW,it Juventus,19,2002,0.0,2,0,0,1,2,1,2,0,0,,0,,1,3,0,0,0,0,1,0,0,0,Matches
139,Johan Dahlin,se SWE,GK,se Malmö,34,1986,3.5,121,110,121,0,0,0,121,0,0,,0,,50,314,102,0,0,0,0,0,27,0,Matches
140,Mahmoud Dahoud,de GER,MF,de Dortmund,25,1996,2.4,176,2,23,94,60,7,176,9,7,77.8,2,22.2,121,559,230,3,2,2,3,5,137,11,Matches
141,Diogo Dalot,pt POR,DF,eng Manchester Utd,22,1999,2.6,192,7,44,110,40,2,192,6,3,50.0,3,50.0,89,417,287,7,2,0,2,0,117,6,Matches
142,Danilo,br BRA,DF,it Juventus,30,1991,5.0,446,36,128,266,54,5,446,2,1,50.0,1,50.0,254,1070,615,10,5,0,3,2,327,7,Matches
143,Arnaut Danjuma,nl NED,FW,es Villarreal,24,1997,10.0,276,3,20,83,178,52,275,38,16,42.1,22,57.9,190,1195,584,26,13,19,29,14,217,62,Matches
144,Mohamed Daramy,dk DEN,FW,nl Ajax,19,2002,0.6,37,1,1,8,28,5,37,8,5,62.5,3,37.5,27,189,129,6,3,0,0,2,31,12,Matches
145,Matteo Darmian,it ITA,DF,it Inter,31,1989,2.2,90,2,18,24,48,9,90,1,0,0.0,1,100.0,50,103,48,0,3,0,1,1,57,16,Matches
146,Jonathan David,ca CAN,FW,fr Lille,21,2000,7.5,222,4,13,114,97,27,221,15,10,66.7,5,33.3,115,601,296,7,4,2,28,16,169,47,Matches
147,Alphonso Davies,ca CAN,DF,de Bayern Munich,20,2000,5.3,401,12,100,144,169,23,401,33,27,81.8,6,18.2,272,1673,998,30,16,7,17,10,256,60,Matches
148,Kevin De Bruyne,be BEL,MF,eng Manchester City,30,1991,8.1,518,2,34,204,281,27,518,19,11,57.9,8,42.1,388,1699,936,26,25,4,17,11,400,63,Matches
149,Charles De Ketelaere,be BEL,FW,be Club Brugge,20,2001,5.5,214,4,13,95,108,26,214,14,6,42.9,8,57.1,113,514,205,8,4,4,20,5,146,42,Matches
150,Rodrigo De Paul,ar ARG,MF,es Atlético Madrid,27,1994,6.4,389,12,86,203,102,8,389,7,4,57.1,3,42.9,207,1074,564,13,8,0,12,9,249,15,Matches
151,Mattia De Sciglio,it ITA,DF,it Juventus,28,1992,3.2,229,6,75,74,81,4,229,8,3,37.5,5,62.5,113,398,187,6,2,1,7,1,148,43,Matches
152,Koni De Winter,be BEL,DF,it Juventus,19,2002,0.9,86,0,21,49,17,0,86,2,2,100.0,0,0.0,50,319,152,4,0,0,0,2,62,7,Matches
153,Thomas Delaney,dk DEN,MF,es Sevilla,29,1991,2.2,111,8,38,57,16,3,111,0,0,,0,,57,193,105,3,0,1,0,1,64,5,Matches
154,Liam Delap,eng ENG,FW,eng Manchester City,18,2003,0.1,1,0,0,1,0,0,1,0,0,,0,,0,0,0,0,0,0,1,0,0,0,Matches
155,Ousmane Dembélé,fr FRA,"FW,DF",es Barcelona,24,1997,1.4,82,0,2,33,48,12,82,8,3,37.5,5,62.5,60,644,394,13,8,7,4,2,66,25,Matches
156,Yusuf Demir,at AUT,"DF,FW",es Barcelona,18,2003,1.1,70,0,10,25,38,3,70,8,4,50.0,4,50.0,47,294,134,6,11,2,6,2,53,10,Matches
157,Merih Demiral,tr TUR,DF,it Atalanta,23,1998,4.1,222,30,117,102,5,5,222,1,1,100.0,0,0.0,118,714,330,3,0,0,5,1,123,1,Matches
158,Dentinho,br BRA,FW,ua Shakhtar,32,1989,0.1,2,0,0,1,1,0,2,0,0,,0,,1,5,1,0,0,0,0,0,1,0,Matches
159,Sergiño Dest,us USA,"DF,FW",es Barcelona,20,2000,2.6,162,3,31,63,70,8,162,9,8,88.9,1,11.1,104,643,352,9,8,2,8,7,110,20,Matches
160,Ersin Destanoğlu,tr TUR,GK,tr Beşiktaş,20,2001,5.0,174,146,171,3,0,0,174,0,0,,0,,85,377,206,0,0,0,0,0,55,0,Matches
161,Ángel Di María,ar ARG,FW,fr Paris S-G,33,1988,2.9,200,5,30,85,87,10,200,6,2,33.3,4,66.7,115,625,252,5,5,3,5,3,151,20,Matches
162,Boulaye Dia,sn SEN,FW,es Villarreal,24,1996,2.9,84,3,11,34,39,7,84,3,0,0.0,3,100.0,49,274,130,6,2,2,15,1,59,14,Matches
163,Abdou Diallo,sn SEN,DF,fr Paris S-G,25,1996,1.8,152,25,80,66,6,0,152,2,1,50.0,1,50.0,86,473,305,0,0,0,0,1,97,1,Matches
164,Amad Diallo,ci CIV,MF,eng Manchester Utd,19,2002,0.7,36,2,6,18,13,2,36,3,1,33.3,2,66.7,26,179,98,4,2,1,2,1,23,3,Matches
165,Rúben Dias,pt POR,DF,eng Manchester City,24,1997,7.4,528,51,237,278,16,5,528,1,1,100.0,0,0.0,378,1739,1127,3,5,1,3,0,384,2,Matches
166,Ismael Diawara,ml MLI,GK,se Malmö,26,1994,2.5,84,79,84,0,0,0,84,0,0,,0,,36,148,89,0,0,0,1,0,26,0,Matches
167,Brahim Díaz,ma MAR,MF,it Milan,21,1999,3.9,161,2,8,97,59,5,161,24,12,50.0,12,50.0,104,887,394,11,12,1,9,7,117,13,Matches
168,Luis Díaz,co COL,"MF,FW",pt Porto,24,1997,5.8,257,3,24,93,146,26,257,31,19,61.3,12,38.7,169,1384,628,22,15,8,29,11,179,46,Matches
169,Luis Díaz,co COL,FW,eng Liverpool,24,1997,4.3,251,0,13,95,148,31,251,26,17,65.4,9,34.6,168,1217,543,19,8,9,19,5,209,55,Matches
170,Federico Dimarco,it ITA,DF,it Inter,23,1997,3.1,225,12,56,84,88,6,225,3,0,0.0,3,100.0,129,616,405,7,3,1,5,1,129,20,Matches
171,Junior Dina Ebimbe,fr FRA,MF,fr Paris S-G,20,2000,0.1,11,0,0,6,5,1,11,0,0,,0,,8,53,16,1,0,1,0,0,9,1,Matches
172,Tiago Djaló,pt POR,DF,fr Lille,21,2000,5.9,367,34,158,176,37,2,367,12,6,50.0,6,50.0,204,1008,489,8,4,1,6,1,218,5,Matches
173,Berat Djimsiti,al ALB,DF,it Atalanta,28,1993,2.9,225,8,85,115,26,3,225,0,0,,0,,122,587,302,4,3,0,2,0,132,3,Matches
174,Dodô,br BRA,DF,ua Shakhtar,22,1998,6.0,392,20,117,168,113,15,392,13,6,46.2,7,53.8,246,1233,586,12,11,2,8,8,257,53,Matches
175,Gianluigi Donnarumma,it ITA,GK,fr Paris S-G,22,1999,5.0,171,151,171,0,0,0,171,0,0,,0,,89,486,275,0,0,0,0,0,72,0,Matches
176,Bas Dost,nl NED,FW,be Club Brugge,32,1989,0.8,33,3,6,18,9,5,33,0,0,,0,,7,7,3,0,0,0,0,0,20,1,Matches
177,Julian Draxler,de GER,"MF,FW",fr Paris S-G,27,1993,1.6,94,1,18,58,21,3,94,2,1,50.0,1,50.0,48,215,121,2,1,2,2,3,74,8,Matches
178,Gustavo Dulanto,pe PER,DF,md Sheriff Tiraspol,25,1995,6.0,278,91,203,69,9,5,278,1,1,100.0,0,0.0,164,723,391,1,1,0,2,0,159,0,Matches
179,Denzel Dumfries,nl NED,DF,it Inter,25,1996,5.2,207,6,47,71,91,26,207,4,3,75.0,1,25.0,111,522,183,9,2,5,14,6,122,40,Matches
180,Paulo Dybala,ar ARG,"FW,MF",it Juventus,27,1993,2.8,215,0,12,106,99,18,213,11,10,90.9,1,9.1,128,650,265,8,8,6,9,2,172,28,Matches
181,Edin Džeko,ba BIH,FW,it Inter,35,1986,6.0,225,10,19,102,109,38,225,11,5,45.5,6,54.5,135,620,271,9,3,2,8,8,176,51,Matches
182,Artem Dzyuba,ru RUS,FW,ru Zenit,32,1988,3.1,100,9,11,38,51,22,100,2,1,50.0,1,50.0,53,142,40,0,2,0,11,1,72,15,Matches
183,Ederson,br BRA,GK,eng Manchester City,27,1993,11.1,342,273,340,3,0,0,342,0,0,,0,,221,931,603,0,0,0,0,0,198,0,Matches
184,Marcus Edwards,eng ENG,MF,pt Sporting CP,22,1998,0.4,17,1,4,5,10,1,17,1,1,100.0,0,0.0,14,173,129,4,5,0,0,2,13,2,Matches
185,CJ Egan-Riley,eng ENG,DF,eng Manchester City,18,2003,1.0,72,3,8,42,22,0,72,3,3,100.0,0,0.0,54,187,65,2,2,0,2,0,56,6,Matches
186,Noah Eile,se SWE,DF,se Malmö,19,2002,0.0,2,1,2,0,0,0,2,0,0,,0,,1,1,1,0,0,0,0,0,1,0,Matches
187,Anthony Elanga,se SWE,"FW,MF",eng Manchester Utd,19,2002,1.9,64,0,9,26,29,5,64,1,1,100.0,0,0.0,36,198,83,3,2,2,7,0,48,6,Matches
188,Meschak Elia,cd COD,FW,ch Young Boys,23,1997,5.4,187,1,13,69,107,17,187,10,5,50.0,5,50.0,130,892,396,18,7,7,20,6,132,44,Matches
189,Harvey Elliott,eng ENG,MF,eng Liverpool,18,2003,0.6,35,0,5,17,14,3,35,1,0,0.0,1,100.0,17,81,50,1,1,0,0,0,29,4,Matches
190,Youssef En-Nesyri,ma MAR,FW,es Sevilla,24,1997,0.9,19,0,2,6,11,5,19,1,0,0.0,1,100.0,13,19,10,0,0,0,4,2,16,5,Matches
191,Aleksandr Erokhin,ru RUS,MF,ru Zenit,31,1989,1.2,46,2,6,20,20,7,46,0,0,,0,,20,62,21,1,1,0,6,2,28,2,Matches
192,Ricardo Esgaio,pt POR,DF,pt Sporting CP,28,1993,4.3,261,13,109,116,37,2,261,1,1,100.0,0,0.0,126,479,227,3,4,2,5,3,144,14,Matches
193,Dario Essugo,pt POR,MF,pt Sporting CP,16,2005,0.1,13,3,6,6,1,0,13,0,0,,0,,9,23,1,0,1,0,0,0,8,0,Matches
194,Gonçalo Esteves,pt POR,DF,pt Sporting CP,17,2004,0.8,44,0,18,17,10,3,44,2,1,50.0,1,50.0,35,173,107,4,1,3,1,3,30,3,Matches
195,Pervis Estupiñán,ec ECU,DF,es Villarreal,23,1998,7.2,453,42,193,151,112,1,453,10,5,50.0,5,50.0,200,853,422,10,8,1,7,3,217,16,Matches
196,Evanilson,br BRA,FW,pt Porto,21,1999,3.4,107,4,7,41,59,15,107,8,3,37.5,5,62.5,53,272,79,5,1,4,12,3,81,18,Matches
197,Fabinho,br BRA,MF,eng Liverpool,27,1993,9.4,713,14,118,484,114,6,713,6,5,83.3,1,16.7,387,1716,829,6,22,0,7,4,499,16,Matches
198,Guillaume Faivre,ch SUI,GK,ch Young Boys,34,1987,3.0,142,91,141,1,0,0,142,0,0,,0,,108,455,290,0,0,0,0,0,102,0,Matches
199,Christian Fassnacht,ch SUI,"MF,FW",ch Young Boys,27,1993,3.0,135,2,19,69,48,11,135,5,0,0.0,5,100.0,90,337,120,3,1,0,9,2,88,20,Matches
200,Ansu Fati,es ESP,FW,es Barcelona,18,2002,1.7,96,1,9,29,59,11,96,5,2,40.0,3,60.0,64,332,143,2,3,0,5,10,83,15,Matches
201,Zouhair Feddal,ma MAR,DF,pt Sporting CP,32,1989,5.0,326,59,184,133,12,6,326,6,4,66.7,2,33.3,183,838,504,4,1,1,3,0,228,0,Matches
202,Felipe,br BRA,DF,es Atlético Madrid,32,1989,5.2,261,38,138,121,4,1,261,4,2,50.0,2,50.0,152,799,321,1,1,0,4,2,142,0,Matches
203,João Félix,pt POR,"FW,MF",es Atlético Madrid,21,1999,6.3,234,7,26,117,93,15,234,16,5,31.3,11,68.8,165,1073,551,19,19,4,15,9,199,33,Matches
204,Bruno Fernandes,pt POR,MF,eng Manchester Utd,26,1994,5.8,421,13,50,202,173,22,421,11,5,45.5,6,54.5,207,973,496,8,11,2,18,7,314,42,Matches
205,Fernandinho,br BRA,"MF,DF",eng Manchester City,36,1985,3.9,330,7,44,235,56,7,330,2,2,100.0,0,0.0,246,1220,777,7,14,0,5,0,256,7,Matches
206,Fernando,br BRA,MF,es Sevilla,34,1987,6.0,355,16,142,193,24,5,355,10,9,90.0,1,10.0,186,705,378,3,3,0,9,4,207,5,Matches
207,Fernando,br BRA,FW,ua Shakhtar,22,1999,3.8,124,1,7,40,80,20,124,16,7,43.8,9,56.3,81,523,272,10,10,4,11,3,86,25,Matches
208,Roberto Firmino,br BRA,FW,eng Liverpool,29,1991,3.6,237,2,14,116,110,24,237,10,4,40.0,6,60.0,123,639,269,9,8,1,16,8,174,31,Matches
209,Alessandro Florenzi,it ITA,"DF,FW",it Milan,30,1991,1.0,53,8,19,22,12,2,53,0,0,,0,,20,80,48,0,1,1,1,0,28,2,Matches
210,Phil Foden,eng ENG,FW,eng Manchester City,21,2000,7.3,385,2,17,141,232,43,385,15,6,40.0,9,60.0,300,1366,618,25,11,7,17,10,325,79,Matches
211,José Fonte,pt POR,DF,fr Lille,37,1983,8.0,444,53,208,217,23,5,444,0,0,,0,,207,1001,592,4,3,0,1,0,258,0,Matches
212,Emil Forsberg,se SWE,"MF,FW",de RB Leipzig,29,1991,4.3,203,2,13,92,99,14,202,3,2,66.7,1,33.3,100,635,340,10,6,3,8,3,145,16,Matches
213,Juan Foyth,ar ARG,DF,es Villarreal,23,1998,9.9,573,39,233,285,66,4,573,16,10,62.5,6,37.5,259,1497,877,14,9,0,15,9,266,5,Matches
214,Lassina Franck Traoré,bf BFA,FW,ua Shakhtar,20,2001,1.1,27,1,1,7,19,7,27,0,0,,0,,12,26,3,0,0,1,3,1,22,7,Matches
215,Fred,br BRA,MF,eng Manchester Utd,28,1993,4.8,321,8,72,194,55,4,321,5,2,40.0,3,60.0,137,548,205,1,3,2,3,4,210,6,Matches
216,Remo Freuler,ch SUI,MF,it Atalanta,29,1992,5.8,429,16,103,226,104,5,429,6,4,66.7,2,33.3,247,1417,698,15,10,2,10,7,282,6,Matches
217,Roberto Gagliardini,it ITA,MF,it Inter,27,1994,0.8,66,6,26,27,14,0,66,0,0,,0,,33,165,69,1,0,0,3,0,48,5,Matches
218,Idrissa Gana Gueye,sn SEN,MF,fr Paris S-G,31,1989,4.4,260,14,79,146,39,4,260,8,6,75.0,2,25.0,138,672,319,6,4,1,7,6,185,8,Matches
219,Eric García,es ESP,DF,es Barcelona,20,2001,2.7,235,16,83,140,12,2,235,0,0,,0,,165,690,394,4,1,0,1,1,187,0,Matches
220,Ulisses Garcia,ch SUI,DF,ch Young Boys,25,1996,4.8,317,8,104,126,90,3,317,13,5,38.5,8,61.5,210,1044,614,15,12,0,11,6,201,23,Matches
221,Mario Gaspar,es ESP,DF,es Villarreal,30,1990,1.0,51,3,13,24,14,2,51,1,0,0.0,1,100.0,33,96,49,0,0,0,0,0,30,3,Matches
222,Gavi,es ESP,"MF,FW",es Barcelona,16,2004,4.4,223,2,20,117,90,9,223,14,10,71.4,4,28.6,159,819,384,12,6,1,5,14,165,25,Matches
223,David de Gea,es ESP,GK,eng Manchester Utd,30,1990,7.0,185,166,184,1,0,0,185,0,0,,0,,62,264,136,0,0,0,0,0,69,0,Matches
224,Yannick Gerhardt,de GER,FW,de Wolfsburg,27,1994,2.1,94,2,16,46,33,5,94,1,1,100.0,0,0.0,60,228,111,3,0,1,9,4,64,14,Matches
225,Rachid Ghezzal,dz ALG,"FW,MF",tr Beşiktaş,29,1992,3.8,221,2,40,112,72,12,220,10,5,50.0,5,50.0,140,910,574,18,13,4,14,9,156,25,Matches
226,Gilberto,br BRA,"DF,MF",pt Benfica,28,1993,7.9,512,36,175,222,120,7,512,25,14,56.0,11,44.0,230,1168,637,20,8,0,15,5,239,17,Matches
227,Daniel Ginczek,de GER,FW,de Wolfsburg,30,1991,0.0,1,0,0,0,1,0,1,0,0,,0,,0,0,0,0,0,0,0,0,1,0,Matches
228,Olivier Giroud,fr FRA,FW,it Milan,34,1986,2.9,90,5,15,36,39,11,90,1,0,0.0,1,100.0,37,155,37,1,2,0,12,3,72,14,Matches
229,Serge Gnabry,de GER,"FW,MF",de Bayern Munich,26,1995,4.3,302,1,26,102,174,41,302,16,11,68.8,5,31.3,199,969,509,17,13,8,9,10,233,70,Matches
230,Angel Gomes,eng ENG,MF,fr Lille,20,2000,1.9,76,1,11,41,25,6,76,3,1,33.3,2,66.7,41,192,71,2,3,2,4,3,48,11,Matches
231,Joe Gomez,eng ENG,DF,eng Liverpool,24,1997,2.8,255,9,71,158,28,2,255,2,2,100.0,0,0.0,159,685,339,7,5,1,2,2,171,5,Matches
232,Moi Gómez,es ESP,"MF,FW",es Villarreal,27,1994,2.5,106,4,22,40,44,5,106,5,2,40.0,3,60.0,61,425,177,8,4,2,3,4,76,14,Matches
233,Papu Gómez,ar ARG,"FW,MF",es Sevilla,33,1988,3.6,229,1,26,101,102,10,229,12,8,66.7,4,33.3,148,709,330,9,11,3,8,6,182,34,Matches
234,Diogo Gonçalves,pt POR,"MF,FW",pt Benfica,24,1997,1.5,78,10,24,29,25,1,78,4,0,0.0,4,100.0,35,175,74,3,3,1,2,4,45,8,Matches
235,Pedro Gonçalves,pt POR,MF,pt Sporting CP,23,1998,3.6,141,0,15,73,56,13,139,13,4,30.8,9,69.2,74,386,195,9,4,4,7,5,84,22,Matches
236,Nicolás González,es ESP,MF,es Barcelona,19,2002,2.8,172,3,17,84,75,4,172,12,9,75.0,3,25.0,118,636,386,10,10,0,3,4,130,10,Matches
237,Leon Goretzka,de GER,MF,de Bayern Munich,26,1995,5.2,409,15,64,226,123,20,409,3,2,66.7,1,33.3,266,1128,617,10,8,3,8,1,296,24,Matches
238,Robin Gosens,de GER,DF,it Atalanta,27,1994,1.1,77,5,22,25,30,3,77,3,2,66.7,1,33.3,47,123,62,0,4,0,1,0,48,5,Matches
239,Ryan Gravenberch,nl NED,MF,nl Ajax,19,2002,7.8,487,12,61,237,197,26,487,24,14,58.3,10,41.7,329,1810,1016,21,20,6,23,7,353,38,Matches
240,Ivo Grbić,hr CRO,GK,fr Lille,25,1996,6.0,181,164,179,2,0,0,181,0,0,,0,,89,586,407,0,0,0,0,0,55,0,Matches
241,Jack Grealish,eng ENG,FW,eng Manchester City,25,1995,5.1,314,2,31,105,183,37,314,15,9,60.0,6,40.0,247,1779,1000,41,17,24,10,6,252,81,Matches
242,Mason Greenwood,eng ENG,FW,eng Manchester Utd,19,2001,3.4,173,2,15,87,72,8,173,9,3,33.3,6,66.7,96,550,221,6,3,2,10,1,139,32,Matches
243,Antoine Griezmann,fr FRA,"FW,MF",es Atlético Madrid,30,1991,5.7,258,4,30,147,84,18,258,4,3,75.0,1,25.0,107,645,342,10,7,4,10,7,165,29,Matches
244,Álex Grimaldo,es ESP,"DF,MF",pt Benfica,25,1995,9.6,507,34,177,184,155,4,507,21,13,61.9,8,38.1,246,1287,698,18,15,2,12,7,265,42,Matches
245,Marko Grujić,rs SRB,MF,pt Porto,25,1996,3.6,180,8,38,102,42,9,180,2,2,100.0,0,0.0,78,428,219,6,3,2,8,0,108,4,Matches
246,Gabriel Gudmundsson,se SWE,"MF,DF",fr Lille,22,1999,2.7,137,9,47,60,32,2,137,6,2,33.3,4,66.7,64,539,253,10,7,1,9,2,69,10,Matches
247,Raphaël Guerreiro,pt POR,DF,de Dortmund,27,1993,2.0,154,4,30,82,44,4,154,4,3,75.0,1,25.0,103,421,255,5,1,1,2,2,106,9,Matches
248,Josuha Guilavogui,fr FRA,"MF,DF",de Wolfsburg,30,1990,4.7,266,37,117,135,15,2,266,3,1,33.3,2,66.7,94,255,102,1,1,0,4,2,123,2,Matches
249,Daouda Guindo,ml MLI,DF,at RB Salzburg,18,2002,0.1,8,0,1,6,2,0,8,0,0,,0,,7,24,14,0,0,0,0,0,6,2,Matches
250,Péter Gulácsi,hu HUN,GK,de RB Leipzig,31,1990,5.0,195,166,195,0,0,0,195,0,0,,0,,107,428,202,0,0,0,0,0,111,0,Matches
251,İlkay Gündoğan,de GER,MF,eng Manchester City,30,1990,7.4,473,7,61,242,176,23,473,11,6,54.5,5,45.5,343,1608,701,14,16,0,11,9,380,43,Matches
252,Mert Günok,tr TUR,GK,tr Beşiktaş,32,1989,1.0,48,41,48,0,0,0,48,0,0,,0,,21,91,52,0,0,0,0,0,22,0,Matches
253,Miguel Gutiérrez,es ESP,DF,es Real Madrid,20,2001,0.7,65,0,7,29,29,2,65,1,0,0.0,1,100.0,32,146,44,0,1,0,0,0,42,5,Matches
254,Joško Gvardiol,hr CRO,DF,de RB Leipzig,19,2002,3.7,252,31,116,102,38,10,252,6,4,66.7,2,33.3,117,727,336,4,5,0,4,3,147,11,Matches
255,Erling Haaland,no NOR,FW,de Dortmund,21,2000,2.3,89,4,5,30,54,21,89,10,2,20.0,8,80.0,42,293,99,5,3,3,6,2,66,19,Matches
256,Munir El Haddadi,ma MAR,"FW,MF",es Sevilla,25,1995,2.3,70,0,3,22,45,7,70,1,1,100.0,0,0.0,39,146,47,2,0,1,3,5,56,14,Matches
257,Amadou Haidara,ml MLI,MF,de RB Leipzig,23,1998,2.0,151,4,20,87,45,2,151,3,2,66.7,1,33.3,86,520,290,4,7,1,0,3,102,3,Matches
258,Achraf Hakimi,ma MAR,DF,fr Paris S-G,22,1998,8.0,565,31,189,243,136,14,565,21,11,52.4,10,47.6,288,1345,711,16,11,5,11,5,394,47,Matches
259,Sébastien Haller,ci CIV,FW,nl Ajax,27,1994,7.4,248,5,18,100,134,50,247,14,8,57.1,6,42.9,124,440,215,6,6,2,14,5,172,43,Matches
260,Samir Handanović,si SVN,GK,it Inter,37,1984,8.0,269,248,269,0,0,0,269,0,0,,0,,190,793,516,0,0,0,0,0,171,0,Matches
261,Denys Harmash,ua UKR,FW,ua Dynamo Kyiv,31,1990,3.6,146,2,22,69,56,10,146,6,3,50.0,3,50.0,78,470,245,8,6,3,10,1,109,11,Matches
262,Hans Hateboer,nl NED,DF,it Atalanta,27,1994,1.0,57,2,10,10,37,2,57,1,0,0.0,1,100.0,33,203,58,2,3,0,2,1,37,16,Matches
263,Kai Havertz,de GER,"FW,MF",eng Chelsea,22,1999,7.5,374,7,18,126,232,57,374,20,9,45.0,11,55.0,208,1127,515,17,15,12,27,11,295,62,Matches
264,Eden Hazard,be BEL,FW,es Real Madrid,30,1991,0.9,66,0,2,24,40,3,66,3,2,66.7,1,33.3,39,242,89,1,3,0,1,1,57,13,Matches
265,Thorgan Hazard,be BEL,FW,de Dortmund,28,1993,1.6,102,2,11,41,52,6,102,1,0,0.0,1,100.0,61,382,237,7,8,0,4,2,67,8,Matches
266,Tom Heaton,eng ENG,GK,eng Manchester Utd,35,1986,0.3,11,11,11,0,0,0,11,0,0,,0,,4,29,29,0,0,0,0,0,3,0,Matches
267,Silvan Hefti,ch SUI,DF,ch Young Boys,23,1997,4.3,311,14,101,129,83,11,311,4,1,25.0,3,75.0,185,919,455,12,10,2,6,5,182,28,Matches
268,Dean Henderson,eng ENG,GK,eng Manchester Utd,24,1997,0.7,33,29,33,0,0,0,33,0,0,,0,,21,145,89,0,0,0,0,0,13,0,Matches
269,Jordan Henderson,eng ENG,MF,eng Liverpool,31,1990,7.4,691,8,67,403,223,11,691,5,0,0.0,5,100.0,409,1549,680,14,17,1,8,2,536,34,Matches
270,Jack Hendry,sct SCO,DF,be Club Brugge,26,1995,6.0,240,38,143,90,10,5,240,2,1,50.0,1,50.0,104,545,257,2,2,1,5,1,115,0,Matches
271,Benjamin Henrichs,de GER,DF,de RB Leipzig,24,1997,0.6,37,2,20,8,10,1,37,0,0,,0,,11,85,70,3,2,0,0,0,15,1,Matches
272,Mario Hermoso,es ESP,DF,es Atlético Madrid,26,1995,4.7,257,28,128,108,24,1,257,5,5,100.0,0,0.0,112,472,273,3,1,0,3,2,126,5,Matches
273,Lucas Hernández,fr FRA,DF,de Bayern Munich,25,1996,6.3,651,32,202,368,83,4,651,10,7,70.0,3,30.0,459,2373,1611,19,17,0,3,1,454,12,Matches
274,Theo Hernández,fr FRA,DF,it Milan,23,1997,5.0,327,20,100,145,89,10,327,23,17,73.9,6,26.1,181,1464,735,20,17,3,13,9,208,22,Matches
275,Ander Herrera,es ESP,MF,fr Paris S-G,31,1989,3.6,272,12,67,147,59,4,272,3,2,66.7,1,33.3,115,392,160,1,2,0,1,1,212,9,Matches
276,Héctor Herrera,mx MEX,MF,es Atlético Madrid,31,1990,2.5,157,6,36,100,23,1,157,5,3,60.0,2,40.0,82,249,110,2,2,1,2,2,86,2,Matches
277,Callum Hudson-Odoi,eng ENG,"MF,DF",eng Chelsea,20,2000,3.2,197,0,10,63,125,12,197,15,7,46.7,8,53.3,109,587,341,12,3,5,9,4,143,32,Matches
278,Mats Hummels,de GER,DF,de Dortmund,32,1988,3.9,358,30,156,189,17,3,358,4,3,75.0,1,25.0,253,1380,881,4,2,0,2,0,261,2,Matches
279,Atiba Hutchinson,ca CAN,MF,tr Beşiktaş,38,1983,1.7,108,0,14,69,25,6,108,2,1,50.0,1,50.0,46,172,66,1,1,1,2,5,82,6,Matches
280,Vicente Iborra,es ESP,MF,es Villarreal,33,1988,0.1,7,0,2,5,0,0,7,0,0,,0,,3,5,2,0,0,0,0,0,3,0,Matches
281,Zlatan Ibrahimović,se SWE,FW,it Milan,39,1981,1.8,62,1,2,30,31,8,62,0,0,,0,,34,137,55,3,3,1,2,2,50,12,Matches
282,Mauro Icardi,ar ARG,FW,fr Paris S-G,28,1993,0.5,11,1,3,1,7,3,11,0,0,,0,,2,3,0,0,0,0,0,0,8,3,Matches
283,Jonathan Ikone,fr FRA,MF,fr Lille,23,1998,3.3,142,2,13,65,64,8,142,20,11,55.0,9,45.0,89,662,320,14,7,3,11,2,109,31,Matches
284,Josip Iličić,si SVN,"FW,MF",it Atalanta,33,1988,2.8,166,0,15,63,90,8,166,13,7,53.8,6,46.2,121,677,306,11,9,4,8,5,136,21,Matches
285,Gonçalo Inácio,pt POR,DF,pt Sporting CP,19,2001,6.2,320,70,185,131,7,3,320,2,1,50.0,1,50.0,191,1074,654,5,1,0,2,3,211,0,Matches
286,Jo Inge Berget,no NOR,DF,se Malmö,30,1990,4.9,253,14,90,123,42,3,253,9,5,55.6,4,44.4,145,669,293,6,4,1,2,3,145,16,Matches
287,Bonke Innocent,ng NGA,MF,se Malmö,25,1996,5.5,268,16,83,169,17,0,268,1,1,100.0,0,0.0,174,602,162,0,3,0,7,3,171,5,Matches
288,Zidane Iqbal,iq IRQ,MF,eng Manchester Utd,18,2003,0.0,4,0,2,1,1,0,4,1,1,100.0,0,0.0,3,26,7,0,1,0,0,0,3,0,Matches
289,Ismaily,br BRA,DF,ua Shakhtar,31,1990,3.9,270,20,82,102,88,15,270,7,5,71.4,2,28.6,155,599,303,9,9,2,5,1,165,23,Matches
290,José Izquierdo,co COL,DF,be Club Brugge,29,1992,0.1,5,0,1,1,3,2,5,1,1,100.0,0,0.0,2,8,6,1,0,1,1,0,3,0,Matches
291,Reece James,eng ENG,"DF,MF",eng Chelsea,21,1999,5.6,466,13,91,190,188,7,466,11,7,63.6,4,36.4,294,1350,649,13,17,2,5,4,319,43,Matches
292,Léo Jardim,br BRA,GK,fr Lille,26,1995,2.0,42,39,42,0,0,0,42,0,0,,0,,31,131,87,0,0,0,0,0,22,0,Matches
293,Gabriel Jesus,br BRA,FW,eng Manchester City,24,1997,3.9,173,2,10,53,111,19,173,15,12,80.0,3,20.0,122,686,375,16,2,5,13,5,133,30,Matches
294,Curtis Jones,eng ENG,"MF,FW",eng Liverpool,20,2001,2.1,163,3,16,90,61,7,163,9,7,77.8,2,22.2,104,645,339,8,9,1,5,2,127,12,Matches
295,Frenkie de Jong,nl NED,MF,es Barcelona,24,1997,5.8,380,8,60,238,90,19,380,9,7,77.8,2,22.2,238,1315,715,13,14,0,10,8,289,23,Matches
296,Luuk de Jong,nl NED,FW,es Barcelona,30,1990,2.0,55,0,6,24,26,8,55,0,0,,0,,26,70,18,0,0,1,3,4,38,2,Matches
297,Joan Jordán,es ESP,"MF,FW",es Sevilla,27,1994,3.6,272,5,59,149,65,5,272,13,5,38.5,8,61.5,155,564,214,4,5,1,5,3,188,5,Matches
298,Jorginho,it ITA,MF,eng Chelsea,29,1991,6.2,593,5,78,376,145,6,591,7,3,42.9,4,57.1,327,1475,839,9,15,0,5,2,444,7,Matches
299,Diogo Jota,pt POR,FW,eng Liverpool,24,1996,6.4,325,2,24,146,159,41,325,31,11,35.5,19,61.3,189,1045,553,22,14,12,22,10,240,55,Matches
300,Luka Jović,rs SRB,FW,es Real Madrid,23,1997,1.3,49,1,2,24,24,9,49,1,0,0.0,1,100.0,29,97,19,0,1,0,1,3,43,6,Matches
301,Keston Julien,tt TRI,FW,md Sheriff Tiraspol,22,1998,0.6,26,3,12,7,7,0,26,0,0,,0,,17,93,49,1,0,0,1,1,17,2,Matches
302,Vinicius Júnior,br BRA,FW,es Real Madrid,21,2000,13.3,625,1,55,168,416,97,625,73,32,43.8,41,56.2,450,3832,2255,73,41,38,32,28,507,156,Matches
303,Pierre Kalulu,fr FRA,DF,it Milan,21,2000,2.4,130,6,40,60,32,3,130,3,2,66.7,1,33.3,52,340,206,6,4,1,7,0,63,9,Matches
304,Kevin Kampl,si SVN,MF,de RB Leipzig,30,1990,3.0,212,9,56,121,38,1,212,2,2,100.0,0,0.0,95,555,226,2,6,0,3,3,144,4,Matches
305,Wilfried Kanga,ci CIV,FW,ch Young Boys,23,1998,0.9,27,0,0,10,17,6,27,0,0,,0,,16,88,27,2,0,1,5,2,22,7,Matches
306,N'Golo Kanté,fr FRA,MF,eng Chelsea,30,1991,4.7,330,5,54,174,105,4,330,10,7,70.0,3,30.0,190,1151,572,12,15,2,5,8,251,14,Matches
307,Kenan Karaman,tr TUR,"FW,MF",tr Beşiktaş,27,1994,3.0,109,2,19,49,42,6,109,15,10,66.7,5,33.3,63,484,202,9,7,2,10,13,85,18,Matches
308,Oleksandr Karavayev,ua UKR,"DF,MF",ua Dynamo Kyiv,29,1992,1.8,98,10,22,30,46,5,98,2,1,50.0,1,50.0,45,373,167,3,4,1,4,0,62,15,Matches
309,Vyacheslav Karavayev,ru RUS,DF,ru Zenit,26,1995,3.3,183,9,76,65,46,3,183,3,0,0.0,3,100.0,109,494,226,7,5,1,3,1,108,11,Matches
310,Moise Kean,it ITA,FW,it Juventus,21,2000,1.9,65,1,4,30,32,12,65,2,0,0.0,2,100.0,36,198,98,4,3,2,3,1,51,15,Matches
311,Tomasz Kędziora,pl POL,DF,ua Dynamo Kyiv,27,1994,4.0,200,22,92,68,41,2,200,0,0,,0,,90,403,223,5,4,0,4,1,109,4,Matches
312,Thilo Kehrer,de GER,DF,fr Paris S-G,24,1996,0.7,39,5,15,22,2,1,39,0,0,,0,,18,75,39,0,0,0,1,2,22,1,Matches
313,Naby Keïta,gn GUI,MF,eng Liverpool,26,1995,5.4,434,10,52,262,125,15,434,18,8,44.4,10,55.6,257,1432,770,22,21,5,9,8,318,20,Matches
314,Mikhail Kerzhakov,ru RUS,GK,ru Zenit,34,1987,2.0,37,33,37,0,0,0,37,0,0,,0,,18,88,46,0,0,0,0,0,13,0,Matches
315,Franck Kessié,ci CIV,MF,it Milan,24,1996,3.6,220,13,59,129,34,10,220,0,0,,0,,124,560,206,0,5,2,8,6,157,12,Matches
316,Joshua Kimmich,de GER,MF,de Bayern Munich,26,1995,7.8,776,20,130,424,227,6,776,5,3,60.0,2,40.0,520,2471,1057,13,13,1,4,4,561,22,Matches
317,Presnel Kimpembe,fr FRA,DF,fr Paris S-G,25,1995,7.0,460,94,250,205,6,1,460,1,1,100.0,0,0.0,247,1290,634,2,3,1,2,6,323,1,Matches
318,Simon Kjær,dk DEN,DF,it Milan,32,1989,3.0,169,30,105,62,3,3,169,0,0,,0,,80,425,341,1,1,0,1,0,105,0,Matches
319,Maurits Kjærgaard,dk DEN,"FW,MF",at RB Salzburg,18,2003,0.5,15,0,0,8,7,2,15,0,0,,0,,9,45,14,1,1,1,3,0,11,3,Matches
320,Davy Klaassen,nl NED,MF,nl Ajax,28,1993,2.6,131,3,18,71,43,6,131,0,0,,0,,74,190,73,1,1,0,4,1,93,4,Matches
321,Lukas Klostermann,de GER,DF,de RB Leipzig,25,1996,3.9,224,36,138,79,8,2,224,1,0,0.0,1,100.0,96,444,182,0,2,0,2,0,133,3,Matches
322,Ansgar Knauff,de GER,"FW,MF",de Dortmund,19,2002,0.3,22,0,5,9,9,1,22,2,1,50.0,1,50.0,10,51,13,0,1,0,2,0,13,2,Matches
323,Gregor Kobel,ch SUI,GK,de Dortmund,23,1997,6.0,191,162,190,1,0,0,191,0,0,,0,,114,436,262,0,0,0,0,0,100,0,Matches
324,Philipp Köhn,ch SUI,GK,at RB Salzburg,23,1998,8.0,242,192,242,0,0,0,242,0,0,,0,,130,734,482,0,0,0,1,0,88,0,Matches
325,Koke,es ESP,MF,es Atlético Madrid,29,1992,7.3,368,15,107,200,65,5,368,3,3,100.0,0,0.0,171,722,356,4,3,0,6,4,254,7,Matches
326,Aleksandar Kolarov,rs SRB,DF,it Inter,35,1985,0.1,8,0,2,2,4,0,8,0,0,,0,,7,27,19,0,0,0,0,0,7,2,Matches
327,Dimitris Kolovos,gr GRE,"MF,FW",md Sheriff Tiraspol,28,1993,4.5,134,2,31,75,31,6,134,17,11,64.7,6,35.3,96,478,203,4,1,1,12,13,87,7,Matches
328,Ibrahima Konaté,fr FRA,DF,eng Liverpool,22,1999,8.0,614,50,275,319,29,10,614,3,2,66.7,1,33.3,365,1731,969,3,6,0,2,3,429,1,Matches
329,Geoffrey Kondogbia,cf CTA,"MF,DF",es Atlético Madrid,28,1993,6.4,309,24,110,169,34,1,309,4,4,100.0,0,0.0,163,873,358,4,2,0,9,4,183,4,Matches
330,Teun Koopmeiners,nl NED,MF,it Atalanta,23,1998,2.4,161,4,44,74,44,3,161,1,0,0.0,1,100.0,85,423,202,5,3,2,2,3,118,2,Matches
331,Viktor Korniienko,ua UKR,DF,ua Shakhtar,22,1999,0.9,64,4,17,27,20,3,64,0,0,,0,,37,115,45,1,0,0,1,0,37,3,Matches
332,Jules Koundé,fr FRA,DF,es Sevilla,22,1998,5.0,392,42,191,182,20,8,392,6,5,83.3,1,16.7,252,1031,631,1,2,0,1,1,258,1,Matches
333,Mateo Kovačić,hr CRO,MF,eng Chelsea,27,1994,4.7,491,5,61,296,145,2,491,17,12,70.6,5,29.4,351,2161,1246,27,31,1,5,3,416,10,Matches
334,Kirill Kravtsov,ru RUS,MF,ru Zenit,19,2002,0.2,15,1,2,11,2,0,15,0,0,,0,,7,29,4,0,0,0,0,0,11,1,Matches
335,Rasmus Kristensen,dk DEN,DF,at RB Salzburg,24,1997,8.0,522,25,146,225,153,18,522,17,8,47.1,9,52.9,193,832,499,14,9,4,15,1,256,37,Matches
336,Stanislav Kritsyuk,ru RUS,GK,ru Zenit,30,1990,4.0,112,102,111,1,0,0,112,1,1,100.0,0,0.0,45,269,208,0,0,0,0,0,32,0,Matches
337,Toni Kroos,de GER,MF,es Real Madrid,31,1990,10.0,893,12,196,509,196,3,893,6,5,83.3,1,16.7,527,2383,1112,12,23,0,6,1,711,14,Matches
338,Danil Krugovoy,ru RUS,"DF,MF",ru Zenit,23,1998,0.8,72,0,8,29,37,6,72,4,3,75.0,1,25.0,49,293,200,6,8,1,2,0,51,15,Matches
339,Rade Krunić,ba BIH,"FW,MF",it Milan,27,1993,2.8,118,5,26,63,30,4,118,5,3,60.0,2,40.0,71,306,107,2,2,1,5,3,81,10,Matches
340,Serhiy Kryvtsov,ua UKR,DF,ua Shakhtar,30,1991,2.1,191,23,78,106,7,0,191,0,0,,0,,135,911,737,7,4,0,1,0,146,0,Matches
341,Mohammed Kudus,gh GHA,MF,nl Ajax,20,2000,0.3,19,0,2,8,9,1,19,1,1,100.0,0,0.0,15,73,40,2,1,0,1,0,15,0,Matches
342,Dejan Kulusevski,se SWE,"FW,MF",it Juventus,21,2000,0.9,38,1,9,9,20,8,38,3,0,0.0,3,100.0,19,151,77,2,3,3,5,2,29,2,Matches
343,Daniil Kuznetsov,ru RUS,MF,ru Zenit,18,2003,0.0,4,0,0,2,2,1,4,0,0,,0,,3,23,0,0,0,0,0,0,2,1,Matches
344,Daler Kuzyaev,ru RUS,MF,ru Zenit,28,1993,2.8,116,8,28,43,47,12,116,6,3,50.0,3,50.0,76,349,127,3,3,1,6,2,79,24,Matches
345,Maxence Lacroix,fr FRA,DF,de Wolfsburg,21,2000,6.0,365,40,230,137,6,3,365,2,2,100.0,0,0.0,194,999,575,0,0,0,3,1,205,1,Matches
346,Konrad Laimer,at AUT,MF,de RB Leipzig,24,1997,4.5,255,2,44,127,87,13,255,10,7,70.0,3,30.0,101,585,334,7,7,3,4,3,154,21,Matches
347,Érik Lamela,ar ARG,"FW,MF",es Sevilla,29,1992,1.4,89,1,19,13,57,9,89,12,8,66.7,4,33.3,53,373,160,8,5,1,4,2,56,18,Matches
348,Noa Lang,nl NED,"MF,FW",be Club Brugge,22,1999,5.9,314,2,33,101,184,28,314,30,19,63.3,11,36.7,210,1843,838,27,17,11,15,9,227,51,Matches
349,Aymeric Laporte,es ESP,DF,eng Manchester City,27,1994,8.8,782,60,286,466,33,8,782,2,1,50.0,1,50.0,593,3384,2447,14,17,0,2,1,618,2,Matches
350,Cyle Larin,ca CAN,"FW,MF",tr Beşiktaş,26,1995,3.9,151,9,30,82,41,13,151,13,7,53.8,6,46.2,87,500,191,6,3,4,7,10,119,21,Matches
351,Eric Larsson,se SWE,DF,se Malmö,30,1991,3.1,126,12,50,58,19,0,126,3,1,33.3,2,66.7,83,307,135,3,4,0,4,3,73,2,Matches
352,Sandro Lauper,ch SUI,DF,ch Young Boys,24,1996,5.1,394,50,213,174,10,2,394,1,1,100.0,0,0.0,275,1328,781,5,2,0,1,0,270,1,Matches
353,Valentino Lazaro,at AUT,"DF,MF",pt Benfica,25,1996,1.3,76,3,22,31,23,0,76,2,1,50.0,1,50.0,44,218,96,2,4,0,1,0,44,6,Matches
354,Rafael Leão,pt POR,FW,it Milan,22,1999,3.2,108,4,14,48,47,7,108,24,10,41.7,14,58.3,65,523,254,10,8,4,7,5,73,11,Matches
355,Jordan Lefort,fr FRA,DF,ch Young Boys,27,1993,1.9,143,6,48,68,28,6,143,2,0,0.0,2,100.0,79,403,239,3,2,1,2,0,88,9,Matches
356,Thomas Lemar,fr FRA,MF,es Atlético Madrid,25,1995,4.2,228,5,35,120,78,7,228,15,9,60.0,6,40.0,146,858,383,10,10,2,10,8,153,14,Matches
357,Clément Lenglet,fr FRA,DF,es Barcelona,26,1995,3.8,345,13,94,229,23,6,345,1,1,100.0,0,0.0,259,1205,735,10,6,0,1,1,282,1,Matches
358,Robert Lewandowski,pl POL,FW,de Bayern Munich,32,1988,9.7,290,2,8,117,168,56,286,15,9,60.0,6,40.0,209,822,305,13,6,7,21,12,237,65,Matches
359,Oscar Lewicki,se SWE,MF,se Malmö,29,1992,1.4,70,2,17,40,13,0,70,0,0,,0,,51,186,71,0,0,0,1,1,51,4,Matches
360,Bohdan Liedniev,ua UKR,MF,ua Dynamo Kyiv,23,1998,0.1,5,0,1,2,3,0,5,1,0,0.0,1,100.0,5,15,8,0,0,0,1,1,5,1,Matches
361,Matthijs de Ligt,nl NED,DF,it Juventus,21,1999,6.9,413,54,188,210,16,6,413,4,4,100.0,0,0.0,236,1022,546,3,1,0,1,1,276,1,Matches
362,Isaac Lihadji,fr FRA,"MF,FW",fr Lille,19,2002,0.3,24,0,3,6,15,1,24,1,1,100.0,0,0.0,18,128,74,2,1,0,4,1,20,5,Matches
363,Victor Lindelöf,se SWE,DF,eng Manchester Utd,27,1994,4.7,325,37,162,154,9,1,325,0,0,,0,,184,1018,503,2,1,0,0,1,238,2,Matches
364,Jesse Lingard,eng ENG,"MF,FW",eng Manchester Utd,28,1992,1.3,61,0,10,32,24,3,61,5,2,40.0,3,60.0,43,164,65,1,5,0,6,0,42,6,Matches
365,Marcos Llorente,es ESP,"DF,MF",es Atlético Madrid,26,1995,7.8,373,13,111,159,110,11,373,10,5,50.0,5,50.0,188,1048,572,22,11,3,7,1,192,30,Matches
366,Giovani Lo Celso,ar ARG,"MF,FW",es Villarreal,25,1996,5.8,297,8,55,124,121,16,297,18,9,50.0,9,50.0,183,1155,432,15,9,3,16,13,201,23,Matches
367,Manuel Locatelli,it ITA,MF,it Juventus,23,1998,5.9,431,18,104,254,77,1,431,4,3,75.0,1,25.0,237,739,347,2,3,1,5,6,305,7,Matches
368,Renan Lodi,br BRA,"DF,FW",es Atlético Madrid,23,1998,5.4,250,14,77,80,99,15,250,10,6,60.0,4,40.0,144,940,495,20,8,6,8,6,160,51,Matches
369,Ruben Loftus-Cheek,eng ENG,"MF,DF",eng Chelsea,25,1996,4.0,301,2,39,153,119,11,301,24,17,70.8,7,29.2,187,1162,691,22,11,1,11,4,246,22,Matches
370,Matteo Lovato,it ITA,DF,it Atalanta,21,2000,0.5,21,3,16,5,0,0,21,0,0,,0,,6,11,3,0,0,0,1,0,11,0,Matches
371,Dejan Lovren,hr CRO,DF,ru Zenit,32,1989,3.5,191,36,90,94,8,3,191,0,0,,0,,114,477,281,0,0,0,1,0,130,1,Matches
372,José Luis Palomino,ar ARG,DF,it Atalanta,31,1990,5.0,319,39,153,150,20,6,319,0,0,,0,,150,860,349,3,3,0,3,0,164,0,Matches
373,Romelu Lukaku,be BEL,FW,eng Chelsea,28,1993,3.6,95,1,1,26,68,36,95,5,1,20.0,4,80.0,52,189,103,5,0,5,7,4,80,43,Matches
374,Dodi Lukebakio,be BEL,"FW,MF",de Wolfsburg,23,1997,3.3,100,2,14,46,45,7,100,20,14,70.0,6,30.0,60,540,326,14,7,3,9,6,67,15,Matches
375,Fabian Lustenberger,ch SUI,DF,ch Young Boys,33,1988,1.0,82,5,36,45,2,1,82,0,0,,0,,62,272,129,0,0,0,0,0,63,1,Matches
376,Quentin Maceiras,ch SUI,"DF,MF",ch Young Boys,25,1995,1.3,84,1,15,41,28,3,84,2,0,0.0,2,100.0,42,221,113,2,0,2,4,1,54,6,Matches
377,Harry Maguire,eng ENG,DF,eng Manchester Utd,28,1993,5.9,393,42,180,195,18,8,393,2,1,50.0,1,50.0,205,938,419,3,4,0,0,1,274,3,Matches
378,Riyad Mahrez,dz ALG,FW,eng Manchester City,30,1991,10.9,637,8,45,191,405,74,635,27,17,63.0,10,37.0,470,2656,1305,45,29,23,18,5,473,137,Matches
379,Nico Maier,ch SUI,FW,ch Young Boys,21,2000,0.0,3,0,0,1,2,0,3,1,1,100.0,0,0.0,1,4,4,0,0,0,0,0,2,0,Matches
380,Mike Maignan,fr FRA,GK,it Milan,26,1995,3.0,129,106,126,3,0,0,129,0,0,,0,,67,470,384,0,0,0,1,0,55,0,Matches
381,Malcom,br BRA,"MF,FW",ru Zenit,24,1997,4.8,244,5,26,80,146,18,244,14,11,78.6,3,21.4,186,1309,752,20,21,7,11,7,189,43,Matches
382,Daniel Maldini,it ITA,"FW,MF",it Milan,19,2001,0.3,12,0,2,8,2,0,12,1,0,0.0,1,100.0,8,37,19,1,0,0,0,2,6,1,Matches
383,Donyell Malen,nl NED,FW,de Dortmund,22,1999,4.3,183,3,15,82,88,20,183,21,15,71.4,6,28.6,121,804,365,14,9,9,8,7,134,26,Matches
384,Ruslan Malinovskyi,ua UKR,"MF,FW",it Atalanta,28,1993,3.3,214,1,17,82,116,4,214,10,5,50.0,5,50.0,113,599,258,9,7,1,13,8,145,20,Matches
385,Felix Mambimbi,ch SUI,"FW,MF",ch Young Boys,20,2001,0.7,24,0,3,11,11,1,24,5,1,20.0,4,80.0,16,110,53,1,1,0,2,1,17,12,Matches
386,Reinildo Mandava,mz MOZ,DF,fr Lille,27,1994,5.1,368,16,140,180,52,2,368,10,5,50.0,5,50.0,138,834,464,11,3,2,4,3,171,8,Matches
387,Reinildo Mandava,mz MOZ,DF,es Atlético Madrid,27,1994,4.0,204,16,87,98,19,1,204,2,0,0.0,2,100.0,106,453,226,3,4,0,0,1,104,2,Matches
388,Aïssa Mandi,dz ALG,DF,es Villarreal,29,1991,0.3,17,3,11,6,0,0,17,0,0,,0,,10,52,26,0,0,0,0,0,16,0,Matches
389,Sadio Mané,sn SEN,FW,eng Liverpool,29,1992,9.1,417,4,21,183,217,55,417,32,16,50.0,16,50.0,274,1545,736,25,18,10,39,16,348,91,Matches
390,Faitout Maouassa,fr FRA,MF,be Club Brugge,23,1998,0.0,0,0,0,0,0,0,0,0,0,,0,,0,0,0,0,0,0,0,0,0,0,Matches
391,Iván Marcano,es ESP,DF,pt Porto,34,1987,1.4,72,15,53,20,0,0,72,0,0,,0,,27,76,26,0,0,0,2,0,38,0,Matches
392,Marcelo,br BRA,DF,es Real Madrid,33,1988,1.1,85,3,10,34,42,3,85,0,0,,0,,45,248,162,3,2,0,4,0,58,3,Matches
393,José María Giménez,uy URU,DF,es Atlético Madrid,26,1995,6.5,271,47,123,131,18,7,271,2,2,100.0,0,0.0,132,695,429,2,1,0,2,2,153,0,Matches
394,Mariano,do DOM,FW,es Real Madrid,27,1993,0.1,2,0,0,0,2,0,2,0,0,,0,,1,4,0,0,0,0,0,1,3,2,Matches
395,João Mário,pt POR,MF,pt Benfica,28,1993,5.4,303,4,49,171,86,3,303,6,4,66.7,2,33.3,190,965,405,8,7,1,4,6,214,11,Matches
396,João Mário Lopes,pt POR,DF,pt Porto,21,2000,3.9,215,7,58,96,65,4,215,13,5,38.5,8,61.5,109,678,344,10,5,0,5,2,109,12,Matches
397,Marlon,br BRA,DF,ua Shakhtar,25,1995,5.0,483,51,168,305,11,4,483,1,1,100.0,0,0.0,344,1799,1228,4,4,0,2,0,379,0,Matches
398,Marlos,ua UKR,"FW,MF",ua Shakhtar,33,1988,2.3,160,1,11,69,80,13,160,7,3,42.9,4,57.1,112,756,356,11,6,2,8,4,128,22,Matches
399,Marquinhos,br BRA,DF,fr Paris S-G,27,1994,8.0,616,149,373,238,9,2,616,0,0,,0,,345,1711,848,2,0,0,5,1,449,0,Matches
400,Anthony Martial,fr FRA,FW,eng Manchester Utd,25,1995,0.7,41,1,6,25,10,1,41,4,2,50.0,2,50.0,28,143,91,4,1,1,3,0,37,3,Matches
401,Josep Martinez,es ESP,GK,de RB Leipzig,23,1998,1.0,33,25,33,0,0,0,33,0,0,,0,,13,95,41,0,0,0,0,0,13,0,Matches
402,Lautaro Martínez,ar ARG,FW,it Inter,23,1997,6.4,196,2,16,58,122,44,196,10,3,30.0,7,70.0,121,492,194,9,4,7,18,4,141,50,Matches
403,Lisandro Martínez,ar ARG,DF,nl Ajax,23,1998,8.0,776,61,286,461,31,8,776,2,2,100.0,0,0.0,535,2726,1642,11,6,0,5,0,557,1,Matches
404,Toni Martínez,es ESP,FW,pt Porto,24,1997,1.6,32,1,3,14,15,1,32,0,0,,0,,15,50,13,0,0,0,1,2,22,4,Matches
405,Christopher Martins,lu LUX,MF,ch Young Boys,24,1997,4.6,228,17,69,132,28,3,228,0,0,,0,,126,510,249,3,3,0,6,5,111,2,Matches
406,Clinton Mata,ao ANG,DF,be Club Brugge,28,1992,5.9,312,31,114,136,65,3,312,6,4,66.7,2,33.3,136,692,382,10,5,0,6,3,172,18,Matches
407,Juan Mata,es ESP,MF,eng Manchester Utd,33,1988,1.1,69,1,15,40,14,1,69,2,1,50.0,1,50.0,46,242,112,2,0,0,2,0,49,0,Matches
408,Nemanja Matić,rs SRB,"MF,DF",eng Manchester Utd,32,1988,2.2,178,10,64,100,18,0,178,2,2,100.0,0,0.0,104,801,557,7,4,0,6,0,126,0,Matches
409,Joël Matip,cm CMR,DF,eng Liverpool,29,1991,7.0,576,36,252,306,22,10,576,4,3,75.0,1,25.0,353,1637,1065,4,3,1,4,0,426,2,Matches
410,Mykola Matviyenko,ua UKR,DF,ua Shakhtar,25,1996,4.0,402,50,150,224,30,4,402,4,3,75.0,1,25.0,286,1594,1121,12,9,0,0,2,315,5,Matches
411,Eric Maxim Choupo-Moting,cm CMR,FW,de Bayern Munich,32,1989,0.6,24,0,0,8,16,5,24,5,4,80.0,1,20.0,12,43,4,1,0,1,2,3,17,7,Matches
412,Maycon,br BRA,MF,ua Shakhtar,24,1997,5.3,450,26,83,287,80,1,450,1,1,100.0,0,0.0,310,1145,606,5,11,0,6,1,353,2,Matches
413,Noussair Mazraoui,ma MAR,DF,nl Ajax,23,1997,7.3,551,18,110,235,209,27,551,18,10,55.6,8,44.4,316,1442,817,22,19,3,7,7,344,66,Matches
414,Kevin Mbabu,ch SUI,DF,de Wolfsburg,26,1995,3.6,255,14,71,105,81,9,255,17,10,58.8,7,41.2,120,867,456,16,14,5,9,5,137,22,Matches
415,Noah Mbamba,be BEL,MF,be Club Brugge,16,2005,0.6,36,3,9,17,10,0,36,1,1,100.0,0,0.0,10,78,24,0,0,0,2,0,18,1,Matches
416,Kylian Mbappé,fr FRA,FW,fr Paris S-G,22,1998,7.5,358,5,22,139,203,58,357,40,23,57.5,17,42.5,212,2013,1294,53,33,29,20,10,299,73,Matches
417,Chancel Mbemba,cd COD,DF,pt Porto,26,1994,5.0,264,42,144,113,7,3,264,4,2,50.0,2,50.0,137,648,319,0,1,0,2,0,176,1,Matches
418,Luke Mbete-Tatu,eng ENG,DF,eng Manchester City,17,2003,0.1,4,0,1,3,0,0,4,0,0,,0,,4,91,75,1,0,0,0,0,4,0,Matches
419,James Mcatee,eng ENG,MF,eng Manchester City,18,2002,0.5,31,1,2,9,20,2,31,5,4,80.0,1,20.0,24,79,28,0,0,0,1,0,27,3,Matches
420,Weston McKennie,us USA,MF,it Juventus,22,1998,4.3,240,10,54,103,84,12,240,7,2,28.6,5,71.4,124,589,263,6,8,1,8,6,162,20,Matches
421,Scott McTominay,sct SCO,MF,eng Manchester Utd,24,1996,4.4,254,8,61,148,47,4,254,5,4,80.0,1,20.0,125,764,395,3,4,0,7,2,165,3,Matches
422,Brandon Mechele,be BEL,DF,be Club Brugge,28,1993,1.5,64,19,50,14,0,0,64,0,0,,0,,21,112,82,0,0,0,1,0,28,0,Matches
423,Soualiho Meïté,fr FRA,MF,pt Benfica,27,1994,1.7,58,5,22,31,5,1,58,2,1,50.0,1,50.0,35,127,34,1,1,0,0,4,32,1,Matches
424,Arthur Melo,br BRA,MF,it Juventus,24,1996,3.0,321,5,42,233,50,1,321,3,2,66.7,1,33.3,210,1081,503,7,5,0,3,4,257,2,Matches
425,Memphis,nl NED,FW,es Barcelona,27,1994,5.8,336,0,5,126,207,30,336,22,15,68.2,7,31.8,181,1136,674,27,20,14,24,14,255,66,Matches
426,Nuno Mendes,pt POR,DF,fr Paris S-G,19,2002,6.4,403,34,148,163,97,7,403,20,12,60.0,8,40.0,189,989,555,10,11,3,12,8,240,22,Matches
427,Edouard Mendy,sn SEN,GK,eng Chelsea,29,1992,9.3,229,200,227,3,0,0,229,0,0,,0,,130,590,333,0,0,0,0,0,118,0,Matches
428,Ferland Mendy,fr FRA,DF,es Real Madrid,26,1995,9.6,559,39,198,241,122,11,559,22,11,50.0,11,50.0,305,1468,680,11,5,4,10,8,364,23,Matches
429,Teden Mengi,eng ENG,DF,eng Manchester Utd,19,2002,0.3,28,5,14,12,2,0,28,0,0,,0,,15,43,11,0,0,0,0,0,15,0,Matches
430,Umut Meraş,tr TUR,DF,tr Beşiktaş,25,1995,2.8,143,20,74,51,19,0,143,6,3,50.0,3,50.0,69,312,174,5,4,0,3,0,77,4,Matches
431,Lionel Messi,ar ARG,FW,fr Paris S-G,34,1987,7.0,525,2,32,285,213,28,522,36,23,63.9,13,36.1,341,2545,1490,45,37,10,11,10,453,28,Matches
432,Junior Messias,br BRA,"FW,MF",it Milan,30,1991,1.3,63,0,11,31,22,4,63,5,3,60.0,2,40.0,32,168,67,1,0,1,6,4,36,11,Matches
433,Thomas Meunier,be BEL,DF,de Dortmund,29,1991,5.4,404,16,108,189,113,5,404,15,11,73.3,4,26.7,222,1165,708,25,12,1,4,4,217,35,Matches
434,Simon Mignolet,be BEL,GK,be Club Brugge,33,1988,6.0,256,201,254,2,0,0,256,1,1,100.0,0,0.0,138,801,498,0,0,0,0,0,109,0,Matches
435,Éder Militão,br BRA,DF,es Real Madrid,23,1998,11.9,796,139,476,291,30,10,796,7,4,57.1,3,42.9,444,2306,1147,6,1,0,8,1,522,2,Matches
436,James Milner,eng ENG,"MF,DF",eng Liverpool,35,1986,2.4,201,5,40,105,58,3,201,1,0,0.0,1,100.0,114,332,132,2,3,1,3,5,146,13,Matches
437,Takumi Minamino,jp JPN,"FW,MF",eng Liverpool,26,1995,2.4,101,1,13,66,23,6,101,4,1,25.0,3,75.0,71,338,133,4,0,4,2,3,73,7,Matches
438,Óscar Mingueza,es ESP,DF,es Barcelona,22,1999,2.5,178,3,28,100,50,0,178,0,0,,0,,108,410,198,1,6,0,2,1,116,15,Matches
439,Rafa Mir,es ESP,"FW,DF",es Sevilla,24,1997,3.0,93,2,8,44,42,13,93,8,2,25.0,6,75.0,51,237,81,6,5,2,9,3,67,13,Matches
440,Aleksei Miranchuk,ru RUS,FW,it Atalanta,25,1995,0.4,18,0,4,3,11,3,18,3,2,66.7,1,33.3,11,49,25,1,0,0,2,0,14,3,Matches
441,Fabio Miretti,it ITA,MF,it Juventus,17,2003,0.0,3,0,0,3,0,0,3,0,0,,0,,1,20,20,1,0,0,0,0,1,0,Matches
442,Luka Modrić,hr CRO,MF,es Real Madrid,35,1985,11.9,879,14,192,468,227,11,879,15,14,93.3,1,6.7,513,2899,1407,30,23,4,10,13,696,28,Matches
443,Niklas Moisander,fi FIN,DF,se Malmö,35,1985,2.1,107,9,46,57,5,0,107,1,1,100.0,0,0.0,73,322,161,2,1,0,1,2,67,0,Matches
444,Javi Montero,es ESP,DF,tr Beşiktaş,22,1999,3.4,220,40,128,93,1,1,220,1,0,0.0,1,100.0,124,531,315,2,0,0,1,2,135,0,Matches
445,Gonzalo Montiel,ar ARG,DF,es Sevilla,24,1997,2.1,176,1,45,76,55,1,176,2,0,0.0,2,100.0,90,317,183,3,4,0,3,0,116,27,Matches
446,Wesley Moraes,br BRA,FW,be Club Brugge,24,1996,0.3,11,0,1,6,4,1,11,1,0,0.0,1,100.0,6,27,5,0,0,1,1,1,9,0,Matches
447,Álvaro Morata,es ESP,FW,it Juventus,28,1992,5.7,209,8,35,76,98,31,209,7,2,28.6,5,71.4,100,567,291,8,5,2,15,9,158,30,Matches
448,Morato,br BRA,DF,pt Benfica,20,2001,2.0,158,14,56,96,7,1,158,1,1,100.0,0,0.0,112,542,359,3,3,0,1,2,127,1,Matches
449,Alberto Moreno,es ESP,"MF,DF",es Villarreal,29,1992,3.5,176,6,40,52,86,8,176,7,2,28.6,5,71.4,110,535,237,6,11,1,6,5,135,20,Matches
450,Gerard Moreno,es ESP,FW,es Villarreal,29,1992,5.8,263,6,26,118,123,28,262,12,4,33.3,8,66.7,143,611,218,6,4,3,22,18,198,35,Matches
451,Ilaix Moriba,gn GUI,MF,de RB Leipzig,18,2003,0.7,35,0,2,15,18,3,35,2,2,100.0,0,0.0,20,102,59,1,1,0,2,0,28,2,Matches
452,Tyler Morton,eng ENG,MF,eng Liverpool,18,2002,2.0,102,4,37,59,9,1,102,3,2,66.7,1,33.3,60,166,52,0,3,0,1,0,70,2,Matches
453,Andrei Mostovoy,ru RUS,"MF,FW",ru Zenit,23,1997,1.7,69,1,6,24,40,9,69,5,2,40.0,3,60.0,46,264,105,2,4,0,6,0,50,11,Matches
454,Youssoufa Moukoko,de GER,FW,de Dortmund,16,2004,0.2,11,0,1,3,7,4,11,1,0,0.0,1,100.0,5,24,19,1,0,1,0,1,6,0,Matches
455,Mason Mount,eng ENG,MF,eng Chelsea,22,1999,6.0,330,0,10,105,219,30,330,12,5,41.7,7,58.3,196,942,534,17,26,3,9,9,266,67,Matches
456,Mykhailo Mudryk,ua UKR,"MF,FW",ua Shakhtar,20,2001,2.0,100,2,11,30,62,9,100,6,5,83.3,1,16.7,72,579,334,12,6,5,7,7,78,19,Matches
457,Nordi Mukiele,fr FRA,DF,de RB Leipzig,23,1997,5.4,330,23,115,128,89,13,330,4,2,50.0,2,50.0,114,486,238,9,8,1,5,5,164,25,Matches
458,Thomas Müller,de GER,MF,de Bayern Munich,31,1989,8.6,461,9,36,178,249,43,461,9,7,77.8,2,22.2,273,809,405,10,12,3,15,5,359,88,Matches
459,Luis Muriel,co COL,"FW,MF",it Atalanta,30,1991,1.5,92,0,8,38,49,9,92,10,4,40.0,6,60.0,60,324,142,5,3,6,5,3,67,16,Matches
460,Jamal Musiala,de GER,"MF,FW",de Bayern Munich,18,2003,5.0,245,5,33,109,107,30,245,25,15,60.0,10,40.0,155,756,342,7,8,3,12,4,160,33,Matches
461,Juan Musso,ar ARG,GK,it Atalanta,27,1994,6.0,180,147,180,0,0,0,180,0,0,,0,,108,652,408,0,0,0,0,0,83,0,Matches
462,Vitaliy Mykolenko,ua UKR,DF,ua Dynamo Kyiv,22,1999,5.0,307,17,112,134,64,4,307,3,2,66.7,1,33.3,140,659,285,8,4,2,7,4,181,16,Matches
463,Joakim Mæhle,dk DEN,DF,it Atalanta,24,1997,4.8,328,6,77,131,124,6,328,15,4,26.7,11,73.3,179,984,587,15,13,1,18,6,211,37,Matches
464,Georges-Kévin N'Koudou,cm CMR,FW,tr Beşiktaş,26,1995,1.0,58,0,10,34,16,4,58,4,2,50.0,2,50.0,26,256,144,6,4,3,3,2,40,6,Matches
465,Fabrice N'Sakala,cd COD,DF,tr Beşiktaş,31,1990,3.0,219,6,57,106,57,3,219,4,4,100.0,0,0.0,126,674,405,11,6,0,7,1,147,23,Matches
466,Stanley N'Soki,fr FRA,DF,be Club Brugge,22,1999,5.4,258,43,167,91,3,1,258,1,1,100.0,0,0.0,122,518,286,2,2,0,1,4,131,1,Matches
467,Nacho,es ESP,DF,es Real Madrid,31,1990,6.4,381,56,167,139,75,3,381,4,4,100.0,0,0.0,191,857,444,6,4,0,2,1,252,6,Matches
468,Adi Nalic,ba BIH,"MF,FW",se Malmö,23,1997,1.0,56,1,12,30,16,2,56,2,2,100.0,0,0.0,41,224,93,3,1,0,2,6,41,7,Matches
469,Sebastian Nanasi,se SWE,"FW,MF",se Malmö,19,2002,1.0,38,2,8,23,7,3,38,2,2,100.0,0,0.0,25,142,60,1,1,1,2,1,26,5,Matches
470,Jesús Navas,es ESP,DF,es Sevilla,35,1985,3.7,320,7,87,128,105,6,320,9,1,11.1,8,88.9,216,833,452,8,6,1,1,1,226,40,Matches
471,Keylor Navas,cr CRC,GK,fr Paris S-G,34,1986,3.0,115,109,114,1,0,0,115,0,0,,0,,54,270,180,0,0,0,0,0,56,0,Matches
472,Flávio Nazinho,pt POR,DF,pt Sporting CP,18,2003,0.2,25,0,7,15,4,1,25,0,0,,0,,10,28,8,0,0,0,2,0,12,2,Matches
473,David Neres,br BRA,FW,nl Ajax,24,1997,2.3,138,2,6,48,86,23,138,9,4,44.4,4,44.4,96,372,188,6,4,4,3,7,102,36,Matches
474,Luís Neto,pt POR,DF,pt Sporting CP,33,1988,4.1,272,57,178,91,5,1,272,0,0,,0,,158,589,237,0,0,0,1,0,170,1,Matches
475,Manuel Neuer,de GER,GK,de Bayern Munich,35,1986,9.0,373,283,363,11,0,0,373,0,0,,0,,244,953,562,0,0,0,0,0,248,0,Matches
476,Neymar,br BRA,FW,fr Paris S-G,29,1992,5.2,324,2,52,162,114,17,324,24,14,58.3,10,41.7,219,1433,559,12,10,4,19,11,281,35,Matches
477,Moumi Ngamaleu,cm CMR,"FW,MF",ch Young Boys,27,1994,5.9,324,6,59,143,132,16,324,54,32,59.3,22,40.7,215,1737,716,23,21,5,24,8,209,40,Matches
478,Tanguy Nianzou,fr FRA,DF,de Bayern Munich,19,2002,2.4,227,10,80,141,7,1,227,1,1,100.0,0,0.0,162,695,408,0,1,0,1,1,173,0,Matches
479,Lasse Nielsen,dk DEN,DF,se Malmö,33,1988,5.0,222,61,156,63,4,3,222,1,1,100.0,0,0.0,120,513,161,1,1,0,2,2,114,0,Matches
480,Saúl Ñíguez,es ESP,"MF,DF",eng Chelsea,26,1994,1.8,140,9,31,66,44,8,140,3,2,66.7,1,33.3,53,190,96,2,0,1,2,0,89,8,Matches
481,Boban Nikolov,mk MKD,MF,md Sheriff Tiraspol,27,1994,1.1,40,1,15,11,14,4,40,1,0,0.0,1,100.0,29,145,65,2,1,0,1,1,22,2,Matches
482,Christopher Nkunku,fr FRA,"FW,MF",de RB Leipzig,23,1997,5.9,284,4,28,113,146,39,284,9,4,44.4,5,55.6,118,663,309,14,7,9,14,10,201,49,Matches
483,Felix Nmecha,de GER,MF,de Wolfsburg,20,2000,0.4,18,1,2,10,6,0,18,0,0,,0,,11,39,26,0,0,0,2,0,15,3,Matches
484,Lukas Nmecha,de GER,"FW,MF",de Wolfsburg,22,1998,3.6,131,6,14,66,51,10,131,15,6,40.0,9,60.0,77,371,168,6,3,2,19,3,96,15,Matches
485,Hugo Novoa,es ESP,FW,de RB Leipzig,18,2003,0.3,11,0,3,4,4,2,11,1,0,0.0,1,100.0,4,8,4,0,0,0,2,0,7,3,Matches
486,Matheus Nunes,pt POR,MF,pt Sporting CP,22,1998,5.6,289,12,63,191,44,4,289,26,20,76.9,6,23.1,165,1332,678,18,11,0,17,10,180,14,Matches
487,Darwin Núñez,uy URU,FW,pt Benfica,22,1999,6.8,214,11,32,91,101,37,213,18,13,72.2,5,27.8,124,1103,569,24,14,14,24,12,139,41,Matches
488,Jan Oblak,si SVN,GK,es Atlético Madrid,28,1993,10.0,310,275,307,3,0,0,310,0,0,,0,,134,883,610,0,0,0,0,0,91,0,Matches
489,Lucas Ocampos,ar ARG,FW,es Sevilla,27,1994,5.1,277,4,36,97,146,24,277,30,12,40.0,18,60.0,173,1048,406,13,10,7,18,9,201,43,Matches
490,Noah Okafor,ch SUI,FW,at RB Salzburg,21,2000,3.8,118,1,14,38,68,16,118,12,2,16.7,10,83.3,75,541,258,11,1,7,14,6,87,31,Matches
491,Sérgio Oliveira,pt POR,MF,pt Porto,29,1992,3.3,178,8,35,87,59,2,177,2,1,50.0,1,50.0,76,279,159,1,2,0,4,2,88,2,Matches
492,Dani Olmo,es ESP,MF,de RB Leipzig,23,1998,1.0,54,0,4,21,29,3,54,4,2,50.0,2,50.0,38,186,105,3,2,2,3,1,42,5,Matches
493,Martin Olsson,se SWE,DF,se Malmö,33,1988,3.2,183,17,60,85,39,1,183,1,1,100.0,0,0.0,97,380,161,3,4,0,9,3,93,8,Matches
494,Amadou Onana,be BEL,"MF,DF",fr Lille,19,2001,2.9,128,6,37,67,24,4,128,6,3,50.0,3,50.0,64,353,184,4,4,0,5,2,77,5,Matches
495,André Onana,cm CMR,GK,nl Ajax,25,1996,2.0,60,34,60,0,0,0,60,1,1,100.0,0,0.0,39,189,111,0,0,0,0,0,36,0,Matches
496,Jérôme Onguéné,cm CMR,DF,at RB Salzburg,23,1997,4.8,313,36,152,158,5,0,313,3,3,100.0,0,0.0,174,845,460,2,3,1,2,1,182,1,Matches
497,Willi Orban,hu HUN,DF,de RB Leipzig,28,1992,3.5,232,33,109,110,13,3,232,2,1,50.0,1,50.0,111,593,323,2,3,0,1,0,143,1,Matches
498,Divock Origi,be BEL,FW,eng Liverpool,26,1995,2.1,89,0,3,33,55,20,89,7,3,42.9,4,57.1,57,317,110,6,5,6,12,4,67,16,Matches
499,Nicolás Otamendi,ar ARG,DF,pt Benfica,33,1988,9.0,521,90,277,231,15,6,521,1,0,0.0,1,100.0,286,1424,802,2,8,1,4,2,287,1,Matches
500,Otávio,pt POR,MF,pt Porto,26,1995,5.0,266,5,39,122,109,15,266,10,4,40.0,6,60.0,134,578,296,7,7,2,7,6,181,14,Matches
501,Paulo Otávio,br BRA,"DF,MF",de Wolfsburg,26,1994,1.9,124,3,43,58,24,1,124,10,3,30.0,7,70.0,67,343,192,4,4,1,5,0,60,4,Matches
502,Alex Oxlade-Chamberlain,eng ENG,MF,eng Liverpool,27,1993,3.3,224,4,33,119,81,7,224,22,16,72.7,6,27.3,145,957,460,15,15,2,9,5,150,12,Matches
503,Magomed Ozdoyev,ru RUS,MF,ru Zenit,28,1992,0.1,7,0,3,2,2,0,7,0,0,,0,,4,5,0,0,0,0,0,0,2,0,Matches
504,Oğuzhan Özyakup,tr TUR,MF,tr Beşiktaş,28,1992,0.6,28,0,6,17,5,1,28,1,1,100.0,0,0.0,13,120,14,1,0,1,2,2,16,0,Matches
505,João Palhinha,pt POR,MF,pt Sporting CP,26,1995,5.9,264,10,54,186,26,3,264,8,5,62.5,3,37.5,119,524,192,4,3,0,11,4,134,4,Matches
506,Cole Palmer,eng ENG,"MF,FW",eng Manchester City,19,2002,0.5,32,2,9,11,12,4,32,3,0,0.0,3,100.0,26,140,66,3,0,2,2,2,20,2,Matches
507,Leandro Paredes,ar ARG,MF,fr Paris S-G,27,1994,3.5,341,17,90,213,38,0,341,1,0,0.0,1,100.0,162,703,314,2,4,0,1,0,275,1,Matches
508,Daniel Parejo,es ESP,MF,es Villarreal,32,1989,11.7,755,23,165,413,183,2,755,4,2,50.0,2,50.0,384,1559,767,7,7,0,9,6,487,9,Matches
509,Mario Pašalić,hr CRO,MF,it Atalanta,26,1995,2.4,94,3,13,46,35,6,94,3,1,33.3,2,66.7,47,225,68,4,4,1,3,2,69,10,Matches
510,Felix Passlack,de GER,DF,de Dortmund,23,1998,0.7,34,4,15,12,7,2,34,0,0,,0,,18,37,14,0,0,0,0,0,17,1,Matches
511,Remko Pasveer,nl NED,GK,nl Ajax,37,1983,6.0,251,193,251,0,0,0,251,0,0,,0,,172,511,221,0,0,0,0,0,183,0,Matches
512,Alan Patrick,br BRA,MF,ua Shakhtar,30,1991,3.0,171,4,21,86,68,4,171,12,10,83.3,2,16.7,113,627,332,11,7,2,3,5,139,13,Matches
513,Paulinho,pt POR,"FW,MF",pt Sporting CP,28,1992,6.4,218,6,23,115,83,24,218,6,4,66.7,2,33.3,119,463,175,7,4,3,14,4,156,30,Matches
514,Benjamin Pavard,fr FRA,DF,de Bayern Munich,25,1996,8.5,829,35,252,417,164,8,829,7,2,28.6,5,71.4,532,2177,1380,22,20,0,1,1,598,28,Matches
515,Alfonso Pedraza,es ESP,"DF,MF",es Villarreal,25,1996,4.8,303,13,83,100,127,17,303,18,6,33.3,12,66.7,172,1204,701,23,15,9,8,4,190,35,Matches
516,Pedri,es ESP,MF,es Barcelona,18,2002,1.7,119,2,25,69,26,1,119,3,2,66.7,1,33.3,84,478,216,5,3,0,2,0,92,7,Matches
517,Pedrinho,br BRA,"MF,FW",ua Shakhtar,23,1998,3.8,210,1,11,95,107,7,210,14,10,71.4,4,28.6,141,844,323,10,11,2,13,5,175,24,Matches
518,Jordan Pefok,us USA,FW,ch Young Boys,25,1996,3.8,93,3,3,52,39,16,93,4,2,50.0,2,50.0,54,209,70,2,3,0,4,5,60,15,Matches
519,Luca Pellegrini,it ITA,DF,it Juventus,22,1999,0.0,3,0,2,1,0,0,3,0,0,,0,,0,0,0,0,0,0,0,0,0,0,Matches
520,Carlos de Pena,uy URU,"FW,MF",ua Dynamo Kyiv,29,1992,4.1,182,8,43,76,64,3,182,3,2,66.7,1,33.3,88,370,171,4,5,0,3,3,112,23,Matches
521,Rubén Peña,es ESP,DF,es Villarreal,30,1991,0.2,14,1,4,8,2,0,14,0,0,,0,,6,46,27,1,1,0,0,1,8,3,Matches
522,Sergio Peña,pe PER,MF,se Malmö,25,1995,3.1,214,4,62,117,39,0,214,10,3,30.0,7,70.0,159,614,219,1,2,0,6,19,154,4,Matches
523,Pepê,br BRA,"FW,MF",pt Porto,24,1997,0.4,9,1,1,6,2,0,9,0,0,,0,,7,38,9,0,0,0,0,0,7,0,Matches
524,Pepe,pt POR,DF,pt Porto,38,1983,3.9,234,36,112,111,12,5,234,0,0,,0,,119,544,175,1,0,0,4,0,129,0,Matches
525,Danilo Pereira,pt POR,"MF,DF",fr Paris S-G,29,1991,4.0,237,29,94,125,19,2,237,2,2,100.0,0,0.0,119,475,241,1,4,0,4,1,170,2,Matches
526,Mattia Perin,it ITA,GK,it Juventus,28,1992,1.0,21,19,21,0,0,0,21,0,0,,0,,13,66,33,0,0,0,0,0,11,0,Matches
527,Ivan Perišić,hr CRO,DF,it Inter,32,1989,5.9,351,23,92,87,172,32,351,13,6,46.2,7,53.8,177,1147,757,31,12,8,3,3,208,64,Matches
528,Pavao Pervan,at AUT,GK,de Wolfsburg,33,1987,1.0,45,40,44,0,1,0,45,0,0,,0,,17,103,71,0,0,0,0,0,18,0,Matches
529,Matteo Pessina,it ITA,MF,it Atalanta,24,1997,2.3,129,2,16,58,57,9,129,13,7,53.8,6,46.2,75,408,185,3,6,3,9,3,88,14,Matches
530,Giuseppe Pezzella,it ITA,DF,it Atalanta,23,1997,0.6,36,4,9,13,14,4,36,0,0,,0,,15,110,58,3,1,1,2,2,17,5,Matches
531,Maximilian Philipp,de GER,"MF,FW",de Wolfsburg,27,1994,1.0,23,0,1,12,10,0,23,5,3,60.0,2,40.0,12,44,17,0,0,0,2,0,15,2,Matches
532,Nathaniel Phillips,eng ENG,DF,eng Liverpool,24,1997,1.0,51,5,36,13,2,0,51,1,1,100.0,0,0.0,32,227,150,0,0,0,0,0,32,2,Matches
533,Kamil Piątkowski,pl POL,DF,at RB Salzburg,21,2000,0.9,47,4,16,28,3,0,47,2,2,100.0,0,0.0,36,234,179,5,1,0,2,0,33,0,Matches
534,Yeremi Pino,es ESP,"MF,DF",es Villarreal,18,2002,4.7,172,4,38,65,72,16,172,20,11,55.0,9,45.0,99,686,354,14,6,5,6,8,107,20,Matches
535,Gerard Piqué,es ESP,DF,es Barcelona,34,1987,4.4,331,34,141,185,6,3,331,0,0,,0,,207,1170,659,0,0,0,0,1,223,0,Matches
536,Pizzi,pt POR,"MF,FW",pt Benfica,31,1989,1.8,74,1,11,28,35,6,74,3,3,100.0,0,0.0,47,132,51,2,2,2,7,3,53,9,Matches
537,Miralem Pjanić,ba BIH,MF,tr Beşiktaş,31,1990,2.9,241,6,44,146,53,0,241,6,3,50.0,3,50.0,123,637,294,4,6,0,5,3,164,3,Matches
538,Paul Pogba,fr FRA,"MF,FW",eng Manchester Utd,28,1993,3.8,230,3,39,138,53,3,230,8,3,37.5,5,62.5,104,458,159,3,3,0,10,9,179,8,Matches
539,Marin Pongračić,hr CRO,DF,de Dortmund,23,1997,1.9,106,15,56,45,7,0,106,2,1,50.0,1,50.0,70,432,205,1,2,0,0,0,66,0,Matches
540,Pedro Porro,es ESP,"DF,MF",pt Sporting CP,21,1999,5.8,332,17,111,152,75,16,332,21,6,28.6,15,71.4,194,1153,649,18,10,10,9,2,184,29,Matches
541,Yussuf Poulsen,dk DEN,FW,de RB Leipzig,27,1994,1.7,65,4,5,32,28,5,65,4,2,50.0,2,50.0,24,152,59,1,4,1,1,2,48,14,Matches
542,Riqui Puig,es ESP,MF,es Barcelona,21,1999,0.2,18,1,3,9,6,0,18,0,0,,0,,10,16,12,0,0,0,2,0,13,1,Matches
543,Christian Pulisic,us USA,"FW,MF",eng Chelsea,22,1998,4.1,173,1,7,64,103,16,173,13,7,53.8,6,46.2,118,749,346,12,7,1,11,4,145,30,Matches
544,Andriy Pyatov,ua UKR,GK,ua Shakhtar,37,1984,2.9,90,80,89,1,0,0,90,0,0,,0,,51,207,144,0,0,0,0,0,53,0,Matches
545,Dani Raba,es ESP,FW,es Villarreal,25,1995,0.1,4,0,0,4,0,0,4,0,0,,0,,2,19,1,0,0,0,0,0,2,0,Matches
546,Adrien Rabiot,fr FRA,MF,it Juventus,26,1995,6.0,360,13,74,202,88,8,360,4,3,75.0,1,25.0,213,1233,577,14,9,2,13,5,245,16,Matches
547,Stjepan Radeljić,ba BIH,"DF,MF",md Sheriff Tiraspol,23,1997,0.9,44,4,28,14,2,0,44,0,0,,0,,31,94,38,1,0,0,1,0,33,0,Matches
548,Nemanja Radonjić,rs SRB,MF,pt Benfica,25,1996,0.4,20,0,1,7,13,1,20,4,2,50.0,2,50.0,14,135,66,1,1,1,2,1,17,2,Matches
549,Erdal Rakip,mk MKD,MF,se Malmö,25,1996,3.0,95,2,22,49,24,0,95,2,1,50.0,1,50.0,64,223,82,2,1,0,5,2,61,7,Matches
550,Ivan Rakitić,hr CRO,MF,es Sevilla,33,1988,3.1,196,2,35,95,69,7,194,4,1,25.0,3,75.0,86,320,147,2,3,0,2,0,126,17,Matches
551,Yaroslav Rakitskiy,ua UKR,DF,ru Zenit,31,1989,5.5,408,39,174,197,41,5,407,5,4,80.0,1,20.0,283,1259,814,4,5,0,0,0,285,3,Matches
552,Eric Ramírez,ve VEN,FW,ua Dynamo Kyiv,22,1998,0.2,6,0,0,4,2,1,6,0,0,,0,,4,11,0,0,0,0,1,1,5,2,Matches
553,Gonçalo Ramos,pt POR,"MF,FW",pt Benfica,20,2001,4.1,155,6,40,72,43,12,155,4,2,50.0,2,50.0,73,330,132,3,3,1,10,4,86,13,Matches
554,Aaron Ramsey,wls WAL,"MF,FW",it Juventus,30,1990,0.2,25,1,4,9,12,0,25,1,1,100.0,0,0.0,17,89,29,0,0,0,0,0,20,0,Matches
555,Andrea Ranocchia,it ITA,DF,it Inter,33,1988,1.1,46,11,34,10,2,2,46,0,0,,0,,26,152,48,0,0,0,0,0,31,0,Matches
556,Marcus Rashford,eng ENG,"FW,MF",eng Manchester Utd,23,1997,2.8,167,1,10,70,89,9,167,7,1,14.3,6,85.7,83,433,175,5,2,5,9,5,137,25,Matches
557,Ante Rebić,hr CRO,FW,it Milan,27,1993,1.3,35,4,5,18,13,5,35,2,0,0.0,2,100.0,16,130,79,4,2,2,5,2,22,4,Matches
558,Reinier,br BRA,"MF,FW",de Dortmund,19,2002,1.4,85,2,9,45,33,6,85,5,4,80.0,1,20.0,58,210,84,2,3,1,1,1,66,14,Matches
559,Matheus Reis,br BRA,DF,pt Sporting CP,26,1995,6.7,337,30,141,141,58,4,337,9,8,88.9,1,11.1,170,919,435,11,5,2,4,2,191,11,Matches
560,Karim Rekik,nl NED,DF,es Sevilla,26,1994,1.4,106,7,50,39,17,0,106,1,0,0.0,1,100.0,68,238,117,1,0,0,0,1,79,9,Matches
561,Devyne Rensch,nl NED,DF,nl Ajax,18,2003,0.8,76,3,26,36,14,0,76,1,0,0.0,1,100.0,44,195,91,1,2,0,1,0,55,3,Matches
562,Marco Reus,de GER,"FW,MF",de Dortmund,32,1989,5.5,297,6,23,131,146,25,295,13,8,61.5,5,38.5,190,850,350,11,15,2,15,10,209,35,Matches
563,Rodrigo Ribeiro,pt POR,FW,pt Sporting CP,16,2005,0.0,2,0,0,1,1,0,2,0,0,,0,,2,6,0,0,0,0,0,0,1,0,Matches
564,Federico Ricca,uy URU,DF,be Club Brugge,26,1994,1.8,102,14,44,35,24,3,102,3,1,33.3,2,66.7,42,272,190,2,4,0,2,0,50,9,Matches
565,Omar Richards,eng ENG,"DF,FW",de Bayern Munich,23,1998,0.6,57,2,20,21,17,2,57,1,1,100.0,0,0.0,36,179,108,4,4,2,0,2,33,4,Matches
566,Fabian Rieder,ch SUI,"MF,FW",ch Young Boys,19,2002,3.0,138,5,32,62,46,8,138,6,2,33.3,4,66.7,82,276,115,1,2,0,6,4,75,9,Matches
567,Søren Rieks,dk DEN,"DF,MF",se Malmö,34,1987,2.4,112,6,23,56,34,6,112,3,2,66.7,1,33.3,63,224,107,3,1,1,1,0,59,8,Matches
568,Mats Rits,be BEL,MF,be Club Brugge,28,1993,4.6,162,12,38,78,46,8,162,0,0,,0,,56,204,73,1,1,1,0,0,84,9,Matches
569,Sergi Roberto,es ESP,"DF,FW",es Barcelona,29,1992,1.9,103,6,25,46,33,5,103,2,2,100.0,0,0.0,58,175,72,0,0,0,1,0,73,13,Matches
570,Andrew Robertson,sct SCO,DF,eng Liverpool,27,1994,9.2,807,21,173,370,270,18,807,19,9,47.4,10,52.6,419,2065,1333,29,20,4,9,2,514,51,Matches
571,Marc Roca,es ESP,MF,de Bayern Munich,24,1996,0.9,76,0,16,52,8,1,76,1,1,100.0,0,0.0,44,148,83,0,0,0,1,0,60,1,Matches
572,Rodri,es ESP,MF,eng Manchester City,25,1996,9.3,880,25,155,570,160,5,880,9,6,66.7,3,33.3,652,2630,1398,16,19,0,3,6,688,9,Matches
573,Óscar Rodríguez Arnaiz,es ESP,FW,es Sevilla,23,1998,0.3,17,1,3,11,4,0,17,1,0,0.0,1,100.0,8,33,17,0,0,0,0,0,10,1,Matches
574,Rodrygo,br BRA,"FW,MF",es Real Madrid,20,2001,5.6,314,6,42,89,188,39,314,18,10,55.6,8,44.4,190,1098,647,18,11,8,9,7,237,61,Matches
575,Alessio Romagnoli,it ITA,DF,it Milan,26,1995,4.4,287,34,177,106,6,3,287,1,1,100.0,0,0.0,134,668,351,0,1,0,1,0,180,1,Matches
576,Iván Romero,es ESP,MF,es Sevilla,20,2001,0.2,2,0,0,1,1,0,2,1,0,0.0,1,100.0,2,5,0,0,0,0,1,0,2,2,Matches
577,Cristiano Ronaldo,pt POR,FW,eng Manchester Utd,36,1985,6.8,277,7,16,124,140,29,277,15,9,60.0,6,40.0,136,760,389,17,10,7,16,3,226,56,Matches
578,Marten de Roon,nl NED,"MF,DF",it Atalanta,30,1991,5.4,356,15,111,193,53,3,356,3,1,33.3,2,66.7,184,725,451,3,4,0,4,0,229,5,Matches
579,Valentin Rosier,fr FRA,DF,tr Beşiktaş,24,1996,4.5,272,25,90,138,47,5,272,10,7,70.0,3,30.0,123,735,417,8,4,3,7,1,153,12,Matches
580,Jérôme Roussillon,fr FRA,DF,de Wolfsburg,28,1993,4.0,216,14,92,85,43,3,216,16,6,37.5,10,62.5,91,606,390,12,7,2,4,5,109,12,Matches
581,Antonio Rüdiger,de GER,DF,eng Chelsea,28,1993,9.3,844,27,238,489,122,12,844,6,3,50.0,3,50.0,564,2836,1839,18,26,2,6,2,675,9,Matches
582,Daniele Rugani,it ITA,DF,it Juventus,27,1994,2.0,150,15,54,86,10,4,150,1,1,100.0,0,0.0,86,321,163,1,1,0,2,0,113,0,Matches
583,Gerónimo Rulli,ar ARG,GK,es Villarreal,29,1992,12.0,540,452,539,1,0,0,540,0,0,,0,,248,1506,1008,0,0,0,0,0,204,0,Matches
584,Serdar Saatçı,tr TUR,DF,tr Beşiktaş,18,2003,1.0,38,15,27,10,1,1,38,1,1,100.0,0,0.0,14,76,32,0,0,0,0,0,14,0,Matches
585,Marcel Sabitzer,at AUT,MF,de Bayern Munich,27,1994,1.5,106,3,20,58,29,6,106,0,0,,0,,75,310,144,3,1,1,1,2,78,8,Matches
586,Alexis Saelemaekers,be BEL,FW,it Milan,22,1999,4.9,249,6,41,124,90,8,249,18,11,61.1,7,38.9,128,882,483,15,11,2,14,7,161,22,Matches
587,Mohamed Salah,eg EGY,FW,eng Liverpool,29,1992,11.2,593,1,14,174,408,102,591,51,26,51.0,25,49.0,381,2356,1133,47,23,29,46,31,503,183,Matches
588,Renato Sanches,pt POR,"MF,FW",fr Lille,23,1997,4.5,274,9,46,169,66,4,274,20,12,60.0,8,40.0,145,863,407,8,9,1,14,9,198,15,Matches
589,Alexis Sánchez,cl CHI,FW,it Inter,32,1988,1.8,91,0,5,53,36,2,91,8,4,50.0,4,50.0,65,336,80,1,2,0,3,4,72,12,Matches
590,Jadon Sancho,eng ENG,FW,eng Manchester Utd,21,2000,4.4,253,2,26,110,122,13,253,17,6,35.3,11,64.7,141,957,443,17,15,3,11,9,200,46,Matches
591,Cisse Sandra,be BEL,FW,be Club Brugge,17,2003,0.6,24,0,3,7,14,2,24,0,0,,0,,15,46,3,0,0,0,1,4,20,6,Matches
592,Alex Sandro,br BRA,DF,it Juventus,30,1991,6.1,432,20,142,197,96,14,432,5,3,60.0,2,40.0,248,1407,833,21,17,3,5,7,286,19,Matches
593,Leroy Sané,de GER,"FW,MF",de Bayern Munich,25,1996,8.8,521,3,38,216,278,39,521,33,24,72.7,9,27.3,390,2197,1011,23,27,9,30,20,420,102,Matches
594,Douglas Santos,br BRA,"DF,MF",ru Zenit,27,1994,4.9,357,24,105,145,108,6,357,3,3,100.0,0,0.0,181,823,483,11,8,0,4,1,217,21,Matches
595,Nuno Santos,pt POR,"MF,FW",pt Sporting CP,26,1995,2.4,95,0,9,42,44,4,95,2,1,50.0,1,50.0,61,357,137,6,4,1,6,6,79,25,Matches
596,Zaidu Sanusi,ng NGA,DF,pt Porto,24,1997,4.3,256,13,88,116,56,2,256,2,0,0.0,2,100.0,121,649,362,9,10,1,13,5,128,11,Matches
597,Pablo Sarabia,es ESP,"MF,FW",pt Sporting CP,29,1992,5.6,208,1,27,97,87,15,207,8,2,25.0,6,75.0,127,780,419,16,15,6,17,10,155,42,Matches
598,Bouna Sarr,sn SEN,"DF,FW",de Bayern Munich,29,1992,1.4,99,3,17,32,50,3,99,5,4,80.0,1,20.0,68,336,99,3,3,0,3,1,73,24,Matches
599,Malang Sarr,fr FRA,DF,eng Chelsea,22,1999,1.1,93,11,31,53,9,0,93,1,1,100.0,0,0.0,54,212,75,1,0,0,2,0,64,2,Matches
600,Charlie Savage,wls WAL,MF,eng Manchester Utd,18,2003,0.0,5,1,2,3,0,0,5,0,0,,0,,3,11,0,0,0,0,0,0,1,0,Matches
601,Stefan Savić,me MNE,DF,es Atlético Madrid,30,1991,5.0,245,36,140,101,6,4,245,3,2,66.7,1,33.3,128,657,400,2,2,0,2,0,136,0,Matches
602,Nico Schulz,de GER,DF,de Dortmund,28,1993,2.2,161,5,39,87,38,2,161,3,3,100.0,0,0.0,110,382,195,6,3,1,4,2,113,17,Matches
603,Perr Schuurs,nl NED,DF,nl Ajax,21,1999,1.6,130,4,51,75,5,1,130,0,0,,0,,88,461,292,6,1,0,2,0,91,0,Matches
604,Haris Seferović,ch SUI,FW,pt Benfica,29,1992,0.1,12,1,1,4,7,3,12,0,0,,0,,7,60,33,4,1,2,0,0,9,2,Matches
605,Nicolas Seiwald,at AUT,MF,at RB Salzburg,20,2001,7.2,369,16,73,166,139,5,369,4,3,75.0,1,25.0,150,662,313,8,9,0,11,4,181,19,Matches
606,Stefano Sensi,it ITA,MF,it Inter,25,1995,0.1,21,0,4,5,12,1,21,0,0,,0,,13,47,30,1,1,0,0,0,17,3,Matches
607,Javier Serrano,es ESP,FW,es Atlético Madrid,18,2003,0.2,3,2,3,0,0,0,3,0,0,,0,,1,3,0,0,0,0,0,1,1,0,Matches
608,Benjamin Šeško,si SVN,FW,at RB Salzburg,18,2003,2.6,88,1,14,38,40,4,88,5,2,40.0,3,60.0,44,275,176,4,2,0,8,2,55,16,Matches
609,Artem Shabanov,ua UKR,DF,ua Dynamo Kyiv,29,1992,1.0,39,11,34,5,0,0,39,1,1,100.0,0,0.0,29,146,89,1,0,0,0,0,31,0,Matches
610,Mykola Shaparenko,ua UKR,MF,ua Dynamo Kyiv,22,1998,5.4,391,15,106,214,81,8,391,16,9,56.3,7,43.8,214,1277,629,15,10,1,8,4,263,9,Matches
611,Luke Shaw,eng ENG,DF,eng Manchester Utd,26,1995,4.4,336,9,90,165,83,5,336,6,3,50.0,3,50.0,158,705,416,9,9,1,8,1,210,15,Matches
612,Volodymyr Shepelyev,ua UKR,MF,ua Dynamo Kyiv,24,1997,0.6,34,1,9,16,10,0,34,1,1,100.0,0,0.0,18,77,50,1,1,0,3,1,21,2,Matches
613,Oleksiy Shevchenko,ua UKR,GK,ua Shakhtar,29,1992,0.1,4,4,4,0,0,0,4,0,0,,0,,3,26,26,0,0,0,0,0,0,0,Matches
614,Ilya Shkurin,by BLR,FW,ua Dynamo Kyiv,21,1999,1.1,42,3,5,18,19,4,42,4,2,50.0,2,50.0,14,106,44,2,0,2,3,0,26,3,Matches
615,Shola Shoretire,eng ENG,MF,eng Manchester Utd,17,2004,0.3,14,1,3,11,0,0,14,0,0,,0,,12,28,3,0,0,0,2,0,12,3,Matches
616,Vincent Sierro,ch SUI,MF,ch Young Boys,25,1995,2.7,138,3,42,63,34,2,138,0,0,,0,,89,324,171,1,1,0,5,0,86,4,Matches
617,André Silva,pt POR,FW,de RB Leipzig,25,1995,4.5,163,4,10,71,83,32,162,10,5,50.0,5,50.0,72,322,122,6,4,4,17,16,111,15,Matches
618,Bernardo Silva,pt POR,"MF,FW",eng Manchester City,26,1994,9.7,557,11,66,246,255,35,557,28,15,53.6,13,46.4,425,2502,1265,31,29,5,10,13,433,78,Matches
619,Bruno Felipe Souza da Silva,br BRA,"FW,MF",md Sheriff Tiraspol,27,1994,3.5,126,9,41,45,42,9,126,10,5,50.0,5,50.0,85,653,385,11,11,4,10,9,72,9,Matches
620,Cristiano da Silva Leite,br BRA,DF,md Sheriff Tiraspol,27,1993,6.0,260,33,128,77,62,3,260,13,8,61.5,5,38.5,160,1076,619,15,14,0,8,1,143,15,Matches
621,Rafa Silva,pt POR,"FW,MF",pt Benfica,28,1993,7.8,284,0,40,103,149,30,284,42,18,42.9,24,57.1,192,1594,939,32,23,13,24,17,204,50,Matches
622,Thiago Silva,br BRA,DF,eng Chelsea,36,1984,8.4,676,71,264,393,27,12,676,0,0,,0,,410,2012,1060,3,4,0,2,1,499,2,Matches
623,Mohamed Simakan,fr FRA,DF,de RB Leipzig,21,2000,3.3,186,23,124,59,4,1,186,1,1,100.0,0,0.0,75,487,233,0,0,0,3,0,119,0,Matches
624,Roko Simic,hr CRO,FW,at RB Salzburg,17,2003,0.1,5,0,0,0,5,1,5,0,0,,0,,3,9,2,0,0,0,1,0,4,2,Matches
625,Milan Škriniar,sk SVK,DF,it Inter,26,1995,8.0,544,72,264,228,55,11,544,5,3,60.0,2,40.0,346,1519,696,9,5,0,4,3,393,8,Matches
626,Islam Slimani,dz ALG,FW,pt Sporting CP,33,1988,1.2,26,0,2,14,10,2,26,0,0,,0,,16,70,11,0,1,1,1,2,20,2,Matches
627,Everton Soares,br BRA,"FW,MF",pt Benfica,25,1996,6.0,190,3,38,66,89,7,190,23,8,34.8,15,65.2,122,885,362,13,13,3,5,11,125,25,Matches
628,Eduard Sobol,ua UKR,DF,be Club Brugge,26,1995,3.7,163,15,65,60,41,0,163,11,7,63.6,4,36.4,70,357,145,2,4,0,6,1,76,6,Matches
629,Oumar Solet,fr FRA,DF,at RB Salzburg,21,2000,3.7,190,34,105,75,13,0,190,1,1,100.0,0,0.0,98,432,276,3,5,0,2,0,90,0,Matches
630,Manor Solomon,il ISR,"MF,FW",ua Shakhtar,22,1999,3.6,179,2,22,68,90,18,179,10,9,90.0,1,10.0,139,1009,539,18,10,10,7,11,146,39,Matches
631,Josef de Souza,br BRA,MF,tr Beşiktaş,32,1989,4.9,336,26,106,202,29,3,336,5,3,60.0,2,40.0,158,696,303,5,3,2,9,7,199,3,Matches
632,Kamal Sowah,gh GHA,"MF,DF",be Club Brugge,21,2000,3.3,176,6,36,53,89,9,176,15,7,46.7,8,53.3,100,569,169,6,6,2,14,5,108,19,Matches
633,Marvin Spielmann,ch SUI,MF,ch Young Boys,25,1996,0.1,6,0,1,5,0,0,6,1,0,0.0,1,100.0,7,25,9,0,0,0,0,1,5,0,Matches
634,Josip Stanišić,hr CRO,DF,de Bayern Munich,21,2000,0.3,18,0,6,7,5,1,18,0,0,,0,,11,51,21,0,1,0,0,0,14,1,Matches
635,Renato Steffen,ch SUI,FW,de Wolfsburg,29,1991,2.9,132,4,34,57,43,5,132,5,3,60.0,2,40.0,57,262,94,1,2,0,12,1,83,12,Matches
636,Zack Steffen,us USA,GK,eng Manchester City,26,1995,1.0,27,20,26,1,0,0,27,0,0,,0,,16,38,22,0,0,0,0,0,16,0,Matches
637,Taras Stepanenko,ua UKR,MF,ua Shakhtar,31,1989,2.5,166,8,43,101,22,1,166,1,0,0.0,1,100.0,88,360,120,3,2,0,2,0,125,3,Matches
638,Raheem Sterling,eng ENG,FW,eng Manchester City,26,1994,6.5,282,1,16,99,171,42,282,27,17,63.0,10,37.0,228,1331,691,23,16,9,14,10,240,85,Matches
639,John Stones,eng ENG,DF,eng Manchester City,27,1994,7.1,596,47,172,381,48,10,596,4,2,50.0,2,50.0,464,2740,1823,15,13,0,4,1,483,6,Matches
640,Luis Suárez,uy URU,FW,es Atlético Madrid,34,1987,3.8,113,2,6,48,61,22,112,4,1,25.0,3,75.0,55,196,62,4,1,5,6,5,91,20,Matches
641,Luka Sučić,hr CRO,MF,at RB Salzburg,18,2002,5.7,267,3,41,137,91,8,265,9,6,66.7,3,33.3,153,836,473,9,13,0,11,4,171,7,Matches
642,Heorhiy Sudakov,ua UKR,MF,ua Shakhtar,18,2002,0.6,58,0,1,26,31,2,58,1,0,0.0,1,100.0,35,126,57,1,0,0,0,2,47,2,Matches
643,Niklas Süle,de GER,DF,de Bayern Munich,25,1995,5.7,488,42,216,219,56,6,488,3,1,33.3,2,66.7,341,1869,1179,12,12,1,3,1,374,7,Matches
644,Miralem Sulejmani,rs SRB,DF,ch Young Boys,32,1988,0.1,7,0,0,1,6,2,7,0,0,,0,,4,18,2,0,0,0,1,0,4,1,Matches
645,Vladyslav Supriaha,ua UKR,FW,ua Dynamo Kyiv,21,2000,0.9,26,0,2,17,9,3,26,0,0,,0,,16,68,33,1,1,0,5,0,18,2,Matches
646,Suso,es ESP,FW,es Sevilla,27,1993,2.5,143,0,8,63,76,7,143,4,4,100.0,0,0.0,103,495,209,5,3,2,11,4,108,21,Matches
647,Aleksei Sutormin,ru RUS,"DF,MF",ru Zenit,27,1994,3.3,211,9,51,98,62,3,211,0,0,,0,,139,522,249,3,6,2,5,3,154,18,Matches
648,Serhiy Sydorchuk,ua UKR,MF,ua Dynamo Kyiv,30,1991,5.9,368,19,125,199,45,1,368,9,5,55.6,4,44.4,167,774,305,2,3,2,4,1,233,3,Matches
649,Oleksandr Syrota,ua UKR,DF,ua Dynamo Kyiv,21,2000,5.0,287,56,205,80,3,1,287,0,0,,0,,142,647,366,1,1,0,0,0,189,0,Matches
650,Wojciech Szczęsny,pl POL,GK,it Juventus,31,1990,7.0,196,175,196,1,0,0,196,0,0,,0,,93,455,302,0,0,0,0,0,95,0,Matches
651,Dominik Szoboszlai,hu HUN,"FW,MF",de RB Leipzig,20,2000,2.3,134,4,14,73,47,6,133,8,5,62.5,3,37.5,70,434,203,4,2,1,4,3,109,19,Matches
652,Adel Taarabt,ma MAR,MF,pt Benfica,32,1989,3.8,188,6,42,117,33,2,188,13,7,53.8,6,46.2,112,653,262,7,1,1,5,5,116,7,Matches
653,Bruno Tabata,br BRA,"MF,FW",pt Sporting CP,24,1997,2.3,106,4,21,55,31,3,106,5,1,20.0,4,80.0,64,466,234,8,5,1,5,1,75,9,Matches
654,Dušan Tadić,rs SRB,FW,nl Ajax,32,1988,7.0,397,3,32,88,281,59,397,18,9,50.0,9,50.0,276,1244,637,25,9,6,15,20,311,108,Matches
655,Nicolás Tagliafico,ar ARG,DF,nl Ajax,28,1992,1.5,109,4,21,39,49,6,109,1,0,0.0,1,100.0,52,155,64,3,1,0,2,0,64,10,Matches
656,Mehdi Taremi,ir IRN,FW,pt Porto,29,1992,5.4,176,8,18,76,84,29,176,7,2,28.6,5,71.4,93,486,237,11,9,4,10,6,115,26,Matches
657,Ciprian Tătărușanu,ro ROU,GK,it Milan,35,1986,3.0,103,91,103,0,0,0,103,0,0,,0,,51,278,182,0,0,0,0,0,46,0,Matches
658,Kenneth Taylor,nl NED,MF,nl Ajax,19,2002,0.5,31,0,4,15,13,3,31,3,2,66.7,1,33.3,17,71,45,2,2,0,1,1,19,4,Matches
659,Alex Teixeira,br BRA,MF,tr Beşiktaş,31,1990,2.0,65,0,4,42,19,3,65,8,7,87.5,1,12.5,41,314,177,6,5,0,8,2,47,5,Matches
660,Alex Telles,br BRA,DF,eng Manchester Utd,28,1992,3.2,264,9,50,124,93,2,264,4,4,100.0,0,0.0,113,490,243,7,5,1,6,1,168,21,Matches
661,Marc-André ter Stegen,de GER,GK,es Barcelona,29,1992,6.0,228,195,227,1,0,0,228,0,0,,0,,130,563,301,0,0,0,0,0,133,0,Matches
662,Tetê,br BRA,"FW,MF",ua Shakhtar,21,2000,4.1,182,1,17,74,92,14,182,20,7,35.0,13,65.0,144,735,348,12,5,7,8,6,163,40,Matches
663,Sébastien Thill,lu LUX,MF,md Sheriff Tiraspol,27,1993,6.0,293,25,104,123,67,6,293,1,1,100.0,0,0.0,177,693,359,6,2,2,5,0,172,11,Matches
664,Steffen Tigges,de GER,FW,de Dortmund,23,1998,1.1,29,0,5,11,13,3,29,1,0,0.0,1,100.0,18,97,46,2,1,1,4,3,21,4,Matches
665,Samson Tijani,ng NGA,MF,at RB Salzburg,19,2002,0.3,12,2,9,3,0,0,12,0,0,,0,,7,19,11,0,0,0,1,0,7,0,Matches
666,Malik Tillman,us USA,FW,de Bayern Munich,19,2002,0.2,7,0,2,2,3,0,7,0,0,,0,,6,16,7,0,0,0,0,1,6,0,Matches
667,Jurriën Timber,nl NED,DF,nl Ajax,20,2001,6.4,568,34,201,339,36,4,568,8,7,87.5,1,12.5,403,2103,1178,7,4,0,4,2,420,9,Matches
668,Corentin Tolisso,fr FRA,MF,de Bayern Munich,26,1994,2.6,229,8,45,140,45,3,229,2,1,50.0,1,50.0,146,378,133,0,3,0,5,1,168,6,Matches
669,Rafael Tolói,it ITA,DF,it Atalanta,30,1990,4.0,265,11,70,138,60,8,265,1,0,0.0,1,100.0,131,630,392,9,7,0,5,2,182,7,Matches
670,Tiago Tomás,pt POR,"MF,FW",pt Sporting CP,19,2002,1.8,59,1,9,26,24,6,59,5,2,40.0,3,60.0,30,189,107,5,1,1,8,4,34,7,Matches
671,Fikayo Tomori,eng ENG,DF,it Milan,23,1997,4.6,271,52,179,91,3,2,271,2,0,0.0,2,100.0,132,641,360,0,0,0,4,0,156,0,Matches
672,Sandro Tonali,it ITA,MF,it Milan,21,2000,3.7,225,7,67,115,46,3,225,8,7,87.5,1,12.5,117,684,328,10,4,0,6,9,136,2,Matches
673,Mehmet Topal,tr TUR,"MF,DF",tr Beşiktaş,35,1986,2.9,115,15,40,59,17,6,115,1,1,100.0,0,0.0,47,159,72,1,1,0,1,1,59,1,Matches
674,Gökhan Töre,tr TUR,MF,tr Beşiktaş,29,1992,0.9,34,2,5,21,9,0,34,4,1,25.0,3,75.0,19,155,70,3,2,0,4,1,22,7,Matches
675,Ferrán Torres,es ESP,FW,eng Manchester City,21,2000,0.8,19,0,1,9,9,2,19,2,1,50.0,1,50.0,12,60,21,1,1,0,3,1,14,3,Matches
676,Óliver Torres,es ESP,MF,es Sevilla,26,1994,1.9,139,2,17,87,35,0,139,3,1,33.3,2,66.7,104,360,183,3,1,0,3,3,117,11,Matches
677,Pau Torres,es ESP,DF,es Villarreal,24,1997,12.0,656,140,397,243,19,8,656,7,5,71.4,2,28.6,367,2101,1419,11,4,0,7,1,416,0,Matches
678,Adama Traoré,ml MLI,"FW,MF",md Sheriff Tiraspol,26,1995,5.9,177,13,42,77,63,16,177,19,12,63.2,7,36.8,109,741,320,12,9,5,15,11,113,23,Matches
679,Manu Trigueros,es ESP,"MF,FW",es Villarreal,29,1991,3.7,177,7,34,69,74,7,177,0,0,,0,,82,366,183,5,7,0,6,4,130,11,Matches
680,Kieran Trippier,eng ENG,"DF,FW",es Atlético Madrid,30,1990,2.4,138,1,30,73,35,0,138,1,0,0.0,1,100.0,60,182,124,3,2,0,2,0,79,6,Matches
681,Anatolii Trubin,ua UKR,GK,ua Shakhtar,19,2001,3.0,108,99,108,0,0,0,108,0,0,,0,,66,238,140,0,0,0,0,0,57,0,Matches
682,Kostas Tsimikas,gr GRE,DF,eng Liverpool,25,1996,3.8,290,6,83,113,96,3,290,7,5,71.4,2,28.6,169,856,447,12,8,0,4,4,171,33,Matches
683,Viktor Tsyhankov,ua UKR,"FW,MF",ua Dynamo Kyiv,23,1997,5.4,264,13,64,94,110,13,264,11,2,18.2,9,81.8,128,704,372,8,10,1,15,5,170,27,Matches
684,Oleksandr Tymchyk,ua UKR,DF,ua Dynamo Kyiv,24,1997,1.8,129,2,38,51,40,5,129,5,3,60.0,2,40.0,67,468,290,9,3,1,3,0,77,15,Matches
685,Salih Uçan,tr TUR,MF,tr Beşiktaş,27,1994,1.3,79,7,28,37,14,1,79,6,4,66.7,2,33.3,34,157,52,0,1,0,2,0,47,2,Matches
686,Manuel Ugarte Ribeiro,uy URU,MF,pt Sporting CP,20,2001,2.3,103,3,30,71,4,2,103,1,0,0.0,1,100.0,64,315,132,0,0,0,2,3,70,0,Matches
687,Andreas Ulmer,at AUT,DF,at RB Salzburg,35,1985,7.9,456,19,137,219,106,6,456,6,2,33.3,4,66.7,170,780,512,10,2,2,5,4,219,26,Matches
688,Sven Ulreich,de GER,GK,de Bayern Munich,32,1988,1.0,35,25,34,1,0,0,35,0,0,,0,,21,70,51,0,0,0,0,0,19,0,Matches
689,Dayot Upamecano,fr FRA,DF,de Bayern Munich,22,1998,7.3,631,45,269,332,35,3,631,6,5,83.3,1,16.7,460,2575,1411,10,10,0,4,0,460,1,Matches
690,Mateus Uribe,co COL,MF,pt Porto,30,1991,3.2,144,4,37,89,22,2,144,5,2,40.0,3,60.0,65,240,79,0,2,0,4,6,72,1,Matches
691,Necip Uysal,tr TUR,DF,tr Beşiktaş,30,1991,2.1,92,12,38,36,19,1,92,3,1,33.3,2,66.7,30,105,61,0,2,0,0,0,42,5,Matches
692,Jesús Vallejo,es ESP,DF,es Real Madrid,24,1997,0.1,11,2,7,4,0,0,11,0,0,,0,,2,8,1,0,0,0,1,0,5,0,Matches
693,Federico Valverde,uy URU,"MF,FW",es Real Madrid,23,1998,8.9,503,21,93,244,179,14,503,19,12,63.2,7,36.8,266,1942,1147,31,29,5,8,2,349,32,Matches
694,Ignace Van Der Brempt,be BEL,"MF,FW",be Club Brugge,19,2002,1.8,102,2,27,48,29,5,102,12,9,75.0,3,25.0,54,315,173,7,1,3,8,6,55,9,Matches
695,Virgil van Dijk,nl NED,DF,eng Liverpool,30,1991,9.0,753,54,283,456,18,4,753,4,4,100.0,0,0.0,422,1682,902,3,3,0,0,0,549,3,Matches
696,Hans Vanaken,be BEL,"MF,FW",be Club Brugge,28,1992,6.0,371,8,78,180,116,16,371,21,16,76.2,5,23.8,188,857,370,6,16,1,8,7,254,20,Matches
697,Raphaël Varane,fr FRA,DF,eng Manchester Utd,28,1993,3.9,289,27,128,159,8,3,289,1,1,100.0,0,0.0,172,1184,701,7,4,0,4,1,192,1,Matches
698,Berkay Vardar,az AZE,DF,tr Beşiktaş,18,2003,0.2,5,1,2,3,0,0,5,0,0,,0,,1,5,1,0,0,0,0,0,1,0,Matches
699,Lucas Vázquez,es ESP,"DF,FW",es Real Madrid,30,1991,3.9,308,13,90,111,108,15,308,8,6,75.0,2,25.0,157,874,413,11,3,4,9,3,225,31,Matches
700,Matías Vecino,uy URU,MF,it Inter,29,1991,1.4,49,2,14,24,11,1,49,1,1,100.0,0,0.0,29,153,58,2,1,0,0,2,30,3,Matches
701,Benjamin Verbič,si SVN,"MF,FW",ua Dynamo Kyiv,27,1993,1.0,41,0,11,12,18,4,41,2,0,0.0,2,100.0,27,118,68,3,4,0,6,1,32,8,Matches
702,Lucas Veríssimo,br BRA,DF,pt Benfica,26,1995,3.0,147,34,103,38,6,4,147,2,0,0.0,2,100.0,71,204,83,0,1,0,0,1,83,0,Matches
703,Marco Verratti,it ITA,MF,fr Paris S-G,28,1992,4.8,513,23,141,277,102,9,513,18,14,77.8,4,22.2,288,1339,653,5,11,1,6,13,392,9,Matches
704,Jan Vertonghen,be BEL,DF,pt Benfica,34,1987,10.0,540,88,306,224,12,8,540,3,3,100.0,0,0.0,322,1431,656,1,1,0,1,1,354,0,Matches
705,Domagoj Vida,hr CRO,DF,tr Beşiktaş,32,1989,2.0,121,19,65,55,2,1,121,1,1,100.0,0,0.0,66,385,153,0,0,0,1,0,74,0,Matches
706,Arturo Vidal,cl CHI,MF,it Inter,34,1987,4.6,315,14,74,168,74,10,315,7,5,71.4,2,28.6,178,650,366,6,5,1,5,2,205,18,Matches
707,Fabio Vieira,pt POR,"MF,DF",pt Porto,21,2000,1.0,58,0,9,28,22,2,58,4,3,75.0,1,25.0,42,194,121,2,1,0,3,3,43,7,Matches
708,Rúben Vinagre,pt POR,"MF,DF",pt Sporting CP,22,1999,0.7,41,2,13,16,12,0,41,1,1,100.0,0,0.0,22,113,59,1,1,0,2,1,30,4,Matches
709,João Virgínia,pt POR,GK,pt Sporting CP,21,1999,1.0,42,41,42,0,0,0,42,0,0,,0,,28,90,42,0,0,0,0,0,25,0,Matches
710,Vitão,br BRA,DF,ua Shakhtar,21,2000,1.0,95,21,47,47,1,0,95,0,0,,0,,70,279,159,0,1,1,0,0,72,0,Matches
711,Vitinha,pt POR,MF,pt Porto,21,2000,2.5,179,4,33,100,50,4,179,5,4,80.0,1,20.0,99,566,264,7,1,2,3,1,115,1,Matches
712,Vitinho,br BRA,"FW,MF",ua Dynamo Kyiv,22,1999,1.1,46,0,8,13,26,5,46,4,1,25.0,3,75.0,30,148,38,1,1,1,1,2,32,9,Matches
713,Odisseas Vlachodimos,gr GRE,GK,pt Benfica,27,1994,10.0,392,363,392,0,0,0,392,0,0,,0,,195,887,461,0,0,0,1,0,153,0,Matches
714,Dušan Vlahović,rs SRB,FW,it Juventus,21,2000,2.0,46,0,3,26,17,7,46,1,1,100.0,0,0.0,31,108,31,2,1,0,9,5,35,8,Matches
715,Ruud Vormer,nl NED,MF,be Club Brugge,33,1988,1.8,103,5,21,48,34,4,103,1,1,100.0,0,0.0,48,181,112,4,1,1,0,0,68,10,Matches
716,Aster Vranckx,be BEL,"MF,FW",de Wolfsburg,18,2002,3.7,166,4,38,94,39,1,166,12,8,66.7,4,33.3,85,450,237,7,3,0,13,9,97,12,Matches
717,Stefan de Vrij,nl NED,DF,it Inter,29,1992,5.4,389,40,199,184,6,4,389,0,0,,0,,232,1431,885,3,1,0,8,1,276,2,Matches
718,Šime Vrsaljko,hr CRO,DF,es Atlético Madrid,29,1992,3.4,160,18,66,66,28,2,160,2,0,0.0,2,100.0,48,137,43,1,0,0,3,0,57,4,Matches
719,Luca Waldschmidt,de GER,"MF,FW",de Wolfsburg,25,1996,1.3,42,2,5,23,15,1,42,1,0,0.0,1,100.0,18,78,35,1,1,0,2,0,25,5,Matches
720,Kyle Walker,eng ENG,DF,eng Manchester City,31,1990,6.4,506,23,118,303,87,10,506,1,1,100.0,0,0.0,337,1336,688,13,7,0,4,3,351,25,Matches
721,Aaron Wan-Bissaka,eng ENG,DF,eng Manchester Utd,23,1997,4.7,353,17,125,160,73,4,353,10,8,80.0,2,20.0,173,1235,764,15,7,0,6,4,224,12,Matches
722,Timothy Weah,us USA,"MF,FW",fr Lille,21,2000,2.8,103,1,11,41,52,6,103,6,3,50.0,3,50.0,59,424,204,11,6,3,5,2,72,20,Matches
723,Wout Weghorst,nl NED,FW,de Wolfsburg,28,1992,4.4,140,3,11,77,53,16,140,3,1,33.3,2,66.7,77,214,97,2,3,1,10,0,108,17,Matches
724,Julian Weigl,de GER,MF,pt Benfica,25,1995,9.0,452,21,116,288,48,1,452,9,7,77.8,2,22.2,251,973,375,3,5,0,5,3,282,2,Matches
725,Welinton,br BRA,DF,tr Beşiktaş,32,1989,3.5,232,30,107,118,10,1,232,3,1,33.3,2,66.7,105,413,211,2,2,0,2,0,120,0,Matches
726,Wendel,br BRA,MF,ru Zenit,23,1997,5.3,355,16,82,205,73,11,355,5,3,60.0,2,40.0,231,1318,731,13,9,3,13,5,273,14,Matches
727,Wendell,br BRA,DF,pt Porto,28,1993,1.5,88,1,22,49,22,0,88,2,1,50.0,1,50.0,44,372,234,6,7,0,1,1,42,1,Matches
728,Timo Werner,de GER,"FW,MF",eng Chelsea,25,1996,2.7,115,1,7,29,81,25,115,7,4,57.1,3,42.9,74,470,285,8,8,2,8,6,87,24,Matches
729,Georginio Wijnaldum,nl NED,MF,fr Paris S-G,30,1990,2.9,129,8,30,79,20,7,129,4,1,25.0,3,75.0,63,269,105,3,1,1,8,4,103,5,Matches
730,Neco Williams,wls WAL,"DF,FW",eng Liverpool,20,2001,2.0,156,2,43,71,45,4,156,7,5,71.4,2,28.6,94,498,220,6,2,3,3,0,96,13,Matches
731,Axel Witsel,be BEL,MF,de Dortmund,32,1989,5.2,350,23,84,228,39,0,350,1,1,100.0,0,0.0,219,1031,422,3,5,0,1,0,233,1,Matches
732,Maximilian Wöber,at AUT,DF,at RB Salzburg,23,1998,6.3,417,55,219,180,20,2,417,2,2,100.0,0,0.0,205,1018,525,10,1,0,1,0,241,2,Matches
733,Marius Wolf,de GER,"DF,FW",de Dortmund,26,1995,1.9,112,4,16,44,52,11,112,3,2,66.7,1,33.3,56,244,105,4,5,4,2,1,59,11,Matches
734,Max Woltman,eng ENG,FW,eng Liverpool,17,2003,0.0,0,0,0,0,0,0,0,0,0,,0,,0,0,0,0,0,0,0,0,0,0,Matches
735,Xeka,pt POR,MF,fr Lille,26,1994,4.8,272,9,58,167,50,7,272,3,3,100.0,0,0.0,114,512,175,0,1,0,10,3,161,8,Matches
736,Momo Yansané,gn GUI,FW,md Sheriff Tiraspol,24,1997,1.7,53,2,8,25,20,2,53,1,0,0.0,1,100.0,34,183,92,4,3,1,3,2,33,5,Matches
737,Roman Yaremchuk,ua UKR,FW,pt Benfica,25,1995,5.7,158,3,8,80,72,23,158,12,8,66.7,4,33.3,111,677,263,8,8,3,20,12,130,35,Matches
738,Jasur Yaxshiboyev,uz UZB,FW,md Sheriff Tiraspol,24,1997,2.2,57,3,11,27,19,7,57,1,1,100.0,0,0.0,31,158,45,4,2,3,4,5,37,7,Matches
739,Yusuf Yazıcı,tr TUR,"MF,FW",fr Lille,24,1997,0.6,49,0,5,19,27,1,49,5,3,60.0,2,40.0,29,174,89,2,1,0,2,2,35,1,Matches
740,Burak Yılmaz,tr TUR,FW,fr Lille,36,1985,5.9,190,2,6,64,122,24,189,13,7,53.8,6,46.2,103,784,273,13,3,7,11,8,147,40,Matches
741,Rıdvan Yılmaz,tr TUR,"DF,MF",tr Beşiktaş,20,2001,1.5,89,5,29,52,9,0,89,4,1,25.0,3,75.0,37,125,68,2,1,0,4,1,47,7,Matches
742,Illia Zabarnyi,ua UKR,DF,ua Dynamo Kyiv,18,2002,6.0,321,81,218,98,5,4,321,1,0,0.0,1,100.0,165,806,511,0,2,1,4,0,206,0,Matches
743,Dan-Axel Zagadou,fr FRA,DF,de Dortmund,22,1999,1.1,118,4,32,81,6,1,118,1,1,100.0,0,0.0,97,616,430,4,2,0,0,1,98,1,Matches
744,Denis Zakaria,ch SUI,MF,it Juventus,24,1996,0.1,4,0,2,2,0,0,4,0,0,,0,,2,4,0,0,0,0,0,0,3,0,Matches
745,Duván Zapata,co COL,FW,it Atalanta,30,1991,5.2,216,3,14,80,125,48,216,12,8,66.7,4,33.3,140,736,315,16,12,14,31,16,163,53,Matches
746,Davide Zappacosta,it ITA,DF,it Atalanta,29,1992,4.5,286,2,58,94,137,13,286,13,4,30.8,9,69.2,159,882,410,22,9,5,8,6,195,35,Matches
747,Cedric Zesiger,ch SUI,DF,ch Young Boys,23,1998,0.0,1,0,1,0,0,0,1,0,0,,0,,0,0,0,0,0,0,0,0,0,0,Matches
748,Edon Zhegrova,xk KVX,FW,fr Lille,22,1999,0.1,5,0,1,3,1,0,5,2,1,50.0,1,50.0,3,21,6,0,0,0,0,1,1,0,Matches
749,Oleksandr Zinchenko,ua UKR,"DF,MF",eng Manchester City,24,1996,5.6,462,10,79,240,143,8,462,3,2,66.7,1,33.3,264,1400,787,24,16,2,4,4,308,28,Matches
750,Hakim Ziyech,ma MAR,"MF,FW",eng Chelsea,28,1993,4.9,325,3,15,112,200,23,325,20,7,35.0,13,65.0,171,775,345,10,9,0,11,9,240,55,Matches
