Rk,Player,Nation,Pos,Squad,Age,Born,90s,Total_Cmp,Total_Att,Total_Cmp%,Total_TotDist,Total_PrgDist,Short_Cmp,Short_Att,Short_Cmp%,Medium_Cmp,Medium_Att,Medium_Cmp%,Long_Cmp,Long_Att,Long_Cmp%,Ast,A-xAG,KP,1/3,PPA,CrsPA,Matches
1,Aymen Abdennour,tn TUN,DF,es Valencia,25,1989,3.7,,,,,,,,,,,,,,,0,,,,,,Matches
2,Vincent Aboubakar,cm CMR,FW,pt Porto,23,1992,5.4,,,,,,,,,,,,,,,1,,,,,,Matches
3,Arijan Ademi,mk MKD,MF,hr Dinamo Zagreb,24,1991,2.0,,,,,,,,,,,,,,,0,,,,,,Matches
4,Olcan Adın,tr TUR,MF,tr Galatasaray,29,1985,3.0,,,,,,,,,,,,,,,0,,,,,,Matches
5,Adriano,br BRA,"DF,MF",es Barcelona,30,1984,2.3,,,,,,,,,,,,,,,0,,,,,,Matches
6,Sergio Agüero,ar ARG,FW,eng Manchester City,27,1988,7.8,,,,,,,,,,,,,,,0,,,,,,Matches
7,Yeldos Akhmetov,kz KAZ,DF,kz FC Astana,25,1990,1.0,,,,,,,,,,,,,,,0,,,,,,Matches
8,Igor Akinfeev,ru RUS,GK,ru CSKA Moscow,29,1986,6.0,,,,,,,,,,,,,,,0,,,,,,Matches
9,Nana Akwasi Asare,gh GHA,"DF,MF",be Gent,29,1986,8.0,,,,,,,,,,,,,,,0,,,,,,Matches
10,David Alaba,at AUT,"DF,MF",de Bayern Munich,23,1992,10.3,,,,,,,,,,,,,,,1,,,,,,Matches
11,Jordi Alba,es ESP,"DF,MF",es Barcelona,26,1989,8.2,,,,,,,,,,,,,,,1,,,,,,Matches
12,Gal Alberman,il ISR,MF,il Maccabi Tel Aviv,32,1983,5.9,,,,,,,,,,,,,,,0,,,,,,Matches
13,Paco Alcácer,es ESP,FW,es Valencia,21,1993,4.4,,,,,,,,,,,,,,,1,,,,,,Matches
14,Thiago Alcántara,es ESP,MF,de Bayern Munich,24,1991,8.0,,,,,,,,,,,,,,,3,,,,,,Matches
15,Illya Aleksiyevich,by BLR,"FW,MF",by BATE Borisov,24,1991,1.0,,,,,,,,,,,,,,,0,,,,,,Matches
16,André Almeida,pt POR,"DF,MF",pt Benfica,24,1990,7.3,,,,,,,,,,,,,,,1,,,,,,Matches
17,Xabi Alonso,es ESP,MF,de Bayern Munich,33,1981,7.3,,,,,,,,,,,,,,,0,,,,,,Matches
18,Dani Alves,br BRA,"DF,MF",es Barcelona,32,1983,7.7,,,,,,,,,,,,,,,3,,,,,,Matches
19,Victor Andrade,br BRA,"FW,MF",pt Benfica,19,1995,0.2,,,,,,,,,,,,,,,0,,,,,,Matches
20,André André,pt POR,MF,pt Porto,25,1989,4.4,,,,,,,,,,,,,,,1,,,,,,Matches
21,Marco Andreolli,it ITA,DF,es Sevilla,29,1986,2.0,,,,,,,,,,,,,,,0,,,,,,Matches
22,Marin Aničić,ba BIH,DF,kz FC Astana,25,1989,5.0,,,,,,,,,,,,,,,0,,,,,,Matches
23,Domagoj Antolić,hr CRO,MF,hr Dinamo Zagreb,25,1990,5.7,,,,,,,,,,,,,,,0,,,,,,Matches
24,José Antonio Reyes,es ESP,MF,es Sevilla,31,1983,1.8,,,,,,,,,,,,,,,0,,,,,,Matches
25,Vitorino Antunes,pt POR,DF,ua Dynamo Kyiv,28,1987,6.0,,,,,,,,,,,,,,,0,,,,,,Matches
26,Aleksandr Anyukov,ru RUS,DF,ru Zenit,32,1982,6.4,,,,,,,,,,,,,,,0,,,,,,Matches
27,Álvaro Arbeloa,es ESP,DF,es Real Madrid,32,1983,2.0,,,,,,,,,,,,,,,0,,,,,,Matches
28,Santiago Arias,co COL,"DF,MF",nl PSV Eindhoven,23,1992,6.2,,,,,,,,,,,,,,,0,,,,,,Matches
29,Kári Árnason,is ISL,"DF,MF",se Malmö,32,1982,5.0,,,,,,,,,,,,,,,0,,,,,,Matches
30,Maximilian Arnold,de GER,MF,de Wolfsburg,21,1994,7.9,,,,,,,,,,,,,,,0,,,,,,Matches
31,Mikel Arteta,es ESP,MF,eng Arsenal,33,1982,0.7,,,,,,,,,,,,,,,0,,,,,,Matches
32,Jean-Kévin Augustin,fr FRA,FW,fr Paris S-G,18,1997,0.1,,,,,,,,,,,,,,,0,,,,,,Matches
33,Serge Aurier,ci CIV,"DF,MF",fr Paris S-G,22,1992,4.5,,,,,,,,,,,,,,,1,,,,,,Matches
34,Márcio Azevedo,br BRA,DF,ua Shakhtar,29,1986,2.7,,,,,,,,,,,,,,,0,,,,,,Matches
35,César Azpilicueta,es ESP,"DF,MF",eng Chelsea,25,1989,8.0,,,,,,,,,,,,,,,0,,,,,,Matches
36,Shlomi Azulay,il ISR,FW,il Maccabi Tel Aviv,25,1989,0.1,,,,,,,,,,,,,,,0,,,,,,Matches
37,Holger Badstuber,de GER,DF,de Bayern Munich,26,1989,0.6,,,,,,,,,,,,,,,0,,,,,,Matches
38,Dzmitry Baha,by BLR,MF,by BATE Borisov,25,1990,0.7,,,,,,,,,,,,,,,0,,,,,,Matches
39,Gareth Bale,wls WAL,"FW,MF",es Real Madrid,26,1989,7.1,,,,,,,,,,,,,,,3,,,,,,Matches
40,Hakan Balta,tr TUR,DF,tr Galatasaray,32,1983,5.9,,,,,,,,,,,,,,,0,,,,,,Matches
41,Éver Banega,ar ARG,MF,es Sevilla,27,1988,4.6,,,,,,,,,,,,,,,0,,,,,,Matches
42,Danilo Barbosa,br BRA,"DF,MF",es Valencia,19,1996,0.9,,,,,,,,,,,,,,,0,,,,,,Matches
43,Antonio Barragán,es ESP,"DF,MF",es Valencia,28,1987,1.0,,,,,,,,,,,,,,,0,,,,,,Matches
44,Marc Bartra,es ESP,DF,es Barcelona,24,1991,2.6,,,,,,,,,,,,,,,0,,,,,,Matches
45,Andrea Barzagli,it ITA,DF,it Juventus,34,1981,6.6,,,,,,,,,,,,,,,1,,,,,,Matches
46,Claudio Beauvue,gp GLP,"FW,MF",fr Lyon,27,1988,2.1,,,,,,,,,,,,,,,0,,,,,,Matches
47,Henri Bedimo,cm CMR,DF,fr Lyon,31,1984,3.0,,,,,,,,,,,,,,,0,,,,,,Matches
48,Asmir Begović,ba BIH,GK,eng Chelsea,28,1987,5.0,,,,,,,,,,,,,,,0,,,,,,Matches
49,Abzal Beisebekov,kz KAZ,"DF,MF",kz FC Astana,22,1992,1.1,,,,,,,,,,,,,,,0,,,,,,Matches
50,Younès Belhanda,ma MAR,"FW,MF",ua Dynamo Kyiv,25,1990,0.4,,,,,,,,,,,,,,,0,,,,,,Matches
51,Karim Bellarabi,de GER,"FW,MF",de Leverkusen,25,1990,4.7,,,,,,,,,,,,,,,2,,,,,,Matches
52,Héctor Bellerín,es ESP,"DF,MF",eng Arsenal,20,1995,5.9,,,,,,,,,,,,,,,1,,,,,,Matches
53,Eden Ben Basat,il ISR,FW,il Maccabi Tel Aviv,28,1986,1.1,,,,,,,,,,,,,,,0,,,,,,Matches
54,Tal Ben Haim,il ISR,"FW,MF",il Maccabi Tel Aviv,25,1989,4.9,,,,,,,,,,,,,,,0,,,,,,Matches
55,Tal Ben Haim,il ISR,DF,il Maccabi Tel Aviv,33,1982,4.5,,,,,,,,,,,,,,,0,,,,,,Matches
56,Omri Ben Harush,il ISR,DF,il Maccabi Tel Aviv,25,1990,4.5,,,,,,,,,,,,,,,0,,,,,,Matches
57,Diego Benaglio,ch SUI,GK,de Wolfsburg,31,1983,8.0,,,,,,,,,,,,,,,0,,,,,,Matches
58,Medhi Benatia,ma MAR,DF,de Bayern Munich,28,1987,2.0,,,,,,,,,,,,,,,0,,,,,,Matches
59,Lars Bender,de GER,"DF,MF",de Leverkusen,26,1989,1.5,,,,,,,,,,,,,,,0,,,,,,Matches
60,Nicklas Bendtner,dk DEN,FW,de Wolfsburg,27,1988,1.0,,,,,,,,,,,,,,,0,,,,,,Matches
61,Rasmus Bengtsson,se SWE,DF,se Malmö,29,1986,5.0,,,,,,,,,,,,,,,0,,,,,,Matches
62,Filip Benković,hr CRO,DF,hr Dinamo Zagreb,18,1997,0.5,,,,,,,,,,,,,,,0,,,,,,Matches
63,Karim Benzema,fr FRA,FW,es Real Madrid,27,1987,6.7,,,,,,,,,,,,,,,0,,,,,,Matches
64,Aleksei Berezutski,ru RUS,DF,ru CSKA Moscow,33,1982,4.5,,,,,,,,,,,,,,,0,,,,,,Matches
65,Vasili Berezutski,ru RUS,DF,ru CSKA Moscow,33,1982,1.5,,,,,,,,,,,,,,,0,,,,,,Matches
66,Steven Bergwijn,nl NED,"FW,MF",nl PSV Eindhoven,17,1997,0.1,,,,,,,,,,,,,,,1,,,,,,Matches
67,Bernard,br BRA,"FW,MF",ua Shakhtar,22,1992,3.4,,,,,,,,,,,,,,,1,,,,,,Matches
68,Juan Bernat,es ESP,"DF,FW",de Bayern Munich,22,1993,6.0,,,,,,,,,,,,,,,1,,,,,,Matches
69,Milan Biševac,rs SRB,DF,fr Lyon,31,1983,2.0,,,,,,,,,,,,,,,0,,,,,,Matches
70,Daley Blind,nl NED,"DF,MF",eng Manchester Utd,25,1990,5.3,,,,,,,,,,,,,,,1,,,,,,Matches
71,Jérôme Boateng,de GER,DF,de Bayern Munich,26,1988,6.0,,,,,,,,,,,,,,,1,,,,,,Matches
72,Dmitri Bogayev,ru RUS,FW,ru Zenit,21,1994,0.1,,,,,,,,,,,,,,,0,,,,,,Matches
73,Leonardo Bonucci,it ITA,DF,it Juventus,28,1987,8.3,,,,,,,,,,,,,,,0,,,,,,Matches
74,Wilfried Bony,ci CIV,FW,eng Manchester City,26,1988,3.1,,,,,,,,,,,,,,,3,,,,,,Matches
75,Cameron Borthwick-Jackson,eng ENG,"DF,MF",eng Manchester Utd,18,1997,0.5,,,,,,,,,,,,,,,0,,,,,,Matches
76,Alberto Botía,es ESP,DF,gr Olympiacos,26,1989,2.6,,,,,,,,,,,,,,,0,,,,,,Matches
77,Yacine Brahimi,dz ALG,"FW,MF",pt Porto,25,1990,4.5,,,,,,,,,,,,,,,0,,,,,,Matches
78,Julian Brandt,de GER,"FW,MF",de Leverkusen,19,1996,1.0,,,,,,,,,,,,,,,0,,,,,,Matches
79,Joshua Brenet,cw CUW,DF,nl PSV Eindhoven,21,1994,6.4,,,,,,,,,,,,,,,0,,,,,,Matches
80,Franz Brorsson,se SWE,DF,se Malmö,19,1996,1.0,,,,,,,,,,,,,,,0,,,,,,Matches
81,Roel Brouwers,nl NED,DF,de Gladbach,33,1981,1.0,,,,,,,,,,,,,,,0,,,,,,Matches
82,Jeffrey Bruma,nl NED,DF,nl PSV Eindhoven,23,1991,8.3,,,,,,,,,,,,,,,0,,,,,,Matches
83,Gianluigi Buffon,it ITA,GK,it Juventus,37,1978,8.3,,,,,,,,,,,,,,,0,,,,,,Matches
84,Umut Bulut,tr TUR,"FW,MF",tr Galatasaray,32,1983,3.0,,,,,,,,,,,,,,,0,,,,,,Matches
85,Sergio Busquets,es ESP,MF,es Barcelona,27,1988,8.0,,,,,,,,,,,,,,,0,,,,,,Matches
86,Vitaliy Buyalskyi,ua UKR,MF,ua Dynamo Kyiv,22,1993,4.5,,,,,,,,,,,,,,,0,,,,,,Matches
87,Willy Caballero,ar ARG,GK,eng Manchester City,33,1981,0.1,,,,,,,,,,,,,,,0,,,,,,Matches
88,Gary Cahill,eng ENG,DF,eng Chelsea,29,1985,6.0,,,,,,,,,,,,,,,0,,,,,,Matches
89,Hakan Çalhanoğlu,tr TUR,"FW,MF",de Leverkusen,21,1994,5.6,,,,,,,,,,,,,,,3,,,,,,Matches
90,Daniel Caligiuri,it ITA,"DF,FW",de Wolfsburg,27,1988,4.8,,,,,,,,,,,,,,,1,,,,,,Matches
91,Juan Cámara,es ESP,MF,es Barcelona,21,1994,0.2,,,,,,,,,,,,,,,0,,,,,,Matches
92,Esteban Cambiasso,ar ARG,MF,gr Olympiacos,34,1980,2.7,,,,,,,,,,,,,,,0,,,,,,Matches
93,Joel Campbell,cr CRC,"FW,MF",eng Arsenal,23,1992,3.0,,,,,,,,,,,,,,,2,,,,,,Matches
94,Roger Cañas,co COL,MF,kz FC Astana,25,1990,5.0,,,,,,,,,,,,,,,0,,,,,,Matches
95,João Cancelo,pt POR,"DF,MF",es Valencia,21,1994,5.1,,,,,,,,,,,,,,,0,,,,,,Matches
96,Mehdi Carcela,ma MAR,"FW,MF",pt Benfica,26,1989,1.6,,,,,,,,,,,,,,,0,,,,,,Matches
97,Lionel Carole,fr FRA,"DF,MF",tr Galatasaray,24,1991,3.0,,,,,,,,,,,,,,,0,,,,,,Matches
98,Yannick Carrasco,be BEL,"DF,FW",es Atlético Madrid,21,1993,6.3,,,,,,,,,,,,,,,2,,,,,,Matches
99,Michael Carrick,eng ENG,MF,eng Manchester Utd,34,1981,1.2,,,,,,,,,,,,,,,0,,,,,,Matches
100,Dani Carvajal,es ESP,DF,es Real Madrid,23,1992,7.6,,,,,,,,,,,,,,,1,,,,,,Matches
101,Eduardo Carvalho,pt POR,GK,hr Dinamo Zagreb,32,1982,6.0,,,,,,,,,,,,,,,0,,,,,,Matches
102,Felipe Carvalho,uy URU,DF,se Malmö,21,1993,1.6,,,,,,,,,,,,,,,0,,,,,,Matches
103,Casemiro,br BRA,MF,es Real Madrid,23,1992,10.3,,,,,,,,,,,,,,,0,,,,,,Matches
104,Kiko Casilla,es ESP,GK,es Real Madrid,28,1986,2.0,,,,,,,,,,,,,,,0,,,,,,Matches
105,Iker Casillas,es ESP,GK,pt Porto,34,1981,6.0,,,,,,,,,,,,,,,0,,,,,,Matches
106,Koen Casteels,be BEL,GK,de Wolfsburg,23,1992,2.0,,,,,,,,,,,,,,,0,,,,,,Matches
107,Aleksandrs Cauņa,lv LVA,"FW,MF",ru CSKA Moscow,27,1988,1.0,,,,,,,,,,,,,,,0,,,,,,Matches
108,Edinson Cavani,uy URU,"FW,MF",fr Paris S-G,28,1987,7.1,,,,,,,,,,,,,,,1,,,,,,Matches
109,Santi Cazorla,es ESP,MF,eng Arsenal,30,1984,4.9,,,,,,,,,,,,,,,1,,,,,,Matches
110,Petr Čech,cz CZE,GK,eng Arsenal,33,1982,5.0,,,,,,,,,,,,,,,0,,,,,,Matches
111,Júlio César,br BRA,GK,pt Benfica,35,1979,7.0,,,,,,,,,,,,,,,0,,,,,,Matches
112,Calum Chambers,eng ENG,"DF,MF",eng Arsenal,20,1995,0.1,,,,,,,,,,,,,,,0,,,,,,Matches
113,Aurélien Chedjou,cm CMR,DF,tr Galatasaray,30,1985,4.0,,,,,,,,,,,,,,,1,,,,,,Matches
114,Sergei Chernik,by BLR,GK,by BATE Borisov,27,1988,6.0,,,,,,,,,,,,,,,0,,,,,,Matches
115,Denis Cheryshev,ru RUS,"FW,MF",es Real Madrid,24,1990,0.4,,,,,,,,,,,,,,,0,,,,,,Matches
116,Giorgio Chiellini,it ITA,DF,it Juventus,30,1984,6.0,,,,,,,,,,,,,,,0,,,,,,Matches
117,Andreas Christensen,dk DEN,"DF,MF",de Gladbach,19,1996,5.0,,,,,,,,,,,,,,,0,,,,,,Matches
118,Gaël Clichy,fr FRA,DF,eng Manchester City,30,1985,7.9,,,,,,,,,,,,,,,0,,,,,,Matches
119,Coke,es ESP,"DF,MF",es Sevilla,28,1987,5.5,,,,,,,,,,,,,,,1,,,,,,Matches
120,Emre Çolak,tr TUR,MF,tr Galatasaray,24,1991,0.5,,,,,,,,,,,,,,,0,,,,,,Matches
121,Kingsley Coman,fr FRA,"FW,MF",de Bayern Munich,19,1996,4.7,,,,,,,,,,,,,,,5,,,,,,Matches
122,Francis Coquelin,fr FRA,"DF,MF",eng Arsenal,24,1991,4.4,,,,,,,,,,,,,,,0,,,,,,Matches
123,Ante Ćorić,hr CRO,MF,hr Dinamo Zagreb,18,1997,1.0,,,,,,,,,,,,,,,0,,,,,,Matches
124,Maxwel Cornet,ci CIV,"DF,FW",fr Lyon,18,1996,1.4,,,,,,,,,,,,,,,0,,,,,,Matches
125,Jesús Corona,mx MEX,"DF,FW",pt Porto,22,1993,2.0,,,,,,,,,,,,,,,0,,,,,,Matches
126,Ángel Correa,ar ARG,"FW,MF",es Atlético Madrid,20,1995,1.4,,,,,,,,,,,,,,,0,,,,,,Matches
127,Diego Costa,es ESP,FW,eng Chelsea,26,1988,7.4,,,,,,,,,,,,,,,1,,,,,,Matches
128,Douglas Costa,br BRA,"FW,MF",de Bayern Munich,24,1990,10.3,,,,,,,,,,,,,,,3,,,,,,Matches
129,Manuel da Costa,ma MAR,DF,gr Olympiacos,29,1986,3.4,,,,,,,,,,,,,,,0,,,,,,Matches
130,Kalifa Coulibaly,ml MLI,FW,be Gent,23,1991,0.3,,,,,,,,,,,,,,,0,,,,,,Matches
131,Thibaut Courtois,be BEL,GK,eng Chelsea,23,1992,3.0,,,,,,,,,,,,,,,0,,,,,,Matches
132,Domenico Criscito,it ITA,"DF,MF",ru Zenit,28,1986,5.8,,,,,,,,,,,,,,,0,,,,,,Matches
133,Bryan Cristante,it ITA,"DF,MF",pt Benfica,20,1995,0.1,,,,,,,,,,,,,,,0,,,,,,Matches
134,Juan Cuadrado,co COL,"DF,FW",it Juventus,27,1988,5.2,,,,,,,,,,,,,,,0,,,,,,Matches
135,Mahmoud Dahoud,de GER,MF,de Gladbach,19,1996,4.8,,,,,,,,,,,,,,,0,,,,,,Matches
136,Danilo,br BRA,"DF,MF",es Real Madrid,24,1991,6.4,,,,,,,,,,,,,,,1,,,,,,Matches
137,Danny,pt POR,MF,ru Zenit,31,1983,8.0,,,,,,,,,,,,,,,2,,,,,,Matches
138,Dante,br BRA,DF,de Wolfsburg,31,1983,9.0,,,,,,,,,,,,,,,0,,,,,,Matches
139,Sergi Darder,es ESP,MF,fr Lyon,21,1993,2.5,,,,,,,,,,,,,,,0,,,,,,Matches
140,Matteo Darmian,it ITA,"DF,MF",eng Manchester Utd,25,1989,3.4,,,,,,,,,,,,,,,0,,,,,,Matches
141,Eli Dasa,il ISR,"DF,MF",il Maccabi Tel Aviv,22,1992,3.0,,,,,,,,,,,,,,,0,,,,,,Matches
142,Kevin De Bruyne,be BEL,"FW,MF",eng Manchester City,24,1991,7.9,,,,,,,,,,,,,,,0,,,,,,Matches
143,Rodrigo De Paul,ar ARG,"FW,MF",es Valencia,21,1994,1.0,,,,,,,,,,,,,,,0,,,,,,Matches
144,Daniele De Rossi,it ITA,"DF,MF",it Roma,32,1983,5.1,,,,,,,,,,,,,,,0,,,,,,Matches
145,Morgan De Sanctis,it ITA,GK,it Roma,38,1977,0.4,,,,,,,,,,,,,,,0,,,,,,Matches
146,Mathieu Debuchy,fr FRA,DF,eng Arsenal,30,1985,2.1,,,,,,,,,,,,,,,0,,,,,,Matches
147,Denys Dedechko,ua UKR,MF,kz FC Astana,28,1987,1.0,,,,,,,,,,,,,,,0,,,,,,Matches
148,Brecht Dejaegere,be BEL,MF,be Gent,24,1991,4.5,,,,,,,,,,,,,,,1,,,,,,Matches
149,Fabian Delph,eng ENG,"DF,MF",eng Manchester City,25,1989,1.3,,,,,,,,,,,,,,,0,,,,,,Matches
150,Martín Demichelis,ar ARG,"DF,MF",eng Manchester City,34,1980,2.7,,,,,,,,,,,,,,,0,,,,,,Matches
151,Jason Denayer,be BEL,DF,tr Galatasaray,20,1995,3.1,,,,,,,,,,,,,,,0,,,,,,Matches
152,Dentinho,br BRA,"FW,MF",ua Shakhtar,26,1989,0.5,,,,,,,,,,,,,,,0,,,,,,Matches
153,Laurent Depoitre,be BEL,FW,be Gent,26,1988,6.9,,,,,,,,,,,,,,,0,,,,,,Matches
154,Gregory van der Wiel,nl NED,DF,fr Paris S-G,27,1988,4.2,,,,,,,,,,,,,,,1,,,,,,Matches
155,Ángel Di María,ar ARG,"FW,MF",fr Paris S-G,27,1988,8.5,,,,,,,,,,,,,,,3,,,,,,Matches
156,Lucas Digne,fr FRA,"DF,MF",it Roma,22,1993,8.0,,,,,,,,,,,,,,,2,,,,,,Matches
157,Pavel Dolgov,ru RUS,FW,ru Zenit,18,1996,0.3,,,,,,,,,,,,,,,0,,,,,,Matches
158,Jaume Doménech,es ESP,GK,es Valencia,24,1990,6.0,,,,,,,,,,,,,,,0,,,,,,Matches
159,Álvaro Domínguez,es ESP,DF,de Gladbach,26,1989,3.0,,,,,,,,,,,,,,,0,,,,,,Matches
160,Chori Domínguez,ar ARG,"FW,MF",gr Olympiacos,34,1981,1.1,,,,,,,,,,,,,,,0,,,,,,Matches
161,Giulio Donati,it ITA,DF,de Leverkusen,25,1990,3.8,,,,,,,,,,,,,,,0,,,,,,Matches
162,Bas Dost,nl NED,FW,de Wolfsburg,26,1989,4.1,,,,,,,,,,,,,,,0,,,,,,Matches
163,Seydou Doumbia,ci CIV,FW,ru CSKA Moscow,27,1987,4.7,,,,,,,,,,,,,,,1,,,,,,Matches
164,Aleksandar Dragović,at AUT,"DF,MF",ua Dynamo Kyiv,24,1991,8.0,,,,,,,,,,,,,,,0,,,,,,Matches
165,Julian Draxler,de GER,"FW,MF",de Wolfsburg,21,1993,7.3,,,,,,,,,,,,,,,2,,,,,,Matches
166,Josip Drmić,ch SUI,FW,de Gladbach,22,1992,1.1,,,,,,,,,,,,,,,0,,,,,,Matches
167,Kaspars Dubra,lv LVA,DF,by BATE Borisov,24,1990,2.4,,,,,,,,,,,,,,,0,,,,,,Matches
168,Paulo Dybala,ar ARG,"FW,MF",it Juventus,21,1993,4.7,,,,,,,,,,,,,,,0,,,,,,Matches
169,Alan Dzagoev,ru RUS,MF,ru CSKA Moscow,25,1990,5.9,,,,,,,,,,,,,,,0,,,,,,Matches
170,Edin Džeko,ba BIH,FW,it Roma,29,1986,5.3,,,,,,,,,,,,,,,1,,,,,,Matches
171,Bauyrzhan Dzholchiyev,kz KAZ,"FW,MF",kz FC Astana,25,1990,2.9,,,,,,,,,,,,,,,0,,,,,,Matches
172,Artem Dzyuba,ru RUS,FW,ru Zenit,26,1988,7.0,,,,,,,,,,,,,,,2,,,,,,Matches
173,Ederson,br BRA,GK,pt Benfica,21,1993,3.0,,,,,,,,,,,,,,,0,,,,,,Matches
174,Omar Elabdellaoui,no NOR,"DF,MF",gr Olympiacos,23,1991,5.9,,,,,,,,,,,,,,,0,,,,,,Matches
175,Eliseu,pt POR,"DF,MF",pt Benfica,31,1983,9.7,,,,,,,,,,,,,,,2,,,,,,Matches
176,Mohamed Elneny,eg EGY,MF,eng Arsenal,23,1992,1.0,,,,,,,,,,,,,,,0,,,,,,Matches
177,Nico Elvedi,ch SUI,DF,de Gladbach,18,1996,1.0,,,,,,,,,,,,,,,0,,,,,,Matches
178,Roman Eremenko,fi FIN,MF,ru CSKA Moscow,28,1987,2.2,,,,,,,,,,,,,,,0,,,,,,Matches
179,Nenad Erić,kz KAZ,GK,kz FC Astana,33,1982,6.0,,,,,,,,,,,,,,,0,,,,,,Matches
180,Patrice Evra,fr FRA,DF,it Juventus,34,1981,5.5,,,,,,,,,,,,,,,0,,,,,,Matches
181,Cesc Fàbregas,es ESP,"FW,MF",eng Chelsea,28,1987,6.7,,,,,,,,,,,,,,,1,,,,,,Matches
182,Iago Falque,es ESP,"FW,MF",it Roma,25,1990,3.7,,,,,,,,,,,,,,,1,,,,,,Matches
183,Viktor Fayzulin,ru RUS,MF,ru Zenit,29,1986,0.3,,,,,,,,,,,,,,,0,,,,,,Matches
184,Sofiane Feghouli,dz ALG,"FW,MF",es Valencia,25,1989,4.6,,,,,,,,,,,,,,,0,,,,,,Matches
185,Ljubomir Fejsa,rs SRB,MF,pt Benfica,26,1988,4.2,,,,,,,,,,,,,,,0,,,,,,Matches
186,Marouane Fellaini,be BEL,MF,eng Manchester Utd,27,1987,2.3,,,,,,,,,,,,,,,0,,,,,,Matches
187,Junior Fernándes,cl CHI,"FW,MF",hr Dinamo Zagreb,27,1988,5.1,,,,,,,,,,,,,,,0,,,,,,Matches
188,Mário Fernandes,ru RUS,"DF,MF",ru CSKA Moscow,24,1990,5.0,,,,,,,,,,,,,,,1,,,,,,Matches
189,Augusto Fernández,ar ARG,MF,es Atlético Madrid,29,1986,4.1,,,,,,,,,,,,,,,0,,,,,,Matches
190,Fernandinho,br BRA,"DF,MF",eng Manchester City,30,1985,11.7,,,,,,,,,,,,,,,3,,,,,,Matches
191,Fernando,br BRA,"DF,MF",eng Manchester City,28,1987,8.6,,,,,,,,,,,,,,,2,,,,,,Matches
192,Facundo Ferreyra,ar ARG,FW,ua Shakhtar,24,1991,0.2,,,,,,,,,,,,,,,0,,,,,,Matches
193,Jordan Ferri,fr FRA,MF,fr Lyon,23,1992,3.3,,,,,,,,,,,,,,,0,,,,,,Matches
194,Alfreð Finnbogason,is ISL,FW,gr Olympiacos,26,1989,0.6,,,,,,,,,,,,,,,0,,,,,,Matches
195,Mathieu Flamini,fr FRA,MF,eng Arsenal,31,1984,2.6,,,,,,,,,,,,,,,0,,,,,,Matches
196,Alessandro Florenzi,it ITA,"DF,FW",it Roma,24,1991,7.2,,,,,,,,,,,,,,,0,,,,,,Matches
197,Thomas Foket,be BEL,"DF,MF",be Gent,20,1994,6.1,,,,,,,,,,,,,,,0,,,,,,Matches
198,Kostas Fortounis,gr GRE,"FW,MF",gr Olympiacos,22,1992,4.3,,,,,,,,,,,,,,,2,,,,,,Matches
199,Fred,br BRA,"FW,MF",ua Shakhtar,22,1993,5.8,,,,,,,,,,,,,,,0,,,,,,Matches
200,Javi Fuego,es ESP,MF,es Valencia,31,1984,3.9,,,,,,,,,,,,,,,0,,,,,,Matches
201,Gabi,es ESP,MF,es Atlético Madrid,32,1983,13.0,,,,,,,,,,,,,,,3,,,,,,Matches
202,Nicolás Gaitán,ar ARG,"FW,MF",pt Benfica,27,1988,7.8,,,,,,,,,,,,,,,3,,,,,,Matches
203,Kévin Gameiro,fr FRA,FW,es Sevilla,28,1987,3.5,,,,,,,,,,,,,,,0,,,,,,Matches
204,Jesús Gámez,es ESP,DF,es Atlético Madrid,30,1985,1.0,,,,,,,,,,,,,,,0,,,,,,Matches
205,Ezequiel Garay,ar ARG,DF,ru Zenit,28,1986,6.0,,,,,,,,,,,,,,,0,,,,,,Matches
206,Carlos García,es ESP,DF,il Maccabi Tel Aviv,31,1984,4.0,,,,,,,,,,,,,,,0,,,,,,Matches
207,Javi García,es ESP,"DF,MF",ru Zenit,28,1987,5.8,,,,,,,,,,,,,,,0,,,,,,Matches
208,David de Gea,es ESP,GK,eng Manchester Utd,24,1990,6.0,,,,,,,,,,,,,,,0,,,,,,Matches
209,Rami Gershon,il ISR,DF,be Gent,26,1988,1.0,,,,,,,,,,,,,,,0,,,,,,Matches
210,Gervinho,ci CIV,"FW,MF",it Roma,28,1987,2.7,,,,,,,,,,,,,,,1,,,,,,Matches
211,Rachid Ghezzal,dz ALG,"FW,MF",fr Lyon,23,1992,1.4,,,,,,,,,,,,,,,1,,,,,,Matches
212,Kieran Gibbs,eng ENG,"DF,MF",eng Arsenal,25,1989,2.4,,,,,,,,,,,,,,,0,,,,,,Matches
213,Marco van Ginkel,nl NED,MF,nl PSV Eindhoven,22,1992,2.3,,,,,,,,,,,,,,,0,,,,,,Matches
214,Olivier Giroud,fr FRA,FW,eng Arsenal,28,1986,4.3,,,,,,,,,,,,,,,0,,,,,,Matches
215,Diego Godín,uy URU,DF,es Atlético Madrid,29,1986,12.3,,,,,,,,,,,,,,,1,,,,,,Matches
216,Evandro Goebel,br BRA,MF,pt Porto,28,1986,0.8,,,,,,,,,,,,,,,0,,,,,,Matches
217,Aleksandr Golovin,ru RUS,"FW,MF",ru CSKA Moscow,19,1996,0.2,,,,,,,,,,,,,,,0,,,,,,Matches
218,André Gomes,pt POR,MF,es Valencia,22,1993,2.8,,,,,,,,,,,,,,,0,,,,,,Matches
219,Maxime Gonalons,fr FRA,MF,fr Lyon,26,1989,4.8,,,,,,,,,,,,,,,1,,,,,,Matches
220,Derlis González,py PAR,FW,ua Dynamo Kyiv,21,1994,7.0,,,,,,,,,,,,,,,2,,,,,,Matches
221,Mikhail Gordeichuk,by BLR,MF,by BATE Borisov,25,1989,5.7,,,,,,,,,,,,,,,1,,,,,,Matches
222,Mario Götze,de GER,"FW,MF",de Bayern Munich,23,1992,1.2,,,,,,,,,,,,,,,0,,,,,,Matches
223,Julian Green,us USA,"FW,MF",de Bayern Munich,20,1995,0.7,,,,,,,,,,,,,,,0,,,,,,Matches
224,Clément Grenier,fr FRA,MF,fr Lyon,24,1991,0.8,,,,,,,,,,,,,,,0,,,,,,Matches
225,Antoine Griezmann,fr FRA,"FW,MF",es Atlético Madrid,24,1991,12.6,,,,,,,,,,,,,,,1,,,,,,Matches
226,Andrés Guardado,mx MEX,"DF,FW",nl PSV Eindhoven,28,1986,7.0,,,,,,,,,,,,,,,1,,,,,,Matches
227,Gonçalo Guedes,pt POR,"FW,MF",pt Benfica,18,1996,5.5,,,,,,,,,,,,,,,0,,,,,,Matches
228,Josuha Guilavogui,fr FRA,"DF,MF",de Wolfsburg,24,1990,7.7,,,,,,,,,,,,,,,0,,,,,,Matches
229,Gerard Gumbau,es ESP,MF,es Barcelona,20,1994,0.7,,,,,,,,,,,,,,,0,,,,,,Matches
230,Sinan Gümüş,,"FW,MF",tr Galatasaray,21,1994,0.4,,,,,,,,,,,,,,,0,,,,,,Matches
231,Luiz Gustavo,br BRA,"DF,MF",de Wolfsburg,28,1987,7.0,,,,,,,,,,,,,,,0,,,,,,Matches
232,Munir El Haddadi,ma MAR,"FW,MF",es Barcelona,19,1995,2.9,,,,,,,,,,,,,,,2,,,,,,Matches
233,André Hahn,de GER,"FW,MF",de Gladbach,24,1990,1.1,,,,,,,,,,,,,,,0,,,,,,Matches
234,Denys Harmash,ua UKR,"FW,MF",ua Dynamo Kyiv,25,1990,4.3,,,,,,,,,,,,,,,1,,,,,,Matches
235,Joe Hart,eng ENG,GK,eng Manchester City,28,1987,11.9,,,,,,,,,,,,,,,0,,,,,,Matches
236,Vital Hayduchyk,by BLR,DF,by BATE Borisov,26,1989,2.0,,,,,,,,,,,,,,,0,,,,,,Matches
237,Eden Hazard,be BEL,"FW,MF",eng Chelsea,24,1991,5.8,,,,,,,,,,,,,,,1,,,,,,Matches
238,Thorgan Hazard,be BEL,"FW,MF",de Gladbach,22,1993,1.3,,,,,,,,,,,,,,,0,,,,,,Matches
239,Jorrit Hendrix,nl NED,"DF,MF",nl PSV Eindhoven,20,1995,4.8,,,,,,,,,,,,,,,1,,,,,,Matches
240,Bruno Henrique,br BRA,"FW,MF",de Wolfsburg,24,1990,1.7,,,,,,,,,,,,,,,1,,,,,,Matches
241,Ángelo Henríquez,cl CHI,FW,hr Dinamo Zagreb,21,1994,1.0,,,,,,,,,,,,,,,0,,,,,,Matches
242,Javier Hernández,mx MEX,FW,de Leverkusen,27,1988,5.4,,,,,,,,,,,,,,,1,,,,,,Matches
243,Lucas Hernández,fr FRA,DF,es Atlético Madrid,19,1996,2.5,,,,,,,,,,,,,,,0,,,,,,Matches
244,Hernanes,br BRA,MF,it Juventus,30,1985,4.4,,,,,,,,,,,,,,,0,,,,,,Matches
245,Ander Herrera,es ESP,MF,eng Manchester Utd,25,1989,1.8,,,,,,,,,,,,,,,0,,,,,,Matches
246,Héctor Herrera,mx MEX,MF,pt Porto,25,1990,1.9,,,,,,,,,,,,,,,0,,,,,,Matches
247,Patrick Herrmann,de GER,"FW,MF",de Gladbach,24,1991,0.8,,,,,,,,,,,,,,,0,,,,,,Matches
248,Roberto Hilbert,de GER,"DF,MF",de Leverkusen,30,1984,2.2,,,,,,,,,,,,,,,0,,,,,,Matches
249,Oleksandr Hladkyy,ua UKR,FW,ua Shakhtar,27,1987,4.1,,,,,,,,,,,,,,,0,,,,,,Matches
250,Alexander Hleb,by BLR,MF,by BATE Borisov,34,1981,2.7,,,,,,,,,,,,,,,0,,,,,,Matches
251,Armin Hodžić,ba BIH,FW,hr Dinamo Zagreb,20,1994,1.3,,,,,,,,,,,,,,,0,,,,,,Matches
252,Hulk,br BRA,"FW,MF",ru Zenit,29,1986,7.0,,,,,,,,,,,,,,,4,,,,,,Matches
253,Oleh Husyev,ua UKR,"DF,MF",ua Dynamo Kyiv,32,1983,2.2,,,,,,,,,,,,,,,0,,,,,,Matches
254,Vicente Iborra,es ESP,MF,es Sevilla,27,1988,1.8,,,,,,,,,,,,,,,0,,,,,,Matches
255,Zlatan Ibrahimović,se SWE,FW,fr Paris S-G,33,1981,9.8,,,,,,,,,,,,,,,3,,,,,,Matches
256,Brown Ideye,ng NGA,FW,gr Olympiacos,26,1988,5.5,,,,,,,,,,,,,,,1,,,,,,Matches
257,Nosa Igiebor,ng NGA,MF,il Maccabi Tel Aviv,24,1990,2.9,,,,,,,,,,,,,,,0,,,,,,Matches
258,Sergei Ignashevich,ru RUS,DF,ru CSKA Moscow,36,1979,5.5,,,,,,,,,,,,,,,0,,,,,,Matches
259,Kelechi Iheanacho,ng NGA,"FW,MF",eng Manchester City,18,1996,0.8,,,,,,,,,,,,,,,0,,,,,,Matches
260,Branko Ilić,si SVN,DF,kz FC Astana,32,1983,6.0,,,,,,,,,,,,,,,0,,,,,,Matches
261,Giannelli Imbula,cd COD,MF,pt Porto,22,1992,3.0,,,,,,,,,,,,,,,0,,,,,,Matches
262,Ciro Immobile,it ITA,FW,es Sevilla,25,1990,0.8,,,,,,,,,,,,,,,0,,,,,,Matches
263,Selçuk İnan,tr TUR,MF,tr Galatasaray,30,1985,5.0,,,,,,,,,,,,,,,0,,,,,,Matches
264,Jo Inge Berget,no NOR,"FW,MF",se Malmö,24,1990,5.5,,,,,,,,,,,,,,,0,,,,,,Matches
265,Andrés Iniesta,es ESP,MF,es Barcelona,31,1984,6.1,,,,,,,,,,,,,,,0,,,,,,Matches
266,Isco,es ESP,"FW,MF",es Real Madrid,23,1992,7.9,,,,,,,,,,,,,,,3,,,,,,Matches
267,Nicolas Isimat-Mirin,fr FRA,DF,nl PSV Eindhoven,23,1991,3.1,,,,,,,,,,,,,,,0,,,,,,Matches
268,Ismaily,br BRA,DF,ua Shakhtar,25,1990,2.0,,,,,,,,,,,,,,,0,,,,,,Matches
269,Juan Iturbe,py PAR,"FW,MF",it Roma,22,1993,2.0,,,,,,,,,,,,,,,0,,,,,,Matches
270,Branislav Ivanović,rs SRB,DF,eng Chelsea,31,1984,4.0,,,,,,,,,,,,,,,0,,,,,,Matches
271,Alex Iwobi,ng NGA,"FW,MF",eng Arsenal,19,1996,0.9,,,,,,,,,,,,,,,0,,,,,,Matches
272,Christophe Jallet,fr FRA,DF,fr Lyon,31,1983,3.2,,,,,,,,,,,,,,,1,,,,,,Matches
273,Tony Jantschke,de GER,"DF,MF",de Gladbach,25,1990,1.0,,,,,,,,,,,,,,,0,,,,,,Matches
274,Jesé,es ESP,"FW,MF",es Real Madrid,22,1993,3.8,,,,,,,,,,,,,,,0,,,,,,Matches
275,Raúl Jiménez,mx MEX,FW,pt Benfica,24,1991,6.0,,,,,,,,,,,,,,,3,,,,,,Matches
276,Fabian Johnson,us USA,"DF,MF",de Gladbach,27,1987,4.7,,,,,,,,,,,,,,,2,,,,,,Matches
277,Jonas,br BRA,FW,pt Benfica,31,1984,8.1,,,,,,,,,,,,,,,1,,,,,,Matches
278,Phil Jones,eng ENG,"DF,MF",eng Manchester Utd,23,1992,1.2,,,,,,,,,,,,,,,0,,,,,,Matches
279,Luuk de Jong,nl NED,FW,nl PSV Eindhoven,24,1990,6.2,,,,,,,,,,,,,,,1,,,,,,Matches
280,Luka Jović,rs SRB,FW,pt Benfica,17,1997,0.0,,,,,,,,,,,,,,,0,,,,,,Matches
281,Juanfran,es ESP,"DF,MF",es Atlético Madrid,30,1985,12.7,,,,,,,,,,,,,,,2,,,,,,Matches
282,Sebastian Jung,de GER,DF,de Wolfsburg,25,1990,1.7,,,,,,,,,,,,,,,1,,,,,,Matches
283,Junior Kabananga,cd COD,FW,kz FC Astana,26,1989,5.2,,,,,,,,,,,,,,,1,,,,,,Matches
284,Aldo Kalulu,cd COD,"FW,MF",fr Lyon,19,1996,1.2,,,,,,,,,,,,,,,0,,,,,,Matches
285,Kevin Kampl,si SVN,MF,de Leverkusen,24,1990,6.0,,,,,,,,,,,,,,,2,,,,,,Matches
286,Anton Kanibolotskiy,ua UKR,GK,ua Shakhtar,27,1988,2.0,,,,,,,,,,,,,,,0,,,,,,Matches
287,Wilfrid Kaptoum,cm CMR,MF,es Barcelona,19,1996,0.7,,,,,,,,,,,,,,,0,,,,,,Matches
288,Jem Karacan,tr TUR,MF,tr Galatasaray,26,1989,1.0,,,,,,,,,,,,,,,0,,,,,,Matches
289,Alyaksandr Karnitsky,by BLR,MF,by BATE Borisov,26,1989,1.0,,,,,,,,,,,,,,,0,,,,,,Matches
290,Pajtim Kasami,ch SUI,"FW,MF",gr Olympiacos,23,1992,5.4,,,,,,,,,,,,,,,0,,,,,,Matches
291,Semih Kaya,tr TUR,DF,tr Galatasaray,24,1991,4.0,,,,,,,,,,,,,,,0,,,,,,Matches
292,Seydou Keita,ml MLI,MF,it Roma,35,1980,3.0,,,,,,,,,,,,,,,0,,,,,,Matches
293,Kenedy,br BRA,"FW,MF",eng Chelsea,19,1996,1.2,,,,,,,,,,,,,,,0,,,,,,Matches
294,Mikhail Kerzhakov,ru RUS,GK,ru Zenit,28,1987,2.0,,,,,,,,,,,,,,,0,,,,,,Matches
295,Foxi Kéthévoama,cf CTA,"FW,MF",kz FC Astana,29,1986,5.7,,,,,,,,,,,,,,,1,,,,,,Matches
296,Yevhen Khacheridi,ua UKR,DF,ua Dynamo Kyiv,28,1987,8.0,,,,,,,,,,,,,,,0,,,,,,Matches
297,Sami Khedira,de GER,MF,it Juventus,28,1987,3.4,,,,,,,,,,,,,,,0,,,,,,Matches
298,Stefan Kießling,de GER,"FW,MF",de Leverkusen,31,1984,1.3,,,,,,,,,,,,,,,0,,,,,,Matches
299,Joshua Kimmich,de GER,"DF,MF",de Bayern Munich,20,1995,7.0,,,,,,,,,,,,,,,0,,,,,,Matches
300,Bilal Kısa,tr TUR,MF,tr Galatasaray,32,1983,3.4,,,,,,,,,,,,,,,1,,,,,,Matches
301,Timm Klose,ch SUI,DF,de Wolfsburg,27,1988,1.1,,,,,,,,,,,,,,,0,,,,,,Matches
302,Robin Knoche,de GER,DF,de Wolfsburg,23,1992,2.0,,,,,,,,,,,,,,,0,,,,,,Matches
303,Vasyl Kobin,ua UKR,"DF,MF",ua Shakhtar,30,1985,1.0,,,,,,,,,,,,,,,0,,,,,,Matches
304,Enoch Kofi Adu,gh GHA,MF,se Malmö,24,1990,5.8,,,,,,,,,,,,,,,0,,,,,,Matches
305,Koke,es ESP,MF,es Atlético Madrid,23,1992,11.5,,,,,,,,,,,,,,,1,,,,,,Matches
306,Aleksandr Kokorin,ru RUS,"FW,MF",ru Zenit,24,1991,0.8,,,,,,,,,,,,,,,0,,,,,,Matches
307,Aleksandar Kolarov,rs SRB,DF,eng Manchester City,29,1985,4.3,,,,,,,,,,,,,,,0,,,,,,Matches
308,Timothée Kolodziejczak,fr FRA,DF,es Sevilla,23,1991,5.6,,,,,,,,,,,,,,,0,,,,,,Matches
309,Vincent Kompany,be BEL,DF,eng Manchester City,29,1986,4.0,,,,,,,,,,,,,,,0,,,,,,Matches
310,Pa Konate,gn GUI,DF,se Malmö,21,1994,3.0,,,,,,,,,,,,,,,1,,,,,,Matches
311,Bakary Koné,bf BFA,DF,fr Lyon,27,1988,0.1,,,,,,,,,,,,,,,0,,,,,,Matches
312,Yevhen Konoplyanka,ua UKR,"FW,MF",es Sevilla,25,1989,4.7,,,,,,,,,,,,,,,1,,,,,,Matches
313,Julian Korb,de GER,"DF,MF",de Gladbach,23,1992,4.9,,,,,,,,,,,,,,,2,,,,,,Matches
314,Laurent Koscielny,fr FRA,DF,eng Arsenal,29,1985,6.6,,,,,,,,,,,,,,,0,,,,,,Matches
315,Mateo Kovačić,hr CRO,MF,es Real Madrid,21,1994,3.8,,,,,,,,,,,,,,,0,,,,,,Matches
316,Viktor Kovalenko,ua UKR,MF,ua Shakhtar,19,1996,0.8,,,,,,,,,,,,,,,0,,,,,,Matches
317,Zhakyp Kozhamberdy,kz KAZ,MF,kz FC Astana,23,1992,0.1,,,,,,,,,,,,,,,0,,,,,,Matches
318,Christoph Kramer,de GER,MF,de Leverkusen,24,1991,4.4,,,,,,,,,,,,,,,0,,,,,,Matches
319,Matías Kranevitter,ar ARG,MF,es Atlético Madrid,22,1993,0.5,,,,,,,,,,,,,,,0,,,,,,Matches
320,Artem Kravets,ua UKR,FW,ua Dynamo Kyiv,26,1989,1.6,,,,,,,,,,,,,,,0,,,,,,Matches
321,Michael Krohn-Dehli,dk DEN,"FW,MF",es Sevilla,32,1983,2.9,,,,,,,,,,,,,,,1,,,,,,Matches
322,Simon Kroon,se SWE,MF,se Malmö,22,1993,0.4,,,,,,,,,,,,,,,0,,,,,,Matches
323,Toni Kroos,de GER,MF,es Real Madrid,25,1990,11.1,,,,,,,,,,,,,,,1,,,,,,Matches
324,Max Kruse,de GER,"FW,MF",de Wolfsburg,27,1988,7.6,,,,,,,,,,,,,,,1,,,,,,Matches
325,Grzegorz Krychowiak,pl POL,MF,es Sevilla,25,1990,6.0,,,,,,,,,,,,,,,0,,,,,,Matches
326,Oleksandr Kucher,ua UKR,DF,ua Shakhtar,32,1982,5.0,,,,,,,,,,,,,,,0,,,,,,Matches
327,Sven Kums,be BEL,MF,be Gent,27,1988,8.0,,,,,,,,,,,,,,,2,,,,,,Matches
328,Layvin Kurzawa,fr FRA,DF,fr Paris S-G,22,1992,1.0,,,,,,,,,,,,,,,0,,,,,,Matches
329,Alexandre Lacazette,fr FRA,FW,fr Lyon,24,1991,5.6,,,,,,,,,,,,,,,0,,,,,,Matches
330,Philipp Lahm,de GER,"DF,MF",de Bayern Munich,31,1983,12.3,,,,,,,,,,,,,,,0,,,,,,Matches
331,Ezequiel Lavezzi,ar ARG,"FW,MF",fr Paris S-G,30,1985,0.9,,,,,,,,,,,,,,,0,,,,,,Matches
332,Miguel Layún,mx MEX,"DF,MF",pt Porto,27,1988,5.1,,,,,,,,,,,,,,,2,,,,,,Matches
333,Mario Lemina,ga GAB,"DF,MF",it Juventus,21,1993,0.0,,,,,,,,,,,,,,,0,,,,,,Matches
334,Bernd Leno,de GER,GK,de Leverkusen,23,1992,6.0,,,,,,,,,,,,,,,0,,,,,,Matches
335,Maxime Lestienne,be BEL,"FW,MF",nl PSV Eindhoven,23,1992,2.2,,,,,,,,,,,,,,,2,,,,,,Matches
336,Robert Lewandowski,pl POL,FW,de Bayern Munich,26,1988,10.5,,,,,,,,,,,,,,,0,,,,,,Matches
337,Oscar Lewicki,se SWE,"DF,MF",se Malmö,23,1992,5.1,,,,,,,,,,,,,,,0,,,,,,Matches
338,Stephan Lichtsteiner,ch SUI,"DF,MF",it Juventus,31,1984,6.2,,,,,,,,,,,,,,,0,,,,,,Matches
339,Victor Lindelöf,se SWE,DF,pt Benfica,21,1994,4.0,,,,,,,,,,,,,,,0,,,,,,Matches
340,Jesse Lingard,eng ENG,"FW,MF",eng Manchester Utd,22,1992,3.9,,,,,,,,,,,,,,,1,,,,,,Matches
341,Fernando Llorente,es ESP,FW,es Sevilla,30,1985,1.7,,,,,,,,,,,,,,,0,,,,,,Matches
342,Jürgen Locadia,cw CUW,FW,nl PSV Eindhoven,21,1993,6.0,,,,,,,,,,,,,,,0,,,,,,Matches
343,Yuri Lodygin,ru RUS,GK,ru Zenit,25,1990,6.0,,,,,,,,,,,,,,,0,,,,,,Matches
344,Ruben Loftus-Cheek,eng ENG,MF,eng Chelsea,19,1996,0.9,,,,,,,,,,,,,,,0,,,,,,Matches
345,Nicolas Lombaerts,be BEL,DF,ru Zenit,30,1985,7.7,,,,,,,,,,,,,,,0,,,,,,Matches
346,Anthony Lopes,pt POR,GK,fr Lyon,24,1990,6.0,,,,,,,,,,,,,,,0,,,,,,Matches
347,Lisandro López,ar ARG,DF,pt Benfica,25,1989,2.0,,,,,,,,,,,,,,,0,,,,,,Matches
348,Filipe Luís,br BRA,DF,es Atlético Madrid,29,1985,10.5,,,,,,,,,,,,,,,0,,,,,,Matches
349,José Luis Gayà,es ESP,"DF,MF",es Valencia,20,1995,5.0,,,,,,,,,,,,,,,0,,,,,,Matches
350,Luisão,br BRA,DF,pt Benfica,34,1981,4.0,,,,,,,,,,,,,,,1,,,,,,Matches
351,David Luiz,br BRA,"DF,MF",fr Paris S-G,28,1987,7.0,,,,,,,,,,,,,,,0,,,,,,Matches
352,Paulo Machado,pt POR,MF,hr Dinamo Zagreb,29,1986,4.8,,,,,,,,,,,,,,,1,,,,,,Matches
353,Adam Maher,nl NED,MF,nl PSV Eindhoven,22,1993,2.8,,,,,,,,,,,,,,,2,,,,,,Matches
354,Maicon,br BRA,DF,pt Porto,26,1988,3.0,,,,,,,,,,,,,,,0,,,,,,Matches
355,Yevhen Makarenko,ua UKR,"DF,MF",ua Dynamo Kyiv,24,1991,0.3,,,,,,,,,,,,,,,0,,,,,,Matches
356,Nemanja Maksimović,rs SRB,MF,kz FC Astana,20,1995,5.0,,,,,,,,,,,,,,,0,,,,,,Matches
357,Steed Malbranque,fr FRA,MF,fr Lyon,35,1980,0.8,,,,,,,,,,,,,,,0,,,,,,Matches
358,Maksym Malyshev,ua UKR,"DF,MF",ua Shakhtar,22,1992,1.3,,,,,,,,,,,,,,,0,,,,,,Matches
359,Mario Mandžukić,hr CRO,"FW,MF",it Juventus,29,1986,3.8,,,,,,,,,,,,,,,1,,,,,,Matches
360,Eliaquim Mangala,fr FRA,DF,eng Manchester City,24,1991,6.8,,,,,,,,,,,,,,,0,,,,,,Matches
361,Kostas Manolas,gr GRE,DF,it Roma,24,1991,8.0,,,,,,,,,,,,,,,1,,,,,,Matches
362,Iván Marcano,es ESP,DF,pt Porto,28,1987,5.0,,,,,,,,,,,,,,,0,,,,,,Matches
363,Marcelo,br BRA,"DF,MF",es Real Madrid,27,1988,10.1,,,,,,,,,,,,,,,2,,,,,,Matches
364,Claudio Marchisio,it ITA,MF,it Juventus,29,1986,4.5,,,,,,,,,,,,,,,0,,,,,,Matches
365,José María Giménez,uy URU,DF,es Atlético Madrid,20,1995,7.3,,,,,,,,,,,,,,,0,,,,,,Matches
366,Mariano,br BRA,"DF,MF",es Sevilla,29,1986,0.9,,,,,,,,,,,,,,,0,,,,,,Matches
367,Marlos,ua UKR,"FW,MF",ua Shakhtar,27,1988,4.9,,,,,,,,,,,,,,,0,,,,,,Matches
368,Marquinhos,br BRA,"DF,MF",fr Paris S-G,21,1994,6.0,,,,,,,,,,,,,,,0,,,,,,Matches
369,Anthony Martial,fr FRA,"FW,MF",eng Manchester Utd,19,1995,5.7,,,,,,,,,,,,,,,0,,,,,,Matches
370,Jackson Martínez,co COL,FW,es Atlético Madrid,28,1986,2.7,,,,,,,,,,,,,,,0,,,,,,Matches
371,Javi Martínez,es ESP,"DF,MF",de Bayern Munich,26,1988,6.0,,,,,,,,,,,,,,,1,,,,,,Matches
372,Bruno Martins Indi,nl NED,DF,pt Porto,23,1992,6.0,,,,,,,,,,,,,,,0,,,,,,Matches
373,Javier Mascherano,ar ARG,"DF,MF",es Barcelona,31,1984,7.3,,,,,,,,,,,,,,,0,,,,,,Matches
374,Arthur Masuaku,cd COD,"DF,MF",gr Olympiacos,21,1993,5.0,,,,,,,,,,,,,,,0,,,,,,Matches
375,Juan Mata,es ESP,"FW,MF",eng Manchester Utd,27,1988,3.6,,,,,,,,,,,,,,,2,,,,,,Matches
376,Alexandru Mățel,ro ROU,DF,hr Dinamo Zagreb,25,1989,4.0,,,,,,,,,,,,,,,0,,,,,,Matches
377,Jérémy Mathieu,fr FRA,DF,es Barcelona,31,1983,3.0,,,,,,,,,,,,,,,0,,,,,,Matches
378,Nemanja Matić,rs SRB,MF,eng Chelsea,26,1988,4.2,,,,,,,,,,,,,,,0,,,,,,Matches
379,Thomas Matton,be BEL,MF,be Gent,29,1985,3.0,,,,,,,,,,,,,,,0,,,,,,Matches
380,Blaise Matuidi,fr FRA,MF,fr Paris S-G,28,1987,8.5,,,,,,,,,,,,,,,2,,,,,,Matches
381,Maurício,br BRA,MF,ru Zenit,26,1988,0.9,,,,,,,,,,,,,,,0,,,,,,Matches
382,Maxwell,br BRA,DF,fr Paris S-G,33,1981,9.0,,,,,,,,,,,,,,,2,,,,,,Matches
383,Dzmitry Mazalewski,by BLR,FW,by BATE Borisov,30,1985,2.5,,,,,,,,,,,,,,,0,,,,,,Matches
384,Admir Mehmedi,ch SUI,"FW,MF",de Leverkusen,24,1991,4.1,,,,,,,,,,,,,,,0,,,,,,Matches
385,Agon Mehmeti,al ALB,FW,se Malmö,25,1989,0.3,,,,,,,,,,,,,,,0,,,,,,Matches
386,Memphis,nl NED,"FW,MF",eng Manchester Utd,21,1994,3.6,,,,,,,,,,,,,,,0,,,,,,Matches
387,Tiago Mendes,pt POR,MF,es Atlético Madrid,34,1981,4.3,,,,,,,,,,,,,,,0,,,,,,Matches
388,Per Mertesacker,de GER,DF,eng Arsenal,30,1984,5.4,,,,,,,,,,,,,,,0,,,,,,Matches
389,Lionel Messi,ar ARG,"FW,MF",es Barcelona,28,1987,7.0,,,,,,,,,,,,,,,1,,,,,,Matches
390,Dor Micha,il ISR,MF,il Maccabi Tel Aviv,23,1992,2.0,,,,,,,,,,,,,,,0,,,,,,Matches
391,Georgi Milanov,bg BUL,"FW,MF",ru CSKA Moscow,23,1992,2.4,,,,,,,,,,,,,,,0,,,,,,Matches
392,Danijel Milićević,ba BIH,"FW,MF",be Gent,29,1986,7.4,,,,,,,,,,,,,,,1,,,,,,Matches
393,Luka Milivojević,rs SRB,MF,gr Olympiacos,24,1991,4.0,,,,,,,,,,,,,,,0,,,,,,Matches
394,Nemanja Milunović,rs SRB,DF,by BATE Borisov,26,1989,6.0,,,,,,,,,,,,,,,0,,,,,,Matches
395,Santi Mina,es ESP,FW,es Valencia,19,1995,2.6,,,,,,,,,,,,,,,0,,,,,,Matches
396,Rafa Mir,es ESP,FW,es Valencia,18,1997,0.6,,,,,,,,,,,,,,,0,,,,,,Matches
397,Kostas Mitroglou,gr GRE,FW,pt Benfica,27,1988,4.0,,,,,,,,,,,,,,,1,,,,,,Matches
398,Nikola Mitrović,rs SRB,MF,il Maccabi Tel Aviv,28,1987,2.8,,,,,,,,,,,,,,,0,,,,,,Matches
399,Stefan Mitrović,rs SRB,DF,be Gent,25,1990,7.0,,,,,,,,,,,,,,,0,,,,,,Matches
400,Filip Mladenović,rs SRB,"DF,MF",by BATE Borisov,23,1991,6.0,,,,,,,,,,,,,,,0,,,,,,Matches
401,Luka Modrić,hr CRO,MF,es Real Madrid,29,1985,10.0,,,,,,,,,,,,,,,0,,,,,,Matches
402,Nacho Monreal,es ESP,DF,eng Arsenal,29,1986,6.0,,,,,,,,,,,,,,,1,,,,,,Matches
403,Júnior Moraes,ua UKR,FW,ua Dynamo Kyiv,28,1987,4.8,,,,,,,,,,,,,,,0,,,,,,Matches
404,Álvaro Morata,es ESP,FW,it Juventus,22,1992,5.9,,,,,,,,,,,,,,,2,,,,,,Matches
405,Jérémy Morel,mg MAD,DF,fr Lyon,31,1984,3.9,,,,,,,,,,,,,,,0,,,,,,Matches
406,Héctor Moreno,mx MEX,DF,nl PSV Eindhoven,27,1988,8.3,,,,,,,,,,,,,,,0,,,,,,Matches
407,Thiago Motta,it ITA,MF,fr Paris S-G,32,1982,8.3,,,,,,,,,,,,,,,0,,,,,,Matches
408,Lucas Moura,br BRA,"FW,MF",fr Paris S-G,22,1992,4.1,,,,,,,,,,,,,,,1,,,,,,Matches
409,Thomas Müller,de GER,"FW,MF",de Bayern Munich,25,1989,10.3,,,,,,,,,,,,,,,3,,,,,,Matches
410,Juan Muñoz,es ESP,"FW,MF",es Sevilla,19,1995,0.1,,,,,,,,,,,,,,,0,,,,,,Matches
411,Ahmed Musa,ng NGA,"FW,MF",ru CSKA Moscow,22,1992,6.0,,,,,,,,,,,,,,,0,,,,,,Matches
412,Mario Musa,hr CRO,"DF,MF",hr Dinamo Zagreb,25,1990,0.0,,,,,,,,,,,,,,,0,,,,,,Matches
413,Fernando Muslera,uy URU,GK,tr Galatasaray,29,1986,6.0,,,,,,,,,,,,,,,0,,,,,,Matches
414,Shkodran Mustafi,de GER,DF,es Valencia,23,1992,5.0,,,,,,,,,,,,,,,0,,,,,,Matches
415,Serikzhan Muzhikov,kz KAZ,MF,kz FC Astana,26,1989,3.9,,,,,,,,,,,,,,,0,,,,,,Matches
416,Kirill Nababkin,ru RUS,"DF,MF",ru CSKA Moscow,28,1986,1.8,,,,,,,,,,,,,,,0,,,,,,Matches
417,Nacho,es ESP,DF,es Real Madrid,25,1990,4.0,,,,,,,,,,,,,,,0,,,,,,Matches
418,Radja Nainggolan,be BEL,MF,it Roma,27,1988,6.5,,,,,,,,,,,,,,,1,,,,,,Matches
419,Naldo,br BRA,DF,de Wolfsburg,32,1982,8.0,,,,,,,,,,,,,,,0,,,,,,Matches
420,Luciano Narsingh,nl NED,"FW,MF",nl PSV Eindhoven,24,1990,4.9,,,,,,,,,,,,,,,0,,,,,,Matches
421,Samir Nasri,fr FRA,"FW,MF",eng Manchester City,28,1987,0.9,,,,,,,,,,,,,,,0,,,,,,Matches
422,Bibras Natkho,il ISR,MF,ru CSKA Moscow,27,1988,3.2,,,,,,,,,,,,,,,0,,,,,,Matches
423,Jesús Navas,es ESP,"DF,FW",eng Manchester City,29,1985,8.2,,,,,,,,,,,,,,,1,,,,,,Matches
424,Keylor Navas,cr CRC,GK,es Real Madrid,28,1986,11.3,,,,,,,,,,,,,,,0,,,,,,Matches
425,Álvaro Negredo,es ESP,FW,es Valencia,29,1985,2.2,,,,,,,,,,,,,,,0,,,,,,Matches
426,Luís Neto,pt POR,DF,ru Zenit,27,1988,4.5,,,,,,,,,,,,,,,0,,,,,,Matches
427,Renato Neto,br BRA,MF,be Gent,23,1991,8.0,,,,,,,,,,,,,,,1,,,,,,Matches
428,Manuel Neuer,de GER,GK,de Bayern Munich,29,1986,11.3,,,,,,,,,,,,,,,0,,,,,,Matches
429,Rúben Neves,pt POR,MF,pt Porto,18,1997,5.2,,,,,,,,,,,,,,,1,,,,,,Matches
430,Neymar,br BRA,"FW,MF",es Barcelona,23,1992,9.0,,,,,,,,,,,,,,,5,,,,,,Matches
431,Lasse Nielsen,dk DEN,DF,be Gent,27,1988,8.0,,,,,,,,,,,,,,,0,,,,,,Matches
432,Saúl Ñíguez,es ESP,"DF,MF",es Atlético Madrid,20,1994,11.6,,,,,,,,,,,,,,,1,,,,,,Matches
433,Nemanja Nikolić,me MNE,MF,by BATE Borisov,27,1988,2.9,,,,,,,,,,,,,,,1,,,,,,Matches
434,Christopher Nkunku,fr FRA,"FW,MF",fr Paris S-G,17,1997,0.0,,,,,,,,,,,,,,,0,,,,,,Matches
435,Håvard Nordtveit,no NOR,"DF,MF",de Gladbach,25,1990,4.1,,,,,,,,,,,,,,,0,,,,,,Matches
436,Tanat Nusserbayev,kz KAZ,"FW,MF",kz FC Astana,28,1987,0.3,,,,,,,,,,,,,,,0,,,,,,Matches
437,Steven Nzonzi,fr FRA,MF,es Sevilla,26,1988,3.2,,,,,,,,,,,,,,,0,,,,,,Matches
438,John Obi Mikel,ng NGA,MF,eng Chelsea,28,1987,2.7,,,,,,,,,,,,,,,0,,,,,,Matches
439,Jan Oblak,si SVN,GK,es Atlético Madrid,22,1993,13.7,,,,,,,,,,,,,,,0,,,,,,Matches
440,Lucas Orbán,ar ARG,DF,es Valencia,26,1989,1.0,,,,,,,,,,,,,,,0,,,,,,Matches
441,Ivan Ordets,ua UKR,DF,ua Shakhtar,23,1992,1.0,,,,,,,,,,,,,,,0,,,,,,Matches
442,Oscar,br BRA,"FW,MF",eng Chelsea,23,1991,4.0,,,,,,,,,,,,,,,1,,,,,,Matches
443,David Ospina,co COL,GK,eng Arsenal,26,1988,3.0,,,,,,,,,,,,,,,0,,,,,,Matches
444,Dani Osvaldo,it ITA,FW,pt Porto,29,1986,0.3,,,,,,,,,,,,,,,0,,,,,,Matches
445,Nicolás Otamendi,ar ARG,DF,eng Manchester City,27,1988,10.4,,,,,,,,,,,,,,,0,,,,,,Matches
446,Alex Oxlade-Chamberlain,eng ENG,"FW,MF",eng Arsenal,21,1993,2.6,,,,,,,,,,,,,,,0,,,,,,Matches
447,Mesut Özil,de GER,MF,eng Arsenal,26,1988,8.0,,,,,,,,,,,,,,,0,,,,,,Matches
448,Yasin Öztekin,tr TUR,MF,tr Galatasaray,28,1987,4.4,,,,,,,,,,,,,,,0,,,,,,Matches
449,Dzyanis Palyakow,by BLR,DF,by BATE Borisov,24,1991,5.6,,,,,,,,,,,,,,,0,,,,,,Matches
450,Kirill Panchenko,ru RUS,"FW,MF",ru CSKA Moscow,25,1989,0.1,,,,,,,,,,,,,,,0,,,,,,Matches
451,Kyriakos Papadopoulos,gr GRE,"DF,MF",de Leverkusen,23,1992,4.0,,,,,,,,,,,,,,,0,,,,,,Matches
452,Felipe Pardo,co COL,"FW,MF",gr Olympiacos,24,1990,4.8,,,,,,,,,,,,,,,1,,,,,,Matches
453,Daniel Parejo,es ESP,MF,es Valencia,26,1989,5.8,,,,,,,,,,,,,,,0,,,,,,Matches
454,Thomas Partey,gh GHA,"DF,MF",es Atlético Madrid,22,1993,0.5,,,,,,,,,,,,,,,0,,,,,,Matches
455,Javier Pastore,ar ARG,MF,fr Paris S-G,26,1989,1.1,,,,,,,,,,,,,,,0,,,,,,Matches
456,Gabriel Paulista,br BRA,DF,eng Arsenal,24,1990,4.0,,,,,,,,,,,,,,,0,,,,,,Matches
457,Domagoj Pavičić,hr CRO,MF,hr Dinamo Zagreb,21,1994,0.1,,,,,,,,,,,,,,,0,,,,,,Matches
458,Nicklas Pedersen,dk DEN,FW,be Gent,27,1987,0.1,,,,,,,,,,,,,,,0,,,,,,Matches
459,Pedro,es ESP,"FW,MF",eng Chelsea,28,1987,3.3,,,,,,,,,,,,,,,0,,,,,,Matches
460,Pepe,pt POR,"DF,MF",es Real Madrid,32,1983,8.4,,,,,,,,,,,,,,,0,,,,,,Matches
461,Andreas Pereira,br BRA,MF,eng Manchester Utd,19,1996,0.3,,,,,,,,,,,,,,,0,,,,,,Matches
462,Danilo Pereira,pt POR,"DF,FW",pt Porto,23,1991,5.4,,,,,,,,,,,,,,,0,,,,,,Matches
463,Maxi Pereira,uy URU,DF,pt Porto,31,1984,5.1,,,,,,,,,,,,,,,1,,,,,,Matches
464,Gastón Pereiro,uy URU,"FW,MF",nl PSV Eindhoven,20,1995,2.8,,,,,,,,,,,,,,,0,,,,,,Matches
465,Dor Peretz,il ISR,MF,il Maccabi Tel Aviv,20,1995,4.3,,,,,,,,,,,,,,,0,,,,,,Matches
466,Roberto Pereyra,ar ARG,"DF,FW",it Juventus,24,1991,0.7,,,,,,,,,,,,,,,0,,,,,,Matches
467,Enzo Pérez,ar ARG,MF,es Valencia,29,1986,4.0,,,,,,,,,,,,,,,0,,,,,,Matches
468,Diego Perotti,ar ARG,"FW,MF",it Roma,27,1988,2.0,,,,,,,,,,,,,,,0,,,,,,Matches
469,Pablo Piatti,ar ARG,"FW,MF",es Valencia,26,1989,2.5,,,,,,,,,,,,,,,1,,,,,,Matches
470,Ivo Pinto,pt POR,DF,hr Dinamo Zagreb,25,1990,3.0,,,,,,,,,,,,,,,0,,,,,,Matches
471,Gerard Piqué,es ESP,DF,es Barcelona,28,1987,6.6,,,,,,,,,,,,,,,0,,,,,,Matches
472,Josip Pivarić,hr CRO,DF,hr Dinamo Zagreb,26,1989,4.9,,,,,,,,,,,,,,,1,,,,,,Matches
473,Pizzi,pt POR,"FW,MF",pt Benfica,25,1989,5.9,,,,,,,,,,,,,,,0,,,,,,Matches
474,Marko Pjaca,hr CRO,"FW,MF",hr Dinamo Zagreb,20,1995,4.3,,,,,,,,,,,,,,,0,,,,,,Matches
475,Miralem Pjanić,ba BIH,MF,it Roma,25,1990,6.3,,,,,,,,,,,,,,,1,,,,,,Matches
476,Lukas Podolski,de GER,"FW,MF",tr Galatasaray,30,1985,5.5,,,,,,,,,,,,,,,0,,,,,,Matches
477,Paul Pogba,fr FRA,MF,it Juventus,22,1993,8.3,,,,,,,,,,,,,,,2,,,,,,Matches
478,Yevgeny Postnikov,kz KAZ,DF,kz FC Astana,29,1986,6.0,,,,,,,,,,,,,,,0,,,,,,Matches
479,Simon Poulsen,dk DEN,DF,nl PSV Eindhoven,30,1984,1.0,,,,,,,,,,,,,,,0,,,,,,Matches
480,Nick Powell,eng ENG,"FW,MF",eng Manchester Utd,21,1994,0.2,,,,,,,,,,,,,,,0,,,,,,Matches
481,Davy Pröpper,nl NED,MF,nl PSV Eindhoven,23,1991,8.3,,,,,,,,,,,,,,,0,,,,,,Matches
482,Leandro Putaro,de GER,"FW,MF",de Wolfsburg,18,1997,0.0,,,,,,,,,,,,,,,0,,,,,,Matches
483,Andriy Pyatov,ua UKR,GK,ua Shakhtar,31,1984,4.0,,,,,,,,,,,,,,,0,,,,,,Matches
484,Adrien Rabiot,fr FRA,MF,fr Paris S-G,20,1995,5.8,,,,,,,,,,,,,,,0,,,,,,Matches
485,Dejan Radonjić,hr CRO,FW,il Maccabi Tel Aviv,25,1990,0.3,,,,,,,,,,,,,,,0,,,,,,Matches
486,Rafael,br BRA,"DF,MF",fr Lyon,25,1990,3.8,,,,,,,,,,,,,,,0,,,,,,Matches
487,Raffael,br BRA,"FW,MF",de Gladbach,30,1985,5.8,,,,,,,,,,,,,,,1,,,,,,Matches
488,Rafinha,br BRA,DF,de Bayern Munich,29,1985,2.5,,,,,,,,,,,,,,,0,,,,,,Matches
489,Rafinha,br BRA,MF,es Barcelona,22,1993,0.3,,,,,,,,,,,,,,,0,,,,,,Matches
490,Rafinha,br BRA,"DF,FW",be Gent,33,1982,3.0,,,,,,,,,,,,,,,0,,,,,,Matches
491,Baba Rahman,gh GHA,"DF,MF",eng Chelsea,21,1994,4.0,,,,,,,,,,,,,,,1,,,,,,Matches
492,Predrag Rajković,rs SRB,GK,il Maccabi Tel Aviv,19,1995,6.0,,,,,,,,,,,,,,,0,,,,,,Matches
493,Erdal Rakip,mk MKD,MF,se Malmö,19,1996,2.0,,,,,,,,,,,,,,,0,,,,,,Matches
494,Ivan Rakitić,hr CRO,MF,es Barcelona,27,1988,7.8,,,,,,,,,,,,,,,2,,,,,,Matches
495,Yaroslav Rakitskiy,ua UKR,DF,ua Shakhtar,25,1989,6.0,,,,,,,,,,,,,,,0,,,,,,Matches
496,André Ramalho,br BRA,DF,de Leverkusen,23,1992,1.0,,,,,,,,,,,,,,,0,,,,,,Matches
497,Benito Raman,be BEL,"FW,MF",be Gent,20,1994,0.9,,,,,,,,,,,,,,,0,,,,,,Matches
498,Adil Rami,fr FRA,DF,es Sevilla,29,1985,4.0,,,,,,,,,,,,,,,0,,,,,,Matches
499,Ramires,br BRA,MF,eng Chelsea,28,1987,4.1,,,,,,,,,,,,,,,0,,,,,,Matches
500,Sandro Ramírez,es ESP,"FW,MF",es Barcelona,20,1995,1.9,,,,,,,,,,,,,,,0,,,,,,Matches
501,Sergio Ramos,es ESP,DF,es Real Madrid,29,1986,10.0,,,,,,,,,,,,,,,0,,,,,,Matches
502,Aaron Ramsey,wls WAL,MF,eng Arsenal,24,1990,3.3,,,,,,,,,,,,,,,1,,,,,,Matches
503,Loïc Rémy,fr FRA,FW,eng Chelsea,28,1987,1.1,,,,,,,,,,,,,,,1,,,,,,Matches
504,Franck Ribéry,fr FRA,"FW,MF",de Bayern Munich,32,1983,5.0,,,,,,,,,,,,,,,0,,,,,,Matches
505,Sergio Rico,es ESP,GK,es Sevilla,21,1993,6.0,,,,,,,,,,,,,,,0,,,,,,Matches
506,Avi Rikan,il ISR,MF,il Maccabi Tel Aviv,26,1988,5.1,,,,,,,,,,,,,,,0,,,,,,Matches
507,Artur Rimovič Jusupov,ru RUS,"FW,MF",ru Zenit,25,1989,1.8,,,,,,,,,,,,,,,0,,,,,,Matches
508,Alexei Rios,by BLR,"DF,MF",by BATE Borisov,28,1987,0.7,,,,,,,,,,,,,,,0,,,,,,Matches
509,Arjen Robben,nl NED,"FW,MF",de Bayern Munich,31,1984,1.8,,,,,,,,,,,,,,,1,,,,,,Matches
510,Roberto,es ESP,GK,gr Olympiacos,29,1986,6.0,,,,,,,,,,,,,,,0,,,,,,Matches
511,Sergi Roberto,es ESP,"DF,MF",es Barcelona,23,1992,3.7,,,,,,,,,,,,,,,0,,,,,,Matches
512,Sebastian Rode,de GER,MF,de Bayern Munich,24,1990,1.0,,,,,,,,,,,,,,,1,,,,,,Matches
513,Vladimir Rodić,me MNE,"DF,MF",se Malmö,21,1993,4.3,,,,,,,,,,,,,,,0,,,,,,Matches
514,Rodrigo,es ESP,"FW,MF",es Valencia,24,1991,0.7,,,,,,,,,,,,,,,0,,,,,,Matches
515,James Rodríguez,co COL,"FW,MF",es Real Madrid,24,1991,2.9,,,,,,,,,,,,,,,0,,,,,,Matches
516,José Rodríguez,es ESP,MF,tr Galatasaray,20,1994,0.3,,,,,,,,,,,,,,,0,,,,,,Matches
517,Ricardo Rodríguez,ch SUI,"DF,MF",de Wolfsburg,22,1992,8.2,,,,,,,,,,,,,,,1,,,,,,Matches
518,Marko Rog,hr CRO,MF,hr Dinamo Zagreb,20,1995,4.3,,,,,,,,,,,,,,,0,,,,,,Matches
519,Marcos Rojo,ar ARG,DF,eng Manchester Utd,25,1990,3.4,,,,,,,,,,,,,,,0,,,,,,Matches
520,Cristiano Ronaldo,pt POR,"FW,MF",es Real Madrid,30,1985,12.3,,,,,,,,,,,,,,,4,,,,,,Matches
521,Wayne Rooney,eng ENG,"FW,MF",eng Manchester Utd,29,1985,4.0,,,,,,,,,,,,,,,0,,,,,,Matches
522,Markus Rosenberg,se SWE,FW,se Malmö,32,1982,5.0,,,,,,,,,,,,,,,0,,,,,,Matches
523,Antonio Rüdiger,de GER,DF,it Roma,22,1993,6.0,,,,,,,,,,,,,,,0,,,,,,Matches
524,Daniele Rugani,it ITA,DF,it Juventus,21,1994,0.0,,,,,,,,,,,,,,,0,,,,,,Matches
525,Aleksandr Ryazantsev,ru RUS,MF,ru Zenit,28,1986,0.9,,,,,,,,,,,,,,,0,,,,,,Matches
526,Serhiy Rybalka,ua UKR,MF,ua Dynamo Kyiv,25,1990,7.0,,,,,,,,,,,,,,,1,,,,,,Matches
527,Oleksandr Rybka,ua UKR,GK,ua Dynamo Kyiv,28,1987,1.0,,,,,,,,,,,,,,,0,,,,,,Matches
528,Bacary Sagna,fr FRA,DF,eng Manchester City,32,1983,10.1,,,,,,,,,,,,,,,0,,,,,,Matches
529,Kenny Saief,us USA,"DF,MF",be Gent,21,1993,3.9,,,,,,,,,,,,,,,1,,,,,,Matches
530,Mohamed Salah,eg EGY,"FW,MF",it Roma,23,1992,6.0,,,,,,,,,,,,,,,0,,,,,,Matches
531,Leandro Salino,br BRA,"DF,MF",gr Olympiacos,30,1985,2.2,,,,,,,,,,,,,,,0,,,,,,Matches
532,Eduardo Salvio,ar ARG,"FW,MF",pt Benfica,25,1990,1.0,,,,,,,,,,,,,,,0,,,,,,Matches
533,Andreas Samaris,gr GRE,MF,pt Benfica,26,1989,5.5,,,,,,,,,,,,,,,0,,,,,,Matches
534,Sergi Samper,es ESP,MF,es Barcelona,20,1995,1.5,,,,,,,,,,,,,,,0,,,,,,Matches
535,Tobias Sana,se SWE,"FW,MF",se Malmö,26,1989,0.7,,,,,,,,,,,,,,,0,,,,,,Matches
536,Renato Sanches,pt POR,MF,pt Benfica,17,1997,6.0,,,,,,,,,,,,,,,0,,,,,,Matches
537,Alexis Sánchez,cl CHI,"FW,MF",eng Arsenal,26,1988,6.9,,,,,,,,,,,,,,,5,,,,,,Matches
538,Alex Sandro,br BRA,"DF,MF",it Juventus,24,1991,4.4,,,,,,,,,,,,,,,1,,,,,,Matches
539,Aderlan Santos,br BRA,DF,es Valencia,26,1989,2.3,,,,,,,,,,,,,,,0,,,,,,Matches
540,Gonçalo Santos,pt POR,MF,hr Dinamo Zagreb,28,1986,4.5,,,,,,,,,,,,,,,0,,,,,,Matches
541,Sabri Sarıoğlu,tr TUR,"DF,MF",tr Galatasaray,31,1984,4.5,,,,,,,,,,,,,,,0,,,,,,Matches
542,Stefan Savić,me MNE,"DF,MF",es Atlético Madrid,24,1991,5.3,,,,,,,,,,,,,,,0,,,,,,Matches
543,Stijn Schaars,nl NED,MF,nl PSV Eindhoven,31,1984,0.2,,,,,,,,,,,,,,,0,,,,,,Matches
544,Marcel Schäfer,de GER,"DF,MF",de Wolfsburg,31,1984,1.9,,,,,,,,,,,,,,,1,,,,,,Matches
545,Morgan Schneiderlin,fr FRA,MF,eng Manchester Utd,25,1989,3.0,,,,,,,,,,,,,,,0,,,,,,Matches
546,Marvin Schulz,de GER,"DF,MF",de Gladbach,20,1995,0.4,,,,,,,,,,,,,,,0,,,,,,Matches
547,Nico Schulz,de GER,"DF,FW",de Gladbach,22,1993,0.2,,,,,,,,,,,,,,,0,,,,,,Matches
548,André Schürrle,de GER,"FW,MF",de Wolfsburg,24,1990,6.7,,,,,,,,,,,,,,,0,,,,,,Matches
549,Bastian Schweinsteiger,de GER,"DF,MF",eng Manchester Utd,30,1984,4.7,,,,,,,,,,,,,,,0,,,,,,Matches
550,Sebá,br BRA,"FW,MF",gr Olympiacos,23,1992,4.8,,,,,,,,,,,,,,,0,,,,,,Matches
551,Matz Sels,be BEL,GK,be Gent,23,1992,8.0,,,,,,,,,,,,,,,0,,,,,,Matches
552,Nélson Semedo,pt POR,"DF,MF",pt Benfica,21,1993,3.0,,,,,,,,,,,,,,,0,,,,,,Matches
553,Stephan El Shaarawy,it ITA,"DF,FW",it Roma,22,1992,1.5,,,,,,,,,,,,,,,0,,,,,,Matches
554,Oleg Shatov,ru RUS,"FW,MF",ru Zenit,25,1990,5.4,,,,,,,,,,,,,,,3,,,,,,Matches
555,Luke Shaw,eng ENG,"DF,MF",eng Manchester Utd,20,1995,0.3,,,,,,,,,,,,,,,0,,,,,,Matches
556,Georgi Shchennikov,ru RUS,"DF,MF",ru CSKA Moscow,24,1991,4.0,,,,,,,,,,,,,,,0,,,,,,Matches
557,Aleksey Shchetkin,kz KAZ,FW,kz FC Astana,24,1991,1.6,,,,,,,,,,,,,,,0,,,,,,Matches
558,Vyacheslav Shevchuk,ua UKR,DF,ua Shakhtar,36,1979,1.0,,,,,,,,,,,,,,,0,,,,,,Matches
559,Dmitriy Shomko,kz KAZ,DF,kz FC Astana,25,1990,5.0,,,,,,,,,,,,,,,1,,,,,,Matches
560,Oleksandr Shovkovskiy,ua UKR,GK,ua Dynamo Kyiv,40,1975,7.0,,,,,,,,,,,,,,,0,,,,,,Matches
561,Leonardo Sigali,ar ARG,DF,hr Dinamo Zagreb,28,1987,3.1,,,,,,,,,,,,,,,0,,,,,,Matches
562,Mikalay Signevich,by BLR,FW,by BATE Borisov,23,1992,2.9,,,,,,,,,,,,,,,0,,,,,,Matches
563,Danilo da Silva,br BRA,DF,ua Dynamo Kyiv,28,1986,5.7,,,,,,,,,,,,,,,0,,,,,,Matches
564,David Silva,es ESP,"FW,MF",eng Manchester City,29,1986,7.0,,,,,,,,,,,,,,,0,,,,,,Matches
565,Eduardo da Silva,hr CRO,FW,ua Shakhtar,32,1983,1.6,,,,,,,,,,,,,,,0,,,,,,Matches
566,Thiago Silva,br BRA,DF,fr Paris S-G,30,1984,9.0,,,,,,,,,,,,,,,0,,,,,,Matches
567,Sílvio,pt POR,DF,pt Benfica,27,1987,2.6,,,,,,,,,,,,,,,0,,,,,,Matches
568,Moses Simon,ng NGA,"FW,MF",be Gent,20,1995,3.3,,,,,,,,,,,,,,,1,,,,,,Matches
569,Dimitris Siovas,gr GRE,"DF,MF",gr Olympiacos,26,1988,6.0,,,,,,,,,,,,,,,1,,,,,,Matches
570,Guilherme Siqueira,br BRA,"DF,MF",es Atlético Madrid,29,1986,3.0,,,,,,,,,,,,,,,0,,,,,,Matches
571,Maicon Sisenando,br BRA,DF,it Roma,34,1981,1.3,,,,,,,,,,,,,,,0,,,,,,Matches
572,Chris Smalling,eng ENG,DF,eng Manchester Utd,25,1989,6.0,,,,,,,,,,,,,,,0,,,,,,Matches
573,Igor Smolnikov,ru RUS,"DF,MF",ru Zenit,26,1988,3.0,,,,,,,,,,,,,,,0,,,,,,Matches
574,Wesley Sneijder,nl NED,MF,tr Galatasaray,31,1984,6.0,,,,,,,,,,,,,,,1,,,,,,Matches
575,Edoardo Soleri,it ITA,FW,it Roma,17,1997,0.0,,,,,,,,,,,,,,,0,,,,,,Matches
576,Yann Sommer,ch SUI,GK,de Gladbach,26,1988,6.0,,,,,,,,,,,,,,,0,,,,,,Matches
577,Hillel Soudani,dz ALG,"FW,MF",hr Dinamo Zagreb,27,1987,4.4,,,,,,,,,,,,,,,0,,,,,,Matches
578,Yuval Spungin,il ISR,DF,il Maccabi Tel Aviv,28,1987,0.8,,,,,,,,,,,,,,,0,,,,,,Matches
579,Darijo Srna,hr CRO,"DF,MF",ua Shakhtar,33,1982,5.0,,,,,,,,,,,,,,,0,,,,,,Matches
580,Benjamin Stambouli,fr FRA,"DF,MF",fr Paris S-G,24,1990,1.2,,,,,,,,,,,,,,,0,,,,,,Matches
581,Ihar Stasevich,by BLR,"FW,MF",by BATE Borisov,29,1985,5.0,,,,,,,,,,,,,,,1,,,,,,Matches
582,Taras Stepanenko,ua UKR,MF,ua Shakhtar,25,1989,4.6,,,,,,,,,,,,,,,1,,,,,,Matches
583,Raheem Sterling,eng ENG,"FW,MF",eng Manchester City,20,1994,6.4,,,,,,,,,,,,,,,2,,,,,,Matches
584,Lars Stindl,de GER,"FW,MF",de Gladbach,26,1988,5.7,,,,,,,,,,,,,,,2,,,,,,Matches
585,Stefano Sturaro,it ITA,MF,it Juventus,22,1993,4.8,,,,,,,,,,,,,,,0,,,,,,Matches
586,Luis Suárez,uy URU,FW,es Barcelona,28,1987,9.0,,,,,,,,,,,,,,,3,,,,,,Matches
587,Serhiy Sydorchuk,ua UKR,MF,ua Dynamo Kyiv,24,1991,4.7,,,,,,,,,,,,,,,0,,,,,,Matches
588,Wojciech Szczęsny,pl POL,GK,it Roma,25,1990,7.6,,,,,,,,,,,,,,,0,,,,,,Matches
589,Jonathan Tah,de GER,DF,de Leverkusen,19,1996,6.0,,,,,,,,,,,,,,,0,,,,,,Matches
590,Taison,br BRA,"FW,MF",ua Shakhtar,27,1988,2.9,,,,,,,,,,,,,,,2,,,,,,Matches
591,Talisca,br BRA,"FW,MF",pt Benfica,21,1994,2.4,,,,,,,,,,,,,,,0,,,,,,Matches
592,Jérémy Taravel,fr FRA,DF,hr Dinamo Zagreb,28,1987,6.0,,,,,,,,,,,,,,,0,,,,,,Matches
593,Alex Teixeira,br BRA,"FW,MF",ua Shakhtar,25,1990,6.0,,,,,,,,,,,,,,,0,,,,,,Matches
594,Cristian Tello,es ESP,"FW,MF",pt Porto,23,1991,2.7,,,,,,,,,,,,,,,1,,,,,,Matches
595,Łukasz Teodorczyk,pl POL,FW,ua Dynamo Kyiv,24,1991,1.1,,,,,,,,,,,,,,,0,,,,,,Matches
596,Marc-André ter Stegen,de GER,GK,es Barcelona,23,1992,10.0,,,,,,,,,,,,,,,0,,,,,,Matches
597,John Terry,eng ENG,DF,eng Chelsea,34,1980,3.8,,,,,,,,,,,,,,,0,,,,,,Matches
598,Eitan Tibi,il ISR,DF,il Maccabi Tel Aviv,27,1987,5.0,,,,,,,,,,,,,,,0,,,,,,Matches
599,Anton Tinnerholm,se SWE,"DF,MF",se Malmö,24,1991,6.0,,,,,,,,,,,,,,,0,,,,,,Matches
600,Corentin Tolisso,fr FRA,"DF,MF",fr Lyon,20,1994,6.0,,,,,,,,,,,,,,,1,,,,,,Matches
601,Ömer Toprak,tr TUR,DF,de Leverkusen,26,1989,2.8,,,,,,,,,,,,,,,0,,,,,,Matches
602,Vasilis Torosidis,gr GRE,"DF,MF",it Roma,30,1985,1.7,,,,,,,,,,,,,,,0,,,,,,Matches
603,Fernando Torres,es ESP,FW,es Atlético Madrid,31,1984,7.5,,,,,,,,,,,,,,,1,,,,,,Matches
604,Óliver Torres,es ESP,"FW,MF",es Atlético Madrid,20,1994,2.8,,,,,,,,,,,,,,,0,,,,,,Matches
605,Zoran Tošić,rs SRB,"FW,MF",ru CSKA Moscow,28,1987,5.4,,,,,,,,,,,,,,,1,,,,,,Matches
606,Francesco Totti,it ITA,"FW,MF",it Roma,38,1976,0.2,,,,,,,,,,,,,,,0,,,,,,Matches
607,Yaya Touré,ci CIV,MF,eng Manchester City,32,1983,8.3,,,,,,,,,,,,,,,2,,,,,,Matches
608,Bertrand Traoré,bf BFA,"FW,MF",eng Chelsea,19,1995,0.5,,,,,,,,,,,,,,,0,,,,,,Matches
609,Ibrahima Traoré,gn GUI,MF,de Gladbach,27,1988,3.2,,,,,,,,,,,,,,,0,,,,,,Matches
610,Kevin Trapp,de GER,GK,fr Paris S-G,25,1990,10.0,,,,,,,,,,,,,,,0,,,,,,Matches
611,Christian Träsch,de GER,"DF,MF",de Wolfsburg,27,1987,7.0,,,,,,,,,,,,,,,1,,,,,,Matches
612,Benoît Trémoulinas,fr FRA,DF,es Sevilla,29,1985,6.0,,,,,,,,,,,,,,,0,,,,,,Matches
613,Konstantin Troyanov,ru RUS,MF,ru Zenit,19,1995,0.0,,,,,,,,,,,,,,,0,,,,,,Matches
614,Arda Turan,tr TUR,"FW,MF",es Barcelona,28,1987,0.5,,,,,,,,,,,,,,,0,,,,,,Matches
615,Patrick Twumasi,gh GHA,"FW,MF",kz FC Astana,21,1994,2.0,,,,,,,,,,,,,,,0,,,,,,Matches
616,Salih Uçan,tr TUR,MF,it Roma,21,1994,0.2,,,,,,,,,,,,,,,0,,,,,,Matches
617,Sven Ulreich,de GER,GK,de Bayern Munich,26,1988,1.0,,,,,,,,,,,,,,,0,,,,,,Matches
618,Samuel Umtiti,fr FRA,DF,fr Lyon,21,1993,4.0,,,,,,,,,,,,,,,0,,,,,,Matches
619,William Vainqueur,fr FRA,MF,it Roma,26,1988,2.1,,,,,,,,,,,,,,,0,,,,,,Matches
620,Alyaksandr Valadzko,by BLR,MF,by BATE Borisov,29,1986,3.3,,,,,,,,,,,,,,,1,,,,,,Matches
621,Maksim Valadzko,by BLR,"DF,MF",by BATE Borisov,22,1992,3.5,,,,,,,,,,,,,,,1,,,,,,Matches
622,Mathieu Valbuena,fr FRA,"FW,MF",fr Lyon,30,1984,5.0,,,,,,,,,,,,,,,1,,,,,,Matches
623,Antonio Valencia,ec ECU,"DF,MF",eng Manchester Utd,29,1985,1.6,,,,,,,,,,,,,,,1,,,,,,Matches
624,Raphaël Varane,fr FRA,"DF,MF",es Real Madrid,22,1993,4.9,,,,,,,,,,,,,,,0,,,,,,Matches
625,Guillermo Varela,uy URU,DF,eng Manchester Utd,22,1993,1.0,,,,,,,,,,,,,,,0,,,,,,Matches
626,Silvestre Varela,pt POR,"FW,MF",pt Porto,30,1985,0.2,,,,,,,,,,,,,,,0,,,,,,Matches
627,Viktor Vasin,ru RUS,DF,ru CSKA Moscow,26,1988,0.5,,,,,,,,,,,,,,,0,,,,,,Matches
628,Lucas Vázquez,es ESP,"DF,FW",es Real Madrid,24,1991,3.7,,,,,,,,,,,,,,,2,,,,,,Matches
629,Miguel Veloso,pt POR,MF,ua Dynamo Kyiv,29,1986,3.7,,,,,,,,,,,,,,,0,,,,,,Matches
630,Thomas Vermaelen,be BEL,DF,es Barcelona,29,1985,3.0,,,,,,,,,,,,,,,0,,,,,,Matches
631,Gil Vermouth,il ISR,MF,il Maccabi Tel Aviv,29,1985,1.8,,,,,,,,,,,,,,,0,,,,,,Matches
632,Marco Verratti,it ITA,MF,fr Paris S-G,22,1992,4.0,,,,,,,,,,,,,,,1,,,,,,Matches
633,Rúben Vezo,pt POR,DF,es Valencia,21,1994,0.9,,,,,,,,,,,,,,,0,,,,,,Matches
634,Domagoj Vida,hr CRO,"DF,MF",ua Dynamo Kyiv,26,1989,4.1,,,,,,,,,,,,,,,0,,,,,,Matches
635,Arturo Vidal,cl CHI,MF,de Bayern Munich,28,1987,9.5,,,,,,,,,,,,,,,1,,,,,,Matches
636,Vieirinha,pt POR,"DF,FW",de Wolfsburg,29,1986,5.3,,,,,,,,,,,,,,,1,,,,,,Matches
637,Luciano Vietto,ar ARG,"FW,MF",es Atlético Madrid,21,1993,2.5,,,,,,,,,,,,,,,1,,,,,,Matches
638,Vitolo,es ESP,"FW,MF",es Sevilla,25,1989,5.0,,,,,,,,,,,,,,,1,,,,,,Matches
639,Rai Vloet,nl NED,"FW,MF",nl PSV Eindhoven,20,1995,0.0,,,,,,,,,,,,,,,0,,,,,,Matches
640,Praxitelis Vouros,gr GRE,DF,gr Olympiacos,20,1995,0.0,,,,,,,,,,,,,,,0,,,,,,Matches
641,Theo Walcott,eng ENG,"FW,MF",eng Arsenal,26,1989,3.5,,,,,,,,,,,,,,,1,,,,,,Matches
642,Danny Welbeck,eng ENG,"FW,MF",eng Arsenal,24,1990,1.0,,,,,,,,,,,,,,,0,,,,,,Matches
643,Wendell,br BRA,DF,de Leverkusen,22,1993,6.0,,,,,,,,,,,,,,,1,,,,,,Matches
644,Oscar Wendt,se SWE,"DF,MF",de Gladbach,29,1985,5.9,,,,,,,,,,,,,,,0,,,,,,Matches
645,Pontus Wernbloom,se SWE,"FW,MF",ru CSKA Moscow,29,1986,6.0,,,,,,,,,,,,,,,0,,,,,,Matches
646,Jordy de Wijs,nl NED,DF,nl PSV Eindhoven,20,1995,0.2,,,,,,,,,,,,,,,0,,,,,,Matches
647,Johan Wiland,se SWE,GK,se Malmö,34,1981,6.0,,,,,,,,,,,,,,,0,,,,,,Matches
648,Jetro Willems,nl NED,"DF,MF",nl PSV Eindhoven,21,1994,1.8,,,,,,,,,,,,,,,0,,,,,,Matches
649,Willian,br BRA,"FW,MF",eng Chelsea,26,1988,7.1,,,,,,,,,,,,,,,1,,,,,,Matches
650,Axel Witsel,be BEL,"DF,MF",ru Zenit,26,1989,7.0,,,,,,,,,,,,,,,1,,,,,,Matches
651,Magnus Wolff Eikrem,no NOR,"FW,MF",se Malmö,24,1990,0.8,,,,,,,,,,,,,,,0,,,,,,Matches
652,Granit Xhaka,ch SUI,MF,de Gladbach,22,1992,5.0,,,,,,,,,,,,,,,1,,,,,,Matches
653,Evgeni Yablonski,by BLR,MF,by BATE Borisov,20,1995,4.3,,,,,,,,,,,,,,,0,,,,,,Matches
654,Oleksandr Yakovenko,ua UKR,"FW,MF",ua Dynamo Kyiv,28,1987,0.3,,,,,,,,,,,,,,,0,,,,,,Matches
655,Mapou Yanga-Mbiwa,fr FRA,DF,fr Lyon,26,1989,5.0,,,,,,,,,,,,,,,0,,,,,,Matches
656,Andriy Yarmolenko,ua UKR,"FW,MF",ua Dynamo Kyiv,25,1989,6.2,,,,,,,,,,,,,,,0,,,,,,Matches
657,Alexey Yevseyev,ru RUS,MF,ru Zenit,21,1994,0.0,,,,,,,,,,,,,,,0,,,,,,Matches
658,Burak Yılmaz,tr TUR,FW,tr Galatasaray,30,1985,3.0,,,,,,,,,,,,,,,1,,,,,,Matches
659,Barak Yitzhaki,il ISR,FW,il Maccabi Tel Aviv,30,1984,0.5,,,,,,,,,,,,,,,0,,,,,,Matches
660,Yoshimar Yotún,pe PER,"DF,MF",se Malmö,25,1990,3.4,,,,,,,,,,,,,,,0,,,,,,Matches
661,Ashley Young,eng ENG,"DF,FW",eng Manchester Utd,30,1985,2.8,,,,,,,,,,,,,,,0,,,,,,Matches
662,Vladlen Yurchenko,ua UKR,MF,de Leverkusen,21,1994,0.1,,,,,,,,,,,,,,,0,,,,,,Matches
663,Pablo Zabaleta,ar ARG,"DF,MF",eng Manchester City,30,1985,1.7,,,,,,,,,,,,,,,0,,,,,,Matches
664,Eran Zahavi,il ISR,"FW,MF",il Maccabi Tel Aviv,28,1987,6.0,,,,,,,,,,,,,,,0,,,,,,Matches
665,Simone Zaza,it ITA,FW,it Juventus,24,1991,0.3,,,,,,,,,,,,,,,0,,,,,,Matches
666,Maksim Zhavnerchik,by BLR,"DF,MF",by BATE Borisov,30,1985,2.0,,,,,,,,,,,,,,,0,,,,,,Matches
667,Yuri Zhirkov,ru RUS,"DF,MF",ru Zenit,31,1983,1.1,,,,,,,,,,,,,,,1,,,,,,Matches
668,Georgy Zhukov,kz KAZ,MF,kz FC Astana,20,1994,2.9,,,,,,,,,,,,,,,0,,,,,,Matches
669,Jeroen Zoet,nl NED,GK,nl PSV Eindhoven,24,1991,8.3,,,,,,,,,,,,,,,0,,,,,,Matches
670,Kurt Zouma,fr FRA,DF,eng Chelsea,20,1994,5.2,,,,,,,,,,,,,,,0,,,,,,Matches
671,Ervin Zukanović,ba BIH,DF,it Roma,28,1987,1.0,,,,,,,,,,,,,,,0,,,,,,Matches
672,Nikola Đurđić,rs SRB,"FW,MF",se Malmö,29,1986,5.0,,,,,,,,,,,,,,,0,,,,,,Matches
673,Birzhan Kulbekov,,,kz FC Astana,,,0.1,,,,,,,,,,,,,,,0,,,,,,Matches
674,Hern Hern,,,gr Olympiacos,,,1.6,,,,,,,,,,,,,,,0,,,,,,Matches
675,Igor Pikalkin,,,kz FC Astana,,,0.3,,,,,,,,,,,,,,,0,,,,,,Matches
676,Jardel Jardel,,,pt Benfica,,,9.0,,,,,,,,,,,,,,,0,,,,,,Matches
677,Sandro Ramírez,,,es Barcelona,,,1.9,,,,,,,,,,,,,,,0,,,,,,Matches
