Rk,Player,Nation,Pos,Squad,Age,Born,Playing_Time_MP,Playing_Time_Min,Playing_Time_Mn/MP,Playing_Time_Min%,Playing_Time_90s,Starts_Starts,Starts_Mn/Start,Starts_Compl,Subs_Subs,Subs_Mn/Sub,Subs_unSub,Team_Success_PPM,Team_Success_onG,Team_Success_onGA,Team_Success_+/-,Team_Success_+/-90,Team_Success_On-Off,Matches
1,Aymen Abdennour,tn TUN,DF,es Valencia,25,1989,4,329,82,60.9,3.7,4,,3,0,,0,0.75,3,7,-4,-1.09,-1.52,Matches
2,Vincent Aboubakar,cm CMR,FW,pt Porto,23,1992,6,484,81,89.6,5.4,5,,4,1,,0,1.67,9,6,+3,+0.56,+3.77,Matches
3,Tosin Adarabioyo,eng ENG,DF,eng Manchester City,17,1997,0,,,,,0,,0,0,,2,,,,,,,Matches
4,Arijan Ademi,mk MKD,MF,hr Dinamo Zagreb,24,1991,2,180,90,33.3,2.0,2,,2,0,,0,1.60,2,6,-4,-2.00,-2.00,Matches
5,Olcan Adın,tr TUR,MF,tr Galatasaray,29,1985,4,268,67,49.6,3.0,2,,1,2,,2,1.00,2,4,-2,-0.67,-0.01,Matches
6,Adriano,br BRA,"DF,MF",es Barcelona,30,1984,3,206,69,22.9,2.3,2,,2,1,,4,2.33,5,2,+3,+1.31,-0.12,Matches
7,Sergio Agüero,ar ARG,FW,eng Manchester City,27,1988,9,705,78,65.3,7.8,8,,4,1,,0,1.33,8,6,+2,+0.26,-0.70,Matches
8,Yeldos Akhmetov,kz KAZ,DF,kz FC Astana,25,1990,1,90,90,16.7,1.0,1,,1,0,,4,0.00,0,4,-4,-4.00,-4.20,Matches
9,Igor Akinfeev,ru RUS,GK,ru CSKA Moscow,29,1986,6,540,90,100.0,6.0,6,,6,0,,0,1.10,5,9,-4,-0.67,,Matches
10,Nana Akwasi Asare,gh GHA,"DF,MF",be Gent,29,1986,8,720,90,100.0,8.0,8,,8,0,,0,1.25,10,11,-1,-0.12,,Matches
11,David Alaba,at AUT,"DF,MF",de Bayern Munich,23,1992,10,930,93,83.8,10.3,10,,10,0,,0,2.00,24,11,+13,+1.26,-1.74,Matches
12,Jordi Alba,es ESP,"DF,MF",es Barcelona,26,1989,9,734,82,81.6,8.2,8,,7,1,,1,2.22,19,7,+12,+1.47,+0.39,Matches
13,Gal Alberman,il ISR,MF,il Maccabi Tel Aviv,32,1983,6,535,89,99.1,5.9,6,,5,0,,0,0.67,1,15,-14,-2.36,-56.36,Matches
14,Suently Alberto,cw CUW,DF,nl PSV Eindhoven,19,1996,0,,,,,0,,0,0,,1,,,,,,,Matches
15,Paco Alcácer,es ESP,FW,es Valencia,21,1993,5,396,79,73.3,4.4,4,,3,1,,1,0.86,4,7,-3,-0.68,-0.68,Matches
16,Thiago Alcántara,es ESP,MF,de Bayern Munich,24,1991,9,719,80,64.8,8.0,8,,7,1,,1,1.89,20,8,+12,+1.50,-0.11,Matches
17,Illya Aleksiyevich,by BLR,"FW,MF",by BATE Borisov,24,1991,1,90,90,16.7,1.0,1,,1,0,,4,1.33,1,4,-3,-3.00,-2.60,Matches
18,André Almeida,pt POR,"DF,MF",pt Benfica,24,1990,8,655,82,72.8,7.3,7,,7,1,,0,1.38,10,9,+1,+0.14,-0.60,Matches
19,Xabi Alonso,es ESP,MF,de Bayern Munich,33,1981,8,657,82,59.2,7.3,8,,4,0,,4,2.00,12,7,+5,+0.68,-2.10,Matches
20,Dani Alves,br BRA,"DF,MF",es Barcelona,32,1983,8,694,87,77.1,7.7,8,,7,0,,0,2.63,20,5,+15,+1.95,+2.38,Matches
21,Edhar Alyakhnovich,by BLR,MF,by BATE Borisov,28,1987,0,,,,,0,,0,0,,1,,,,,,,Matches
22,Fredrik Andersson,se SWE,GK,se Malmö,26,1988,0,,,,,0,,0,0,,6,,,,,,,Matches
23,Victor Andrade,br BRA,"FW,MF",pt Benfica,19,1995,1,15,15,1.7,0.2,0,,0,1,,1,0.00,0,0,0,0.00,-0.31,Matches
24,André André,pt POR,MF,pt Porto,25,1989,5,393,79,72.8,4.4,4,,2,1,,0,2.00,9,5,+4,+0.92,+2.75,Matches
25,Marco Andreolli,it ITA,DF,es Sevilla,29,1986,2,180,90,33.3,2.0,2,,2,0,,1,1.50,3,2,+1,+0.50,+1.50,Matches
26,Miguel Ángel Moyá,es ESP,GK,es Atlético Madrid,31,1984,0,,,,,0,,0,0,,13,,,,,,,Matches
27,Marin Aničić,ba BIH,DF,kz FC Astana,25,1989,5,450,90,83.3,5.0,5,,5,0,,0,1.36,5,7,-2,-0.40,+0.60,Matches
28,Domagoj Antolić,hr CRO,MF,hr Dinamo Zagreb,25,1990,6,510,85,94.4,5.7,6,,4,0,,0,1.11,3,14,-11,-1.94,-22.94,Matches
29,José Antonio Reyes,es ESP,MF,es Sevilla,31,1983,2,162,81,30.0,1.8,2,,0,0,,3,1.50,2,1,+1,+0.56,+1.51,Matches
30,Vitorino Antunes,pt POR,DF,ua Dynamo Kyiv,28,1987,6,540,90,75.0,6.0,6,,6,0,,1,1.83,8,4,+4,+0.67,+1.67,Matches
31,Aleksandr Anyukov,ru RUS,DF,ru Zenit,32,1982,7,575,82,79.9,6.4,7,,3,0,,0,1.71,11,7,+4,+0.63,+0.01,Matches
32,Álvaro Arbeloa,es ESP,DF,es Real Madrid,32,1983,2,180,90,15.0,2.0,2,,2,0,,0,3.00,10,0,+10,+5.00,+3.94,Matches
33,Santiago Arias,co COL,"DF,MF",nl PSV Eindhoven,23,1992,6,560,93,74.7,6.2,6,,5,0,,0,1.33,6,4,+2,+0.32,+0.80,Matches
34,Kári Árnason,is ISL,"DF,MF",se Malmö,32,1982,5,449,90,83.1,5.0,5,,4,0,,0,1.00,1,16,-15,-3.01,-1.03,Matches
35,Maximilian Arnold,de GER,MF,de Wolfsburg,21,1994,10,712,71,79.1,7.9,8,,6,2,,0,2.10,12,11,+1,+0.13,-1.31,Matches
36,Helton Arruda,br BRA,GK,pt Porto,37,1978,0,,,,,0,,0,0,,6,,,,,,,Matches
37,Mikel Arteta,es ESP,MF,eng Arsenal,33,1982,1,64,64,8.9,0.7,1,,0,0,,1,0.00,0,2,-2,-2.81,-2.81,Matches
38,Kwadwo Asamoah,gh GHA,"DF,MF",it Juventus,26,1988,0,,,,,0,,0,0,,1,,,,,,,Matches
39,Carlos Ascues,pe PER,"DF,MF",de Wolfsburg,23,1992,0,,,,,0,,0,0,,2,,,,,,,Matches
40,Jean-Kévin Augustin,fr FRA,FW,fr Paris S-G,18,1997,1,5,5,0.6,0.1,0,,0,1,,2,3.00,0,0,0,0.00,-1.21,Matches
41,Serge Aurier,ci CIV,"DF,MF",fr Paris S-G,22,1992,5,409,82,45.4,4.5,5,,3,0,,0,1.00,5,3,+2,+0.44,-1.39,Matches
42,Márcio Azevedo,br BRA,DF,ua Shakhtar,29,1986,3,244,81,45.2,2.7,3,,2,0,,1,1.40,4,7,-3,-1.11,-1.11,Matches
43,César Azpilicueta,es ESP,"DF,MF",eng Chelsea,25,1989,8,720,90,100.0,8.0,8,,8,0,,0,1.63,15,7,+8,+1.00,,Matches
44,Shlomi Azulay,il ISR,FW,il Maccabi Tel Aviv,25,1989,1,5,5,0.9,0.1,0,,,1,,0,,,,,,,Matches
45,Ismail Azzaoui,be BEL,"FW,MF",de Wolfsburg,17,1998,0,,,,,0,,0,0,,1,,,,,,,Matches
46,Holger Badstuber,de GER,DF,de Bayern Munich,26,1989,1,52,52,4.7,0.6,1,,0,0,,1,3.00,3,0,+3,+5.19,+3.83,Matches
47,Dzmitry Baha,by BLR,MF,by BATE Borisov,25,1990,1,60,60,11.1,0.7,1,,0,0,,1,1.83,1,3,-2,-3.00,-2.44,Matches
48,Gareth Bale,wls WAL,"FW,MF",es Real Madrid,26,1989,8,643,80,53.6,7.1,8,,5,0,,0,2.38,10,3,+7,+0.98,-1.44,Matches
49,Hakan Balta,tr TUR,DF,tr Galatasaray,32,1983,6,528,88,97.8,5.9,6,,5,0,,0,0.83,6,10,-4,-0.68,-0.68,Matches
50,Éver Banega,ar ARG,MF,es Sevilla,27,1988,5,412,82,76.3,4.6,5,,3,0,,0,1.20,7,8,-1,-0.22,+1.19,Matches
51,Danilo Barbosa,br BRA,"DF,MF",es Valencia,19,1996,4,83,21,15.4,0.9,1,,0,3,,2,1.20,0,2,-2,-2.17,-1.97,Matches
52,Brandon Barker,eng ENG,"FW,MF",eng Manchester City,18,1996,0,,,,,0,,0,0,,3,,,,,,,Matches
53,Antonio Barragán,es ESP,"DF,MF",es Valencia,28,1987,1,90,90,16.7,1.0,1,,1,0,,3,1.00,0,1,-1,-1.00,-0.60,Matches
54,Marc Bartra,es ESP,DF,es Barcelona,24,1991,4,236,59,26.2,2.6,2,,2,2,,5,2.50,6,2,+4,+1.53,+0.17,Matches
55,Andrea Barzagli,it ITA,DF,it Juventus,34,1981,8,590,74,78.7,6.6,6,,6,2,,0,1.50,7,7,0,0.00,-0.56,Matches
56,Claudio Beauvue,gp GLP,"FW,MF",fr Lyon,27,1988,6,193,32,35.7,2.1,2,,0,4,,0,0.67,1,5,-4,-1.87,-1.87,Matches
57,Henri Bedimo,cm CMR,DF,fr Lyon,31,1984,3,270,90,50.0,3.0,3,,3,0,,0,1.00,3,4,-1,-0.33,+0.67,Matches
58,Asmir Begović,ba BIH,GK,eng Chelsea,28,1987,5,450,90,62.5,5.0,5,,5,0,,3,2.00,11,3,+8,+1.60,+1.60,Matches
59,Abzal Beisebekov,kz KAZ,"DF,MF",kz FC Astana,22,1992,3,99,33,18.3,1.1,1,,1,2,,3,1.50,0,4,-4,-3.64,-3.84,Matches
60,Younès Belhanda,ma MAR,"FW,MF",ua Dynamo Kyiv,25,1990,2,32,16,4.4,0.4,0,,0,2,,1,2.00,1,1,0,0.00,-0.26,Matches
61,Karim Bellarabi,de GER,"FW,MF",de Leverkusen,25,1990,6,419,70,77.6,4.7,5,,3,1,,0,1.13,10,6,+4,+0.86,+1.60,Matches
62,Héctor Bellerín,es ESP,"DF,MF",eng Arsenal,20,1995,6,528,88,73.3,5.9,6,,4,0,,0,1.50,11,8,+3,+0.51,+2.86,Matches
63,Eden Ben Basat,il ISR,FW,il Maccabi Tel Aviv,28,1986,3,100,33,18.5,1.1,1,,0,2,,2,0.57,1,4,-3,-2.70,-1.06,Matches
64,Tal Ben Haim,il ISR,"FW,MF",il Maccabi Tel Aviv,25,1989,6,445,74,82.4,4.9,5,,1,1,,0,0.67,1,13,-12,-2.43,-3.37,Matches
65,Tal Ben Haim,il ISR,DF,il Maccabi Tel Aviv,33,1982,5,401,80,74.3,4.5,5,,4,0,,0,0.73,1,12,-11,-2.47,-2.47,Matches
66,Omri Ben Harush,il ISR,DF,il Maccabi Tel Aviv,25,1990,5,406,81,75.2,4.5,5,,4,0,,1,0.80,0,12,-12,-2.66,-3.33,Matches
67,Diego Benaglio,ch SUI,GK,de Wolfsburg,31,1983,8,720,90,80.0,8.0,8,,8,0,,0,1.88,11,9,+2,+0.25,-0.75,Matches
68,Medhi Benatia,ma MAR,DF,de Bayern Munich,28,1987,6,177,30,15.9,2.0,2,,0,4,,0,2.17,2,4,-2,-1.02,-3.04,Matches
69,Lars Bender,de GER,"DF,MF",de Leverkusen,26,1989,2,134,67,24.8,1.5,2,,1,0,,0,1.50,2,3,-1,-0.67,-1.56,Matches
70,Nicklas Bendtner,dk DEN,FW,de Wolfsburg,27,1988,4,89,22,9.9,1.0,0,,0,4,,1,1.50,1,1,0,0.00,-0.44,Matches
71,Rasmus Bengtsson,se SWE,DF,se Malmö,29,1986,5,450,90,83.3,5.0,5,,5,0,,0,1.30,1,13,-12,-2.40,+2.60,Matches
72,Fabian Benko,de GER,MF,de Bayern Munich,17,1998,0,,,,,0,,0,0,,2,,,,,,,Matches
73,Filip Benković,hr CRO,DF,hr Dinamo Zagreb,18,1997,2,48,24,8.9,0.5,1,,0,1,,1,2.00,0,4,-4,-7.50,-7.50,Matches
74,Karim Benzema,fr FRA,FW,es Real Madrid,27,1987,9,604,67,50.3,6.7,8,,3,1,,0,2.44,19,5,+14,+2.09,+0.88,Matches
75,Aleksei Berezutski,ru RUS,DF,ru CSKA Moscow,33,1982,5,409,82,75.7,4.5,4,,1,1,,0,1.40,1,1,0,0.00,+1.37,Matches
76,Vasili Berezutski,ru RUS,DF,ru CSKA Moscow,33,1982,2,131,66,24.3,1.5,2,,4,0,,1,1.22,4,8,-4,-2.75,-3.19,Matches
77,Erik Berg,se SWE,"DF,MF",be Gent,26,1988,0,,,,,0,,0,0,,2,,,,,,,Matches
78,Steven Bergwijn,nl NED,"FW,MF",nl PSV Eindhoven,17,1997,1,5,5,0.7,0.1,0,,0,1,,3,3.00,0,0,0,0.00,-0.12,Matches
79,Bernard,br BRA,"FW,MF",ua Shakhtar,22,1992,6,303,51,56.1,3.4,3,,2,3,,0,0.88,7,7,0,0.00,+1.14,Matches
80,Juan Bernat,es ESP,"DF,FW",de Bayern Munich,22,1993,8,541,68,48.7,6.0,6,,3,2,,0,1.75,14,4,+10,+1.66,+0.24,Matches
81,Milan Biševac,rs SRB,DF,fr Lyon,31,1983,2,180,90,33.3,2.0,2,,2,0,,2,0.00,1,3,-2,-1.00,-0.50,Matches
82,Jamal Blackman,eng ENG,GK,eng Chelsea,21,1993,0,,,,,0,,0,0,,5,,,,,,,Matches
83,Daley Blind,nl NED,"DF,MF",eng Manchester Utd,25,1990,6,477,80,88.3,5.3,5,,5,1,,0,1.75,7,6,+1,+0.19,-6.95,Matches
84,Jérôme Boateng,de GER,DF,de Bayern Munich,26,1988,7,536,77,48.3,6.0,6,,4,1,,0,2.57,20,3,+17,+2.85,+2.54,Matches
85,Sebastian Boenisch,pl POL,DF,de Leverkusen,28,1987,0,,,,,0,,0,0,,6,,,,,,,Matches
86,Dmitri Bogayev,ru RUS,FW,ru Zenit,21,1994,1,8,8,1.1,0.1,0,,0,1,,0,0.00,0,0,0,0.00,-0.63,Matches
87,Leonardo Bonucci,it ITA,DF,it Juventus,28,1987,8,750,94,100.0,8.3,8,,8,0,,0,1.50,10,9,+1,+0.12,,Matches
88,Wilfried Bony,ci CIV,FW,eng Manchester City,26,1988,5,279,56,25.8,3.1,3,,1,2,,3,2.00,8,4,+4,+1.29,+1.07,Matches
89,Cameron Borthwick-Jackson,eng ENG,"DF,MF",eng Manchester Utd,18,1997,1,47,47,8.7,0.5,0,,0,1,,0,0.00,1,1,0,0.00,-1.10,Matches
90,Alberto Botía,es ESP,DF,gr Olympiacos,26,1989,3,231,77,42.8,2.6,3,,2,0,,2,3.00,4,3,+1,+0.39,+2.72,Matches
91,Yacine Brahimi,dz ALG,"FW,MF",pt Porto,25,1990,5,405,81,75.0,4.5,5,,1,0,,0,1.40,5,6,-1,-0.22,-1.56,Matches
92,Julian Brandt,de GER,"FW,MF",de Leverkusen,19,1996,6,86,14,15.9,1.0,0,,0,6,,0,1.13,2,3,-1,-1.05,-1.84,Matches
93,Claudio Bravo,cl CHI,GK,es Barcelona,32,1983,0,,,,,0,,0,0,,8,,,,,,,Matches
94,Joshua Brenet,cw CUW,DF,nl PSV Eindhoven,21,1994,7,572,82,76.3,6.4,6,,5,1,,1,1.43,8,7,+1,+0.16,+0.16,Matches
95,Franz Brorsson,se SWE,DF,se Malmö,19,1996,1,90,90,16.7,1.0,1,,1,0,,2,1.33,0,5,-5,-5.00,-2.60,Matches
96,Roel Brouwers,nl NED,DF,de Gladbach,33,1981,1,90,90,16.7,1.0,1,,1,0,,2,0.00,0,3,-3,-3.00,-2.80,Matches
97,Jeffrey Bruma,nl NED,DF,nl PSV Eindhoven,23,1991,8,750,94,100.0,8.3,8,,8,0,,0,1.38,8,7,+1,+0.12,,Matches
98,Alberto Bueno,es ESP,"FW,MF",pt Porto,27,1988,0,,,,,0,,0,0,,6,,,,,,,Matches
99,Gianluigi Buffon,it ITA,GK,it Juventus,37,1978,8,750,94,100.0,8.3,8,,8,0,,0,1.50,10,9,+1,+0.12,,Matches
100,Umut Bulut,tr TUR,"FW,MF",tr Galatasaray,32,1983,6,271,45,50.2,3.0,2,,1,4,,0,0.83,4,4,0,0.00,+1.34,Matches
101,Sergio Busquets,es ESP,MF,es Barcelona,27,1988,9,724,80,80.4,8.0,9,,5,0,,1,2.44,17,6,+11,+1.37,-0.17,Matches
102,Vitaliy Buyalskyi,ua UKR,MF,ua Dynamo Kyiv,22,1993,7,403,58,56.0,4.5,4,,3,3,,1,1.29,3,6,-3,-0.67,-2.09,Matches
103,Willy Caballero,ar ARG,GK,eng Manchester City,33,1981,1,9,9,0.8,0.1,0,,0,1,,11,0.00,0,0,0,0.00,-0.50,Matches
104,Gary Cahill,eng ENG,DF,eng Chelsea,29,1985,7,540,77,75.0,6.0,6,,6,1,,1,1.43,11,6,+5,+0.83,-0.67,Matches
105,Hakan Çalhanoğlu,tr TUR,"FW,MF",de Leverkusen,21,1994,6,504,84,93.3,5.6,6,,3,0,,0,1.13,13,12,+1,+0.18,-4.82,Matches
106,Daniel Caligiuri,it ITA,"DF,FW",de Wolfsburg,27,1988,8,433,54,48.1,4.8,5,,2,3,,0,1.88,4,5,-1,-0.21,-1.17,Matches
107,Juan Cámara,es ESP,MF,es Barcelona,21,1994,1,16,16,1.8,0.2,0,,0,1,,0,1.00,0,0,0,0.00,-1.43,Matches
108,Esteban Cambiasso,ar ARG,MF,gr Olympiacos,34,1980,3,246,82,45.6,2.7,3,,2,0,,2,1.00,3,7,-4,-1.46,-0.55,Matches
109,Tarık Çamdal,tr TUR,"DF,MF",tr Galatasaray,24,1991,0,,,,,0,,0,0,,1,,,,,,,Matches
110,Joel Campbell,cr CRC,"FW,MF",eng Arsenal,23,1992,5,268,54,37.2,3.0,3,,1,2,,2,1.20,7,4,+3,+1.01,+2.00,Matches
111,Roger Cañas,co COL,MF,kz FC Astana,25,1990,5,450,90,83.3,5.0,5,,5,0,,0,1.40,5,7,-2,-0.40,+0.60,Matches
112,João Cancelo,pt POR,"DF,MF",es Valencia,21,1994,6,459,77,85.0,5.1,5,,4,1,,0,1.00,5,8,-3,-0.59,-0.59,Matches
113,Mehdi Carcela,ma MAR,"FW,MF",pt Benfica,26,1989,4,140,35,15.6,1.6,1,,1,3,,2,1.75,3,2,+1,+0.64,+0.41,Matches
114,Lionel Carole,fr FRA,"DF,MF",tr Galatasaray,24,1991,3,270,90,50.0,3.0,3,,3,0,,0,1.33,4,5,-1,-0.33,+0.67,Matches
115,Yannick Carrasco,be BEL,"DF,FW",es Atlético Madrid,21,1993,9,571,63,46.4,6.3,6,,1,3,,1,1.78,12,1,+11,+1.73,+2.01,Matches
116,Michael Carrick,eng ENG,MF,eng Manchester Utd,34,1981,2,111,56,20.6,1.2,1,,1,1,,2,2.25,2,1,+1,+0.81,-0.24,Matches
117,Dani Carvajal,es ESP,DF,es Real Madrid,23,1992,8,682,85,56.8,7.6,8,,7,0,,2,2.75,17,3,+14,+1.85,+0.46,Matches
118,Eduardo Carvalho,pt POR,GK,hr Dinamo Zagreb,32,1982,6,540,90,100.0,6.0,6,,6,0,,0,1.25,3,14,-11,-1.83,,Matches
119,Felipe Carvalho,uy URU,DF,se Malmö,21,1993,3,145,48,26.9,1.6,2,,1,1,,2,0.86,0,10,-10,-6.21,-4.61,Matches
120,Casemiro,br BRA,MF,es Real Madrid,23,1992,11,925,84,77.1,10.3,10,,9,1,,1,2.36,21,6,+15,+1.46,-0.83,Matches
121,Kiko Casilla,es ESP,GK,es Real Madrid,28,1986,2,180,90,15.0,2.0,2,,2,0,,11,3.00,12,3,+9,+4.50,+3.35,Matches
122,Iker Casillas,es ESP,GK,pt Porto,34,1981,6,540,90,100.0,6.0,6,,6,0,,0,1.67,9,8,+1,+0.17,,Matches
123,Leandro Castán,br BRA,DF,it Roma,28,1986,0,,,,,0,,0,0,,6,,,,,,,Matches
124,Koen Casteels,be BEL,GK,de Wolfsburg,23,1992,2,180,90,20.0,2.0,2,,2,0,,6,3.00,4,2,+2,+1.00,+0.75,Matches
125,Aleksandrs Cauņa,lv LVA,"FW,MF",ru CSKA Moscow,27,1988,2,93,47,17.2,1.0,1,,1,1,,3,0.50,1,2,-1,-0.97,-0.77,Matches
126,Edinson Cavani,uy URU,"FW,MF",fr Paris S-G,28,1987,10,643,64,71.4,7.1,7,,5,3,,0,2.00,13,4,+9,+1.26,+0.21,Matches
127,Santi Cazorla,es ESP,MF,eng Arsenal,30,1984,5,439,88,61.0,4.9,5,,3,0,,0,1.20,9,9,0,0.00,+0.64,Matches
128,Petr Čech,cz CZE,GK,eng Arsenal,33,1982,5,450,90,62.5,5.0,5,,5,0,,2,1.80,9,7,+2,+0.40,+1.73,Matches
129,Bersant Celina,xk KVX,"FW,MF",eng Manchester City,18,1996,0,,,,,0,,0,0,,2,,,,,,,Matches
130,Júlio César,br BRA,GK,pt Benfica,35,1979,7,630,90,70.0,7.0,7,,7,0,,0,1.86,11,8,+3,+0.43,+0.43,Matches
131,Calum Chambers,eng ENG,"DF,MF",eng Arsenal,20,1995,3,11,4,1.5,0.1,0,,0,3,,4,2.00,0,1,-1,-8.18,-8.05,Matches
132,Aurélien Chedjou,cm CMR,DF,tr Galatasaray,30,1985,4,360,90,66.7,4.0,4,,4,0,,1,1.00,4,6,-2,-0.50,+0.50,Matches
133,Sergei Chepchugov,ru RUS,GK,ru CSKA Moscow,30,1985,0,,,,,0,,0,0,,6,,,,,,,Matches
134,Sergei Chernik,by BLR,GK,by BATE Borisov,27,1988,6,540,90,100.0,6.0,6,,6,0,,0,1.33,5,12,-7,-1.17,,Matches
135,Denis Cheryshev,ru RUS,"FW,MF",es Real Madrid,24,1990,3,37,12,3.1,0.4,0,,0,3,,2,2.33,1,0,+1,+2.43,+0.81,Matches
136,Giorgio Chiellini,it ITA,DF,it Juventus,30,1984,6,540,90,72.0,6.0,6,,6,0,,0,1.83,6,3,+3,+0.50,+1.36,Matches
137,Andreas Christensen,dk DEN,"DF,MF",de Gladbach,19,1996,5,450,90,83.3,5.0,5,,5,0,,1,1.00,8,9,-1,-0.20,+2.80,Matches
138,Aly Cissokho,fr FRA,DF,pt Porto,27,1987,0,,,,,0,,0,0,,1,,,,,,,Matches
139,Gaël Clichy,fr FRA,DF,eng Manchester City,30,1985,8,711,89,65.8,7.9,8,,7,0,,1,1.50,9,7,+2,+0.25,-0.72,Matches
140,Coke,es ESP,"DF,MF",es Sevilla,28,1987,6,492,82,91.1,5.5,6,,3,0,,0,1.00,7,10,-3,-0.55,-0.55,Matches
141,Emre Çolak,tr TUR,MF,tr Galatasaray,24,1991,2,48,24,8.9,0.5,1,,0,1,,3,0.00,0,2,-2,-3.75,-3.38,Matches
142,Kingsley Coman,fr FRA,"FW,MF",de Bayern Munich,19,1996,8,426,53,38.4,4.7,4,,1,4,,4,2.63,20,1,+19,+4.01,+4.01,Matches
143,Francis Coquelin,fr FRA,"DF,MF",eng Arsenal,24,1991,6,393,66,54.6,4.4,4,,2,2,,0,0.50,6,10,-4,-0.92,-1.47,Matches
144,Ante Ćorić,hr CRO,MF,hr Dinamo Zagreb,18,1997,4,86,22,15.9,1.0,1,,0,3,,2,1.43,0,2,-2,-2.09,-1.70,Matches
145,Maxwel Cornet,ci CIV,"DF,FW",fr Lyon,18,1996,4,123,31,22.8,1.4,1,,1,3,,2,0.75,2,1,+1,+0.73,+1.81,Matches
146,Jesús Corona,mx MEX,"DF,FW",pt Porto,22,1993,4,179,45,33.1,2.0,2,,1,2,,2,1.00,3,3,0,0.00,-0.25,Matches
147,Ángel Correa,ar ARG,"FW,MF",es Atlético Madrid,20,1995,5,125,25,10.2,1.4,1,,0,4,,7,1.40,3,2,+1,+0.72,+0.07,Matches
148,Diego Costa,es ESP,FW,eng Chelsea,26,1988,8,663,83,92.1,7.4,7,,5,1,,0,1.63,14,6,+8,+1.09,+1.09,Matches
149,Douglas Costa,br BRA,"FW,MF",de Bayern Munich,24,1990,11,927,84,83.5,10.3,11,,6,0,,0,2.09,27,11,+16,+1.55,+0.08,Matches
150,Manuel da Costa,ma MAR,DF,gr Olympiacos,29,1986,5,309,62,57.2,3.4,3,,3,2,,0,1.20,2,10,-8,-2.33,-2.72,Matches
151,Kalifa Coulibaly,ml MLI,FW,be Gent,23,1991,6,31,5,4.3,0.3,0,,0,6,,1,1.50,2,1,+1,+2.90,+3.16,Matches
152,Thibaut Courtois,be BEL,GK,eng Chelsea,23,1992,3,270,90,37.5,3.0,3,,3,0,,0,1.00,4,4,0,0.00,-1.60,Matches
153,Domenico Criscito,it ITA,"DF,MF",ru Zenit,28,1986,6,523,87,72.6,5.8,6,,4,0,,1,2.00,11,5,+6,+1.03,+1.49,Matches
154,Bryan Cristante,it ITA,"DF,MF",pt Benfica,20,1995,2,10,5,1.1,0.1,0,,0,2,,0,2.00,0,0,0,0.00,-0.30,Matches
155,Sebastián Cristóforo,uy URU,MF,es Sevilla,21,1993,0,,,,,0,,0,0,,1,,,,,,,Matches
156,Juan Cuadrado,co COL,"DF,FW",it Juventus,27,1988,8,467,58,62.3,5.2,5,,3,3,,0,1.50,8,4,+4,+0.77,+1.72,Matches
157,Mahmoud Dahoud,de GER,MF,de Gladbach,19,1996,6,429,72,79.4,4.8,5,,1,1,,0,0.83,7,4,+3,+0.63,+6.31,Matches
158,Danilo,br BRA,"DF,MF",es Real Madrid,24,1991,7,576,82,48.0,6.4,5,,5,2,,4,2.29,14,6,+8,+1.25,-0.77,Matches
159,Danny,pt POR,MF,ru Zenit,31,1983,8,716,90,99.4,8.0,8,,6,0,,0,1.88,14,8,+6,+0.75,+23.25,Matches
160,Dante,br BRA,DF,de Wolfsburg,31,1983,9,810,90,90.0,9.0,9,,9,0,,1,2.33,15,9,+6,+0.67,+2.67,Matches
161,Sergi Darder,es ESP,MF,fr Lyon,21,1993,4,223,56,41.3,2.5,3,,0,1,,1,0.75,2,4,-2,-0.81,-0.24,Matches
162,Matteo Darmian,it ITA,"DF,MF",eng Manchester Utd,25,1989,4,308,77,57.0,3.4,4,,2,0,,2,1.67,4,5,-1,-0.29,-3.01,Matches
163,Eli Dasa,il ISR,"DF,MF",il Maccabi Tel Aviv,22,1992,3,270,90,50.0,3.0,3,,3,0,,0,0.00,0,7,-7,-2.33,-1.00,Matches
164,Kevin De Bruyne,be BEL,"FW,MF",eng Manchester City,24,1991,10,712,71,65.9,7.9,8,,4,2,,0,1.70,7,9,-2,-0.25,-2.21,Matches
165,Rodrigo De Paul,ar ARG,"FW,MF",es Valencia,21,1994,2,86,43,15.9,1.0,1,,0,1,,1,1.00,0,1,-1,-1.05,-0.65,Matches
166,Daniele De Rossi,it ITA,"DF,MF",it Roma,32,1983,6,463,77,64.3,5.1,5,,5,1,,1,1.00,10,11,-1,-0.19,+2.61,Matches
167,Morgan De Sanctis,it ITA,GK,it Roma,38,1977,1,40,40,5.6,0.4,0,,0,1,,7,1.00,0,0,0,0.00,+1.19,Matches
168,Lucas Deaux,fr FRA,MF,be Gent,26,1988,0,,,,,0,,0,0,,2,,,,,,,Matches
169,Mathieu Debuchy,fr FRA,DF,eng Arsenal,30,1985,3,188,63,26.1,2.1,2,,2,1,,3,1.00,2,7,-5,-2.39,-2.90,Matches
170,Denys Dedechko,ua UKR,MF,kz FC Astana,28,1987,3,90,30,16.7,1.0,1,,1,2,,3,0.80,0,4,-4,-4.00,-4.20,Matches
171,Brecht Dejaegere,be BEL,MF,be Gent,24,1991,6,401,67,55.7,4.5,5,,2,1,,0,1.67,4,5,-1,-0.22,-0.22,Matches
172,Fabian Delph,eng ENG,"DF,MF",eng Manchester City,25,1989,5,115,23,10.6,1.3,1,,0,4,,2,2.00,1,2,-1,-0.78,-1.44,Matches
173,Martín Demichelis,ar ARG,"DF,MF",eng Manchester City,34,1980,4,246,62,22.8,2.7,2,,2,2,,4,1.75,2,2,0,0.00,-0.65,Matches
174,Jason Denayer,be BEL,DF,tr Galatasaray,20,1995,4,279,70,51.7,3.1,4,,2,0,,0,0.25,3,7,-4,-1.29,-1.29,Matches
175,Dentinho,br BRA,"FW,MF",ua Shakhtar,26,1989,3,43,14,8.0,0.5,0,,0,3,,3,0.00,3,3,0,0.00,+0.54,Matches
176,Laurent Depoitre,be BEL,FW,be Gent,26,1988,7,620,89,86.1,6.9,7,,4,0,,1,1.43,8,10,-2,-0.29,-1.19,Matches
177,Gregory van der Wiel,nl NED,DF,fr Paris S-G,27,1988,6,375,63,41.7,4.2,4,,4,2,,3,2.17,9,1,+8,+1.92,+1.23,Matches
178,Ángel Di María,ar ARG,"FW,MF",fr Paris S-G,27,1988,10,767,77,85.2,8.5,9,,4,1,,0,2.00,15,6,+9,+1.06,-0.97,Matches
179,Rúben Dias,pt POR,"DF,MF",pt Benfica,18,1997,0,,,,,0,,0,0,,1,,,,,,,Matches
180,Lucas Digne,fr FRA,"DF,MF",it Roma,22,1993,8,720,90,100.0,8.0,8,,8,0,,0,0.75,11,20,-9,-1.13,,Matches
181,Pavel Dolgov,ru RUS,FW,ru Zenit,18,1996,1,29,29,4.0,0.3,0,,0,1,,7,0.00,1,1,0,0.00,-0.65,Matches
182,Jaume Doménech,es ESP,GK,es Valencia,24,1990,6,540,90,100.0,6.0,6,,6,0,,0,1.00,5,9,-4,-0.67,,Matches
183,Álvaro Domínguez,es ESP,DF,de Gladbach,26,1989,3,270,90,50.0,3.0,3,,3,0,,0,0.67,2,3,-1,-0.33,+0.67,Matches
184,Chori Domínguez,ar ARG,"FW,MF",gr Olympiacos,34,1981,3,97,32,18.0,1.1,1,,0,2,,2,1.00,1,1,0,0.00,+1.42,Matches
185,Giulio Donati,it ITA,DF,de Leverkusen,25,1990,4,346,87,64.1,3.8,4,,3,0,,2,0.50,8,8,0,0.00,-1.39,Matches
186,Bas Dost,nl NED,FW,de Wolfsburg,26,1989,6,371,62,41.2,4.1,5,,1,1,,2,1.50,5,3,+2,+0.49,+0.14,Matches
187,Douglas,br BRA,DF,es Barcelona,24,1990,0,,,,,0,,0,0,,2,,,,,,,Matches
188,Seydou Doumbia,ci CIV,FW,ru CSKA Moscow,27,1987,6,420,70,77.8,4.7,4,,3,2,,0,0.88,5,8,-3,-0.64,-1.39,Matches
189,Aleksandar Dragović,at AUT,"DF,MF",ua Dynamo Kyiv,24,1991,8,720,90,100.0,8.0,8,,8,0,,0,1.50,9,7,+2,+0.25,,Matches
190,Julian Draxler,de GER,"FW,MF",de Wolfsburg,21,1993,9,656,73,72.9,7.3,8,,3,1,,0,2.00,13,9,+4,+0.55,+0.55,Matches
191,Josip Drmić,ch SUI,FW,de Gladbach,22,1992,3,101,34,18.7,1.1,0,,0,3,,3,1.00,4,6,-2,-1.78,-1.37,Matches
192,Kaspars Dubra,lv LVA,DF,by BATE Borisov,24,1990,3,214,71,39.6,2.4,2,,2,1,,2,1.71,4,6,-2,-0.84,-0.01,Matches
193,Paulo Dybala,ar ARG,"FW,MF",it Juventus,21,1993,7,419,60,55.9,4.7,5,,1,2,,0,1.71,6,4,+2,+0.43,+0.70,Matches
194,Alan Dzagoev,ru RUS,MF,ru CSKA Moscow,25,1990,6,532,89,98.5,5.9,6,,3,0,,0,1.10,5,9,-4,-0.68,-23.18,Matches
195,Edin Džeko,ba BIH,FW,it Roma,29,1986,7,481,69,66.8,5.3,5,,5,2,,0,0.86,5,13,-8,-1.50,-1.12,Matches
196,Bauyrzhan Dzholchiyev,kz KAZ,"FW,MF",kz FC Astana,25,1990,4,265,66,49.1,2.9,3,,,1,,0,,,,,,,Matches
197,Artem Dzyuba,ru RUS,FW,ru Zenit,26,1988,8,633,79,87.9,7.0,8,,3,0,,0,1.88,12,7,+5,+0.71,+0.71,Matches
198,Ederson,br BRA,GK,pt Benfica,21,1993,3,270,90,30.0,3.0,3,,3,0,,7,1.33,4,4,0,0.00,-0.43,Matches
199,Omar Elabdellaoui,no NOR,"DF,MF",gr Olympiacos,23,1991,6,528,88,97.8,5.9,6,,5,0,,0,1.50,6,13,-7,-1.19,-1.19,Matches
200,Eliseu,pt POR,"DF,MF",pt Benfica,31,1983,10,874,87,97.1,9.7,10,,8,0,,0,1.70,15,12,+3,+0.31,+0.31,Matches
201,Mohamed Elneny,eg EGY,MF,eng Arsenal,23,1992,1,90,90,12.5,1.0,1,,1,0,,0,0.00,1,3,-2,-2.00,-2.00,Matches
202,Nico Elvedi,ch SUI,DF,de Gladbach,18,1996,2,93,47,17.2,1.0,1,,1,1,,0,1.50,2,5,-3,-2.90,-2.70,Matches
203,Roman Eremenko,fi FIN,MF,ru CSKA Moscow,28,1987,3,196,65,36.3,2.2,2,,1,1,,0,1.57,1,3,-2,-0.92,-0.92,Matches
204,Nenad Erić,kz KAZ,GK,kz FC Astana,33,1982,6,540,90,100.0,6.0,6,,6,0,,0,1.20,5,11,-6,-1.00,,Matches
205,Sergio Escudero,es ESP,"DF,MF",es Sevilla,25,1989,0,,,,,0,,0,0,,3,,,,,,,Matches
206,George Evans,eng ENG,"DF,MF",eng Manchester City,20,1994,0,,,,,0,,0,0,,1,,,,,,,Matches
207,Patrice Evra,fr FRA,DF,it Juventus,34,1981,6,492,82,65.6,5.5,5,,5,1,,1,1.83,9,8,+1,+0.18,+0.18,Matches
208,Cesc Fàbregas,es ESP,"FW,MF",eng Chelsea,28,1987,7,604,86,83.9,6.7,7,,5,0,,1,1.43,12,7,+5,+0.75,-1.58,Matches
209,Radamel Falcao,co COL,FW,eng Chelsea,29,1986,0,,,,,0,,0,0,,1,,,,,,,Matches
210,Iago Falque,es ESP,"FW,MF",it Roma,25,1990,5,333,67,46.3,3.7,3,,1,2,,3,0.60,5,9,-4,-1.08,+0.08,Matches
211,Viktor Fayzulin,ru RUS,MF,ru Zenit,29,1986,1,31,31,4.3,0.3,0,,0,1,,0,3.00,1,1,0,0.00,-0.65,Matches
212,Sofiane Feghouli,dz ALG,"FW,MF",es Valencia,25,1989,5,411,82,76.1,4.6,5,,3,0,,0,1.29,4,6,-2,-0.44,+0.26,Matches
213,Ljubomir Fejsa,rs SRB,MF,pt Benfica,26,1988,6,382,64,42.4,4.2,4,,4,2,,1,1.67,5,6,-1,-0.24,-0.93,Matches
214,Marouane Fellaini,be BEL,MF,eng Manchester Utd,27,1987,5,205,41,38.0,2.3,1,,1,4,,1,1.33,4,3,+1,+0.44,-0.90,Matches
215,Junior Fernándes,cl CHI,"FW,MF",hr Dinamo Zagreb,27,1988,6,456,76,84.4,5.1,6,,1,0,,0,1.30,3,10,-7,-1.38,-4.60,Matches
216,Mário Fernandes,ru RUS,"DF,MF",ru CSKA Moscow,24,1990,5,450,90,83.3,5.0,5,,5,0,,0,1.22,4,7,-3,-0.60,-1.60,Matches
217,Augusto Fernández,ar ARG,MF,es Atlético Madrid,29,1986,6,365,61,29.7,4.1,5,,1,1,,1,1.50,3,4,-1,-0.25,-1.29,Matches
218,Fernandinho,br BRA,"DF,MF",eng Manchester City,30,1985,12,1050,88,97.2,11.7,12,,10,0,,0,1.75,18,12,+6,+0.51,+0.51,Matches
219,Fernando,br BRA,"DF,MF",eng Manchester City,28,1987,10,778,78,72.0,8.6,8,,8,2,,1,1.80,12,7,+5,+0.58,+0.28,Matches
220,Facundo Ferreyra,ar ARG,FW,ua Shakhtar,24,1991,1,16,16,3.0,0.2,0,,0,1,,3,0.00,3,0,+3,+16.88,+17.91,Matches
221,Jordan Ferri,fr FRA,MF,fr Lyon,23,1992,5,297,59,55.0,3.3,3,,0,2,,0,0.20,3,4,-1,-0.30,+0.81,Matches
222,Alfreð Finnbogason,is ISL,FW,gr Olympiacos,26,1989,3,58,19,10.7,0.6,0,,0,3,,3,2.00,2,1,+1,+1.55,+3.05,Matches
223,Mathieu Flamini,fr FRA,MF,eng Arsenal,31,1984,4,233,58,32.4,2.6,3,,2,1,,2,1.50,6,2,+4,+1.55,+2.65,Matches
224,Alessandro Florenzi,it ITA,"DF,FW",it Roma,24,1991,8,646,81,89.7,7.2,8,,2,0,,0,0.75,9,18,-9,-1.25,-1.25,Matches
225,Thomas Foket,be BEL,"DF,MF",be Gent,20,1994,7,549,78,76.3,6.1,6,,5,1,,0,1.43,9,8,+1,+0.16,+1.22,Matches
226,Hernâni Fortes,pt POR,"FW,MF",gr Olympiacos,23,1991,0,,,,,0,,0,0,,1,,,,,,,Matches
227,Kostas Fortounis,gr GRE,"FW,MF",gr Olympiacos,22,1992,6,386,64,71.5,4.3,4,,2,2,,0,1.50,5,9,-4,-0.93,+0.82,Matches
228,Fred,br BRA,"FW,MF",ua Shakhtar,22,1993,6,518,86,95.9,5.8,6,,5,0,,0,1.10,6,14,-8,-1.39,-21.84,Matches
229,Marlon Frey,de GER,MF,de Leverkusen,19,1996,0,,,,,0,,0,0,,1,,,,,,,Matches
230,Javi Fuego,es ESP,MF,es Valencia,31,1984,5,355,71,65.7,3.9,4,,2,1,,1,1.29,3,6,-3,-0.76,-0.76,Matches
231,Gabi,es ESP,MF,es Atlético Madrid,32,1983,13,1168,90,95.0,13.0,12,,12,1,,0,1.77,15,8,+7,+0.54,-2.36,Matches
232,Nicolás Gaitán,ar ARG,"FW,MF",pt Benfica,27,1988,8,701,88,77.9,7.8,8,,6,0,,0,1.88,11,8,+3,+0.39,+0.39,Matches
233,Kévin Gameiro,fr FRA,FW,es Sevilla,28,1987,5,316,63,58.5,3.5,4,,1,1,,0,1.20,3,5,-2,-0.57,-0.17,Matches
234,Jesús Gámez,es ESP,DF,es Atlético Madrid,30,1985,1,90,90,7.3,1.0,1,,1,0,,6,3.00,2,0,+2,+2.00,+1.45,Matches
235,Ezequiel Garay,ar ARG,DF,ru Zenit,28,1986,6,540,90,75.0,6.0,6,,6,0,,1,2.00,11,7,+4,+0.67,+0.17,Matches
236,Carlos García,es ESP,DF,il Maccabi Tel Aviv,31,1984,4,360,90,66.7,4.0,4,,4,0,,2,0.43,1,10,-9,-2.25,-1.25,Matches
237,Javi García,es ESP,"DF,MF",ru Zenit,28,1987,6,520,87,72.2,5.8,6,,3,0,,0,2.00,11,7,+4,+0.69,+0.24,Matches
238,Manu García,es ESP,"FW,MF",eng Manchester City,17,1998,0,,,,,0,,0,0,,2,,,,,,,Matches
239,Gianluca Gaudino,de GER,MF,de Bayern Munich,18,1996,0,,,,,0,,0,0,,2,,,,,,,Matches
240,David de Gea,es ESP,GK,eng Manchester Utd,24,1990,6,540,90,100.0,6.0,6,,6,0,,0,1.33,7,7,0,0.00,,Matches
241,Rami Gershon,il ISR,DF,be Gent,26,1988,1,90,90,12.5,1.0,1,,1,0,,1,0.00,0,1,-1,-1.00,-1.00,Matches
242,Gervinho,ci CIV,"FW,MF",it Roma,28,1987,3,243,81,33.8,2.7,3,,1,0,,1,1.33,8,8,0,0.00,+1.70,Matches
243,Rachid Ghezzal,dz ALG,"FW,MF",fr Lyon,23,1992,4,125,31,23.1,1.4,1,,0,3,,0,0.75,2,2,0,0.00,+0.87,Matches
244,Kieran Gibbs,eng ENG,"DF,MF",eng Arsenal,25,1989,5,212,42,29.4,2.4,2,,1,3,,3,1.20,4,6,-2,-0.85,-0.85,Matches
245,Nacho Gil,es ESP,MF,es Valencia,19,1995,0,,,,,0,,0,0,,1,,,,,,,Matches
246,Marco van Ginkel,nl NED,MF,nl PSV Eindhoven,22,1992,2,210,105,28.0,2.3,2,,2,0,,0,0.50,0,0,0,0.00,-0.17,Matches
247,Olivier Giroud,fr FRA,FW,eng Arsenal,28,1986,7,384,55,53.3,4.3,5,,0,2,,0,1.29,8,7,+1,+0.23,+1.04,Matches
248,George Glendon,eng ENG,MF,eng Manchester City,20,1995,0,,,,,0,,0,0,,1,,,,,,,Matches
249,Diego Godín,uy URU,DF,es Atlético Madrid,29,1986,12,1109,92,90.2,12.3,12,,11,0,,0,1.67,16,8,+8,+0.65,-0.09,Matches
250,Evandro Goebel,br BRA,MF,pt Porto,28,1986,2,74,37,13.7,0.8,1,,0,1,,3,3.00,2,0,+2,+2.43,+2.63,Matches
251,Aleksandr Golovin,ru RUS,"FW,MF",ru CSKA Moscow,19,1996,1,15,15,2.8,0.2,0,,0,1,,4,1.50,0,1,-1,-6.00,-5.83,Matches
252,Mïxaïl Golwbnïchïý,kz KAZ,GK,kz FC Astana,20,1995,0,,,,,0,,0,0,,2,,,,,,,Matches
253,André Gomes,pt POR,MF,es Valencia,22,1993,4,251,63,46.5,2.8,2,,2,2,,0,0.75,4,4,0,0.00,+0.93,Matches
254,Maxime Gonalons,fr FRA,MF,fr Lyon,26,1989,5,432,86,80.0,4.8,5,,4,0,,0,0.80,4,7,-3,-0.62,+0.21,Matches
255,Cenk Gönen,tr TUR,GK,tr Galatasaray,27,1988,0,,,,,0,,0,0,,6,,,,,,,Matches
256,Derlis González,py PAR,FW,ua Dynamo Kyiv,21,1994,8,630,79,87.5,7.0,7,,,1,,0,,,,,,,Matches
257,Mikhail Gordeichuk,by BLR,MF,by BATE Borisov,25,1989,6,510,85,94.4,5.7,6,,4,0,,0,1.33,5,11,-6,-1.06,-4.06,Matches
258,Mathieu Gorgelin,fr FRA,GK,fr Lyon,24,1990,0,,,,,0,,0,0,,6,,,,,,,Matches
259,Mario Götze,de GER,"FW,MF",de Bayern Munich,23,1992,4,106,27,9.5,1.2,1,,1,3,,4,2.50,7,0,+7,+5.94,+4.87,Matches
260,Julian Green,us USA,"FW,MF",de Bayern Munich,20,1995,1,62,62,5.6,0.7,1,,0,0,,0,3.00,1,0,+1,+1.45,-0.09,Matches
261,Clément Grenier,fr FRA,MF,fr Lyon,24,1991,1,70,70,13.0,0.8,1,,0,0,,0,3.00,1,0,+1,+1.29,+2.24,Matches
262,Antoine Griezmann,fr FRA,"FW,MF",es Atlético Madrid,24,1991,13,1135,87,92.3,12.6,13,,6,0,,0,1.77,15,8,+7,+0.56,-1.34,Matches
263,Max Grün,de GER,GK,de Wolfsburg,28,1987,0,,,,,0,,0,0,,4,,,,,,,Matches
264,Andrés Guardado,mx MEX,"DF,FW",nl PSV Eindhoven,28,1986,7,627,90,83.6,7.0,7,,5,0,,0,1.57,6,4,+2,+0.29,+1.02,Matches
265,Gonçalo Guedes,pt POR,"FW,MF",pt Benfica,18,1996,7,496,71,55.1,5.5,6,,3,1,,2,1.57,10,7,+3,+0.54,+0.54,Matches
266,Josuha Guilavogui,fr FRA,"DF,MF",de Wolfsburg,24,1990,9,689,77,76.6,7.7,8,,5,1,,0,2.00,11,8,+3,+0.39,-0.03,Matches
267,Gerard Gumbau,es ESP,MF,es Barcelona,20,1994,3,60,20,6.7,0.7,0,,0,3,,1,2.33,1,0,+1,+1.50,+0.11,Matches
268,Sinan Gümüş,,"FW,MF",tr Galatasaray,21,1994,3,40,13,7.4,0.4,0,,0,3,,3,0.33,1,1,0,0.00,+0.72,Matches
269,Koray Günter,de GER,DF,tr Galatasaray,20,1994,0,,,,,0,,0,0,,3,,,,,,,Matches
270,Luiz Gustavo,br BRA,"DF,MF",de Wolfsburg,28,1987,7,630,90,70.0,7.0,7,,7,0,,0,2.14,9,7,+2,+0.29,-0.38,Matches
271,Munir El Haddadi,ma MAR,"FW,MF",es Barcelona,19,1995,4,257,64,28.6,2.9,2,,1,2,,6,2.50,8,1,+7,+2.45,+1.47,Matches
272,André Hahn,de GER,"FW,MF",de Gladbach,24,1990,3,99,33,18.3,1.1,1,,0,2,,0,0.33,0,3,-3,-2.73,-2.52,Matches
273,Denys Harmash,ua UKR,"FW,MF",ua Dynamo Kyiv,25,1990,7,390,56,54.2,4.3,5,,2,2,,0,1.29,6,4,+2,+0.46,+0.46,Matches
274,Joe Hart,eng ENG,GK,eng Manchester City,28,1987,12,1071,89,99.2,11.9,12,,11,0,,0,1.75,18,12,+6,+0.50,+0.50,Matches
275,Vital Hayduchyk,by BLR,DF,by BATE Borisov,26,1989,2,180,90,33.3,2.0,2,,2,0,,0,0.00,0,5,-5,-2.50,-2.50,Matches
276,Eden Hazard,be BEL,"FW,MF",eng Chelsea,24,1991,8,526,66,73.1,5.8,6,,2,2,,0,1.63,10,3,+7,+1.20,+0.73,Matches
277,Thorgan Hazard,be BEL,"FW,MF",de Gladbach,22,1993,4,117,29,21.7,1.3,1,,1,3,,2,0.50,0,4,-4,-3.08,-3.08,Matches
278,Christofer Heimeroth,de GER,GK,de Gladbach,33,1981,0,,,,,0,,0,0,,3,,,,,,,Matches
279,Jorrit Hendrix,nl NED,"DF,MF",nl PSV Eindhoven,20,1995,7,434,62,57.9,4.8,5,,3,2,,1,1.57,7,7,0,0.00,-0.28,Matches
280,Bruno Henrique,br BRA,"FW,MF",de Wolfsburg,24,1990,2,153,77,17.0,1.7,2,,0,0,,2,1.50,2,2,0,0.00,-0.48,Matches
281,Ángelo Henríquez,cl CHI,FW,hr Dinamo Zagreb,21,1994,4,93,23,17.2,1.0,0,,0,4,,2,0.75,0,3,-3,-2.90,-2.70,Matches
282,Javier Hernández,mx MEX,FW,de Leverkusen,27,1988,6,487,81,90.2,5.4,6,,4,0,,0,1.00,12,10,+2,+0.37,-1.33,Matches
283,Lucas Hernández,fr FRA,DF,es Atlético Madrid,19,1996,4,222,56,18.0,2.5,2,,2,2,,2,1.50,3,2,+1,+0.41,-0.31,Matches
284,Hernanes,br BRA,MF,it Juventus,30,1985,5,397,79,52.9,4.4,4,,3,1,,1,1.60,9,7,+2,+0.45,+0.71,Matches
285,Ander Herrera,es ESP,MF,eng Manchester Utd,25,1989,3,166,55,30.7,1.8,2,,1,1,,0,1.75,2,3,-1,-0.54,-2.23,Matches
286,Héctor Herrera,mx MEX,MF,pt Porto,25,1990,4,170,43,31.5,1.9,2,,0,2,,1,1.75,2,4,-2,-1.06,-1.79,Matches
287,Patrick Herrmann,de GER,"FW,MF",de Gladbach,24,1991,1,72,72,13.3,0.8,1,,0,0,,0,0.00,1,1,0,0.00,+0.77,Matches
288,Roberto Hilbert,de GER,"DF,MF",de Leverkusen,30,1984,3,194,65,35.9,2.2,2,,2,1,,0,1.40,5,4,+1,+0.46,-0.06,Matches
289,Oleksandr Hladkyy,ua UKR,FW,ua Shakhtar,27,1987,5,368,74,68.1,4.1,5,,0,0,,0,1.22,1,11,-10,-2.45,-6.11,Matches
290,Alexander Hleb,by BLR,MF,by BATE Borisov,34,1981,5,241,48,44.6,2.7,3,,1,2,,0,1.14,2,4,-2,-0.75,+0.16,Matches
291,Armin Hodžić,ba BIH,FW,hr Dinamo Zagreb,20,1994,2,118,59,21.9,1.3,2,,0,0,,2,1.33,1,0,+1,+0.76,+1.83,Matches
292,Branimir Hrgota,se SWE,"FW,MF",de Gladbach,22,1993,0,,,,,0,,0,0,,5,,,,,,,Matches
293,Hulk,br BRA,"FW,MF",ru Zenit,29,1986,7,630,90,87.5,7.0,7,,7,0,,0,2.14,13,7,+6,+0.86,+1.86,Matches
294,Oleh Husyev,ua UKR,"DF,MF",ua Dynamo Kyiv,32,1983,3,201,67,27.9,2.2,2,,0,1,,5,1.67,1,1,0,0.00,-0.35,Matches
295,Vicente Iborra,es ESP,MF,es Sevilla,27,1988,3,160,53,29.6,1.8,2,,1,1,,3,0.00,2,6,-4,-2.25,-2.49,Matches
296,Zlatan Ibrahimović,se SWE,FW,fr Paris S-G,33,1981,10,880,88,97.8,9.8,10,,7,0,,0,2.00,17,6,+11,+1.13,-3.38,Matches
297,Brown Ideye,ng NGA,FW,gr Olympiacos,26,1988,6,496,83,91.9,5.5,6,,5,0,,0,1.50,5,12,-7,-1.27,-1.27,Matches
298,Nosa Igiebor,ng NGA,MF,il Maccabi Tel Aviv,24,1990,4,260,65,48.1,2.9,3,,2,1,,0,0.80,0,9,-9,-3.12,-2.47,Matches
299,Sergei Ignashevich,ru RUS,DF,ru CSKA Moscow,36,1979,6,496,83,91.9,5.5,6,,5,0,,0,1.10,5,7,-2,-0.36,-0.36,Matches
300,Kelechi Iheanacho,ng NGA,"FW,MF",eng Manchester City,18,1996,4,71,18,6.6,0.8,0,,0,4,,1,1.75,0,0,0,0.00,-0.54,Matches
301,Branko Ilić,si SVN,DF,kz FC Astana,32,1983,6,540,90,100.0,6.0,6,,5,0,,0,1.25,5,11,-6,-1.00,,Matches
302,Giannelli Imbula,cd COD,MF,pt Porto,22,1992,5,268,54,49.6,3.0,4,,1,1,,1,1.80,4,5,-1,-0.34,-1.00,Matches
303,Ciro Immobile,it ITA,FW,es Sevilla,25,1990,3,69,23,12.8,0.8,0,,0,3,,1,1.00,1,1,0,0.00,+0.57,Matches
304,Selçuk İnan,tr TUR,MF,tr Galatasaray,30,1985,5,450,90,83.3,5.0,5,,5,0,,0,1.00,6,8,-2,-0.40,+1.60,Matches
305,Jo Inge Berget,no NOR,"FW,MF",se Malmö,24,1990,6,496,83,91.9,5.5,6,,5,0,,0,1.08,1,18,-17,-3.08,-3.08,Matches
306,Andrés Iniesta,es ESP,MF,es Barcelona,31,1984,7,553,79,61.4,6.1,7,,3,0,,1,2.29,9,6,+3,+0.49,-2.36,Matches
307,Isco,es ESP,"FW,MF",es Real Madrid,23,1992,11,710,65,59.2,7.9,8,,3,3,,2,2.36,20,4,+16,+2.03,+0.93,Matches
308,Nicolas Isimat-Mirin,fr FRA,DF,nl PSV Eindhoven,23,1991,5,280,56,37.3,3.1,2,,2,3,,1,1.60,3,1,+2,+0.64,+0.83,Matches
309,Ismaily,br BRA,DF,ua Shakhtar,25,1990,2,180,90,33.3,2.0,2,,2,0,,0,0.00,0,3,-3,-1.50,-1.50,Matches
310,Juan Iturbe,py PAR,"FW,MF",it Roma,22,1993,6,180,30,25.0,2.0,2,,0,4,,0,1.00,2,6,-4,-2.00,-1.17,Matches
311,Andrei Ivanov,ru RUS,DF,ru Zenit,20,1994,0,,,,,0,,0,0,,3,,,,,,,Matches
312,Branislav Ivanović,rs SRB,DF,eng Chelsea,31,1984,4,360,90,50.0,4.0,4,,3,0,,2,0.75,5,5,0,0.00,-2.00,Matches
313,Alex Iwobi,ng NGA,"FW,MF",eng Arsenal,19,1996,2,78,39,10.8,0.9,1,,0,1,,1,0.00,1,3,-2,-2.31,-2.31,Matches
314,Christophe Jallet,fr FRA,DF,fr Lyon,31,1983,4,285,71,52.8,3.2,3,,2,1,,0,0.25,2,7,-5,-1.58,-1.93,Matches
315,Tony Jantschke,de GER,"DF,MF",de Gladbach,25,1990,1,90,90,16.7,1.0,1,,1,0,,3,0.00,0,3,-3,-3.00,-2.80,Matches
316,Tin Jedvaj,hr CRO,DF,de Leverkusen,19,1995,0,,,,,0,,0,0,,1,,,,,,,Matches
317,Jesé,es ESP,"FW,MF",es Real Madrid,22,1993,9,338,38,28.2,3.8,3,,0,6,,4,2.22,5,0,+5,+1.33,-0.44,Matches
318,Aleksandar Jevtić,rs SRB,FW,by BATE Borisov,30,1985,0,,,,,0,,0,0,,5,,,,,,,Matches
319,Antonijo Ježina,hr CRO,GK,hr Dinamo Zagreb,26,1989,0,,,,,0,,0,0,,5,,,,,,,Matches
320,Raúl Jiménez,mx MEX,FW,pt Benfica,24,1991,10,544,54,60.4,6.0,5,,4,5,,0,1.70,13,9,+4,+0.66,+0.91,Matches
321,Fabian Johnson,us USA,"DF,MF",de Gladbach,27,1987,5,424,85,78.5,4.7,5,,2,0,,0,1.00,8,5,+3,+0.64,+6.07,Matches
322,Jonas,br BRA,FW,pt Benfica,31,1984,9,727,81,80.8,8.1,9,,2,0,,0,1.78,11,10,+1,+0.12,-0.92,Matches
323,Phil Jones,eng ENG,"DF,MF",eng Manchester Utd,23,1992,2,108,54,20.0,1.2,1,,1,1,,1,2.00,1,1,0,0.00,-1.25,Matches
324,Luuk de Jong,nl NED,FW,nl PSV Eindhoven,24,1990,6,559,93,74.5,6.2,6,,4,0,,0,1.67,6,4,+2,+0.32,+0.79,Matches
325,Luka Jović,rs SRB,FW,pt Benfica,17,1997,1,2,2,0.2,0.0,0,,0,1,,0,1.00,0,0,0,0.00,-0.30,Matches
326,Florian Jozefzoon,sr SUR,"FW,MF",nl PSV Eindhoven,24,1991,0,,,,,0,,0,0,,3,,,,,,,Matches
327,Juanfran,es ESP,"DF,MF",es Atlético Madrid,30,1985,12,1140,95,92.7,12.7,12,,12,0,,1,1.67,15,8,+7,+0.55,-1.45,Matches
328,Sebastian Jung,de GER,DF,de Wolfsburg,25,1990,4,157,39,17.4,1.7,2,,1,2,,3,1.50,2,2,0,0.00,-0.48,Matches
329,Junior Kabananga,cd COD,FW,kz FC Astana,26,1989,6,464,77,85.9,5.2,6,,2,0,,0,1.10,5,9,-4,-0.78,-1.96,Matches
330,Aldo Kalulu,cd COD,"FW,MF",fr Lyon,19,1996,2,111,56,20.6,1.2,1,,1,1,,0,0.50,0,1,-1,-0.81,-0.18,Matches
331,Kevin Kampl,si SVN,MF,de Leverkusen,24,1990,6,540,90,100.0,6.0,6,,6,0,,0,1.00,13,12,+1,+0.17,,Matches
332,Anton Kanibolotskiy,ua UKR,GK,ua Shakhtar,27,1988,2,180,90,33.3,2.0,2,,2,0,,4,1.50,4,2,+2,+1.00,+2.25,Matches
333,Stefanos Kapino,gr GRE,GK,gr Olympiacos,21,1994,0,,,,,0,,0,0,,6,,,,,,,Matches
334,Wilfrid Kaptoum,cm CMR,MF,es Barcelona,19,1996,1,62,62,6.9,0.7,1,,0,0,,0,1.00,1,1,0,0.00,-1.50,Matches
335,Jem Karacan,tr TUR,MF,tr Galatasaray,26,1989,1,90,90,16.7,1.0,1,,1,0,,1,0.00,0,2,-2,-2.00,-1.60,Matches
336,Alyaksandr Karnitsky,by BLR,MF,by BATE Borisov,26,1989,4,86,22,15.9,1.0,0,,0,4,,2,1.11,0,2,-2,-2.09,-1.50,Matches
337,Pajtim Kasami,ch SUI,"FW,MF",gr Olympiacos,23,1992,6,489,82,90.6,5.4,6,,3,0,,0,1.50,5,12,-7,-1.29,-1.29,Matches
338,Semih Kaya,tr TUR,DF,tr Galatasaray,24,1991,4,360,90,66.7,4.0,4,,4,0,,2,0.50,3,7,-4,-1.00,-1.00,Matches
339,Seydou Keita,ml MLI,MF,it Roma,35,1980,3,266,89,36.9,3.0,3,,2,0,,2,0.33,2,9,-7,-2.37,-1.97,Matches
340,Kenedy,br BRA,"FW,MF",eng Chelsea,19,1996,2,107,54,14.9,1.2,1,,1,1,,4,0.00,1,2,-1,-0.84,-2.16,Matches
341,Mikhail Kerzhakov,ru RUS,GK,ru Zenit,28,1987,2,180,90,25.0,2.0,2,,2,0,,6,3.00,5,2,+3,+1.50,+1.17,Matches
342,Foxi Kéthévoama,cf CTA,"FW,MF",kz FC Astana,29,1986,6,513,86,95.0,5.7,6,,3,0,,0,1.25,4,10,-6,-1.05,-11.05,Matches
343,Yevhen Khacheridi,ua UKR,DF,ua Dynamo Kyiv,28,1987,8,720,90,100.0,8.0,8,,8,0,,0,1.50,9,7,+2,+0.25,,Matches
344,Sami Khedira,de GER,MF,it Juventus,28,1987,4,303,76,40.4,3.4,4,,1,0,,0,1.25,4,2,+2,+0.59,+0.80,Matches
345,Stefan Kießling,de GER,"FW,MF",de Leverkusen,31,1984,4,119,30,22.0,1.3,1,,0,3,,0,1.17,2,4,-2,-1.51,-2.58,Matches
346,Joshua Kimmich,de GER,"DF,MF",de Bayern Munich,20,1995,9,630,70,56.8,7.0,6,,5,3,,3,2.22,19,8,+11,+1.57,+0.07,Matches
347,Presnel Kimpembe,fr FRA,DF,fr Paris S-G,19,1995,0,,,,,0,,0,0,,3,,,,,,,Matches
348,Jan Kirchhoff,de GER,"DF,MF",de Bayern Munich,24,1990,0,,,,,0,,0,0,,3,,,,,,,Matches
349,Bilal Kısa,tr TUR,MF,tr Galatasaray,32,1983,4,303,76,56.1,3.4,4,,0,0,,1,1.00,4,5,-1,-0.30,+0.84,Matches
350,Niklas Klinger,de GER,GK,de Wolfsburg,19,1995,0,,,,,0,,0,0,,1,,,,,,,Matches
351,Timm Klose,ch SUI,DF,de Wolfsburg,27,1988,2,102,51,11.3,1.1,1,,1,1,,4,1.50,1,3,-2,-1.76,-2.44,Matches
352,Robin Knoche,de GER,DF,de Wolfsburg,23,1992,2,180,90,20.0,2.0,2,,2,0,,2,3.00,4,2,+2,+1.00,+0.75,Matches
353,Vasyl Kobin,ua UKR,"DF,MF",ua Shakhtar,30,1985,1,90,90,16.7,1.0,1,,1,0,,0,0.00,3,4,-1,-1.00,-0.60,Matches
354,Enoch Kofi Adu,gh GHA,MF,se Malmö,24,1990,6,526,88,97.4,5.8,6,,4,0,,0,1.20,1,20,-19,-3.25,-16.11,Matches
355,Koke,es ESP,MF,es Atlético Madrid,23,1992,11,1038,94,84.4,11.5,11,,8,0,,1,1.82,12,6,+6,+0.52,-0.89,Matches
356,Aleksandr Kokorin,ru RUS,"FW,MF",ru Zenit,24,1991,2,74,37,10.3,0.8,1,,0,1,,0,0.00,0,1,-1,-1.22,-2.05,Matches
357,Aleksandar Kolarov,rs SRB,DF,eng Manchester City,29,1985,6,390,65,36.1,4.3,4,,4,2,,6,2.17,11,6,+5,+1.15,+1.02,Matches
358,Timothée Kolodziejczak,fr FRA,DF,es Sevilla,23,1991,6,507,85,93.9,5.6,6,,5,0,,0,1.00,7,11,-4,-0.71,-3.44,Matches
359,Vincent Kompany,be BEL,DF,eng Manchester City,29,1986,7,362,52,33.5,4.0,6,,3,1,,0,1.57,7,3,+4,+0.99,+0.74,Matches
360,Pa Konate,gn GUI,DF,se Malmö,21,1994,3,270,90,50.0,3.0,3,,3,0,,1,1.00,1,9,-8,-2.67,+0.33,Matches
361,Bakary Koné,bf BFA,DF,fr Lyon,27,1988,1,13,13,2.4,0.1,0,,0,1,,1,3.00,0,0,0,0.00,+0.68,Matches
362,Yevhen Konoplyanka,ua UKR,"FW,MF",es Sevilla,25,1989,6,423,71,78.3,4.7,5,,3,1,,0,1.00,6,10,-4,-0.85,-1.62,Matches
363,Julian Korb,de GER,"DF,MF",de Gladbach,23,1992,5,438,88,81.1,4.9,5,,4,0,,0,0.80,7,10,-3,-0.62,+0.27,Matches
364,Nikita Korzun,by BLR,MF,ua Dynamo Kyiv,20,1995,0,,,,,0,,0,0,,2,,,,,,,Matches
365,Laurent Koscielny,fr FRA,DF,eng Arsenal,29,1985,7,597,85,82.9,6.6,7,,6,0,,1,1.29,11,9,+2,+0.30,+3.23,Matches
366,Mateo Kovačić,hr CRO,MF,es Real Madrid,21,1994,8,340,43,28.3,3.8,3,,1,5,,2,3.00,17,3,+14,+3.71,+2.87,Matches
367,Viktor Kovalenko,ua UKR,MF,ua Shakhtar,19,1996,5,75,15,13.9,0.8,0,,0,5,,1,1.00,0,3,-3,-3.60,-3.60,Matches
368,Zhakyp Kozhamberdy,kz KAZ,MF,kz FC Astana,23,1992,1,7,7,1.3,0.1,0,,0,1,,1,0.00,0,1,-1,-12.86,-12.52,Matches
369,Christoph Kramer,de GER,MF,de Leverkusen,24,1991,6,399,67,73.9,4.4,4,,2,2,,0,1.13,8,8,0,0.00,-1.91,Matches
370,Matías Kranevitter,ar ARG,MF,es Atlético Madrid,22,1993,1,45,45,3.7,0.5,0,,0,1,,4,3.00,0,0,0,0.00,-0.68,Matches
371,Artem Kravets,ua UKR,FW,ua Dynamo Kyiv,26,1989,4,147,37,20.4,1.6,2,,0,2,,0,1.25,1,1,0,0.00,-0.31,Matches
372,Dario Krešić,hr CRO,GK,de Leverkusen,31,1984,0,,,,,0,,0,0,,6,,,,,,,Matches
373,Michael Krohn-Dehli,dk DEN,"FW,MF",es Sevilla,32,1983,6,258,43,47.8,2.9,2,,1,4,,0,1.00,1,4,-3,-1.05,-1.05,Matches
374,Simon Kroon,se SWE,MF,se Malmö,22,1993,2,33,17,6.1,0.4,0,,0,2,,0,0.33,0,1,-1,-2.73,+0.11,Matches
375,Toni Kroos,de GER,MF,es Real Madrid,25,1990,12,995,83,82.9,11.1,11,,8,1,,1,2.42,17,5,+12,+1.09,-3.30,Matches
376,Max Kruse,de GER,"FW,MF",de Wolfsburg,27,1988,9,684,76,76.0,7.6,7,,5,2,,0,2.33,12,7,+5,+0.66,+1.07,Matches
377,Grzegorz Krychowiak,pl POL,MF,es Sevilla,25,1990,6,540,90,100.0,6.0,6,,6,0,,0,1.00,8,11,-3,-0.50,,Matches
378,Serhiy Kryvtsov,ua UKR,DF,ua Shakhtar,24,1991,0,,,,,0,,0,0,,2,,,,,,,Matches
379,Oleksandr Kucher,ua UKR,DF,ua Shakhtar,32,1982,5,450,90,83.3,5.0,5,,5,0,,0,1.29,4,10,-6,-1.20,-4.20,Matches
380,Sven Kums,be BEL,MF,be Gent,27,1988,8,720,90,100.0,8.0,8,,8,0,,0,1.25,10,11,-1,-0.12,,Matches
381,Layvin Kurzawa,fr FRA,DF,fr Paris S-G,22,1992,1,90,90,10.0,1.0,1,,1,0,,9,3.00,2,0,+2,+2.00,+0.89,Matches
382,Alexandre Lacazette,fr FRA,FW,fr Lyon,24,1991,6,501,84,92.8,5.6,6,,3,0,,0,0.67,5,8,-3,-0.54,+1.77,Matches
383,Qazim Laçi,al ALB,MF,gr Olympiacos,19,1996,0,,,,,0,,0,0,,1,,,,,,,Matches
384,Philipp Lahm,de GER,"DF,MF",de Bayern Munich,31,1983,12,1110,93,100.0,12.3,12,,12,0,,0,2.17,30,11,+19,+1.54,,Matches
385,Ezequiel Lavezzi,ar ARG,"FW,MF",fr Paris S-G,30,1985,4,83,21,9.2,0.9,1,,0,3,,1,2.50,1,0,+1,+1.08,-0.13,Matches
386,Miguel Layún,mx MEX,"DF,MF",pt Porto,27,1988,6,460,77,85.2,5.1,5,,5,1,,0,1.67,7,7,0,0.00,-1.13,Matches
387,Mario Lemina,ga GAB,"DF,MF",it Juventus,21,1993,1,3,3,0.4,0.0,0,,0,1,,3,1.00,0,0,0,0.00,-0.12,Matches
388,Bernd Leno,de GER,GK,de Leverkusen,23,1992,6,540,90,100.0,6.0,6,,6,0,,0,1.13,13,12,+1,+0.17,,Matches
389,Maxime Lestienne,be BEL,"FW,MF",nl PSV Eindhoven,23,1992,4,200,50,26.7,2.2,2,,0,2,,0,1.00,4,4,0,0.00,-0.16,Matches
390,Robert Lewandowski,pl POL,FW,de Bayern Munich,26,1988,12,942,79,84.9,10.5,11,,8,1,,0,2.17,24,9,+15,+1.43,-0.71,Matches
391,Oscar Lewicki,se SWE,"DF,MF",se Malmö,23,1992,6,461,77,85.4,5.1,6,,5,0,,0,1.08,1,17,-16,-3.12,-1.98,Matches
392,Stephan Lichtsteiner,ch SUI,"DF,MF",it Juventus,31,1984,6,557,93,74.3,6.2,6,,5,0,,0,1.33,8,9,-1,-0.16,-1.09,Matches
393,Daniel Lifshitz,il ISR,GK,il Maccabi Tel Aviv,27,1988,0,,,,,0,,0,0,,6,,,,,,,Matches
394,Victor Lindelöf,se SWE,DF,pt Benfica,21,1994,4,360,90,40.0,4.0,4,,4,0,,1,1.75,5,4,+1,+0.25,-0.08,Matches
395,Jesse Lingard,eng ENG,"FW,MF",eng Manchester Utd,22,1992,4,350,88,64.8,3.9,4,,3,0,,0,1.25,4,4,0,0.00,-2.84,Matches
396,Fernando Llorente,es ESP,FW,es Sevilla,30,1985,3,155,52,28.7,1.7,2,,0,1,,2,1.00,4,5,-1,-0.58,-0.11,Matches
397,Marcos Llorente,es ESP,"DF,FW",es Real Madrid,20,1995,0,,,,,0,,0,0,,2,,,,,,,Matches
398,Jürgen Locadia,cw CUW,FW,nl PSV Eindhoven,21,1993,8,539,67,71.9,6.0,6,,3,2,,0,1.38,5,4,+1,+0.17,+0.17,Matches
399,Yuri Lodygin,ru RUS,GK,ru Zenit,25,1990,6,540,90,75.0,6.0,6,,6,0,,2,1.50,9,7,+2,+0.33,-1.17,Matches
400,Ruben Loftus-Cheek,eng ENG,MF,eng Chelsea,19,1996,1,77,77,10.7,0.9,1,,0,0,,5,3.00,3,0,+3,+3.51,+2.81,Matches
401,Vladimir Loginovsky,kz KAZ,GK,kz FC Astana,29,1985,0,,,,,0,,0,0,,4,,,,,,,Matches
402,Nicolas Lombaerts,be BEL,DF,ru Zenit,30,1985,8,692,87,96.1,7.7,8,,7,0,,0,1.88,13,9,+4,+0.52,-2.69,Matches
403,Anthony Lopes,pt POR,GK,fr Lyon,24,1990,6,540,90,100.0,6.0,6,,6,0,,0,0.67,5,9,-4,-0.67,,Matches
404,Paulo Lopes,pt POR,GK,pt Benfica,37,1978,0,,,,,0,,0,0,,3,,,,,,,Matches
405,Lisandro López,ar ARG,DF,pt Benfica,25,1989,2,180,90,20.0,2.0,2,,2,0,,3,0.50,3,4,-1,-0.50,-1.00,Matches
406,Filipe Luís,br BRA,DF,es Atlético Madrid,29,1985,10,949,95,77.2,10.5,10,,9,0,,2,1.60,11,8,+3,+0.28,-1.64,Matches
407,José Luis Gayà,es ESP,"DF,MF",es Valencia,20,1995,5,450,90,83.3,5.0,5,,5,0,,0,0.86,4,9,-5,-1.00,-3.00,Matches
408,Luisão,br BRA,DF,pt Benfica,34,1981,4,360,90,40.0,4.0,4,,4,0,,1,2.25,7,4,+3,+0.75,+0.75,Matches
409,Luismi,es ESP,"DF,MF",es Sevilla,23,1992,0,,,,,0,,0,0,,1,,,,,,,Matches
410,David Luiz,br BRA,"DF,MF",fr Paris S-G,28,1987,7,630,90,70.0,7.0,7,,7,0,,0,2.29,13,5,+8,+1.14,-0.19,Matches
411,Matt Macey,eng ENG,GK,eng Arsenal,20,1994,0,,,,,0,,0,0,,3,,,,,,,Matches
412,Paulo Machado,pt POR,MF,hr Dinamo Zagreb,29,1986,6,431,72,79.8,4.8,5,,3,1,,0,1.27,3,12,-9,-1.88,-6.01,Matches
413,Pablo Maffeo,es ESP,"DF,MF",eng Manchester City,18,1997,0,,,,,0,,0,0,,3,,,,,,,Matches
414,Adam Maher,nl NED,MF,nl PSV Eindhoven,22,1993,3,253,84,33.7,2.8,3,,1,0,,2,1.00,3,5,-2,-0.71,-1.25,Matches
415,Maicon,br BRA,DF,pt Porto,26,1988,3,270,90,50.0,3.0,3,,3,0,,0,1.33,4,5,-1,-0.33,-1.00,Matches
416,Yevhen Makarenko,ua UKR,"DF,MF",ua Dynamo Kyiv,24,1991,1,24,24,3.3,0.3,0,,0,1,,1,0.00,0,1,-1,-3.75,-4.14,Matches
417,Nemanja Maksimović,rs SRB,MF,kz FC Astana,20,1995,5,450,90,83.3,5.0,5,,5,0,,0,1.36,5,7,-2,-0.40,+0.60,Matches
418,Steed Malbranque,fr FRA,MF,fr Lyon,35,1980,2,73,37,13.5,0.8,1,,0,1,,4,0.50,1,1,0,0.00,+0.77,Matches
419,Maksym Malyshev,ua UKR,"DF,MF",ua Shakhtar,22,1992,2,113,57,20.9,1.3,1,,1,1,,1,1.00,0,4,-4,-3.19,-3.40,Matches
420,Mario Mandžukić,hr CRO,"FW,MF",it Juventus,29,1986,5,341,68,45.5,3.8,4,,1,1,,1,1.60,4,7,-3,-0.79,-1.67,Matches
421,Eliaquim Mangala,fr FRA,DF,eng Manchester City,24,1991,7,613,88,56.8,6.8,5,,5,2,,3,1.57,10,8,+2,+0.29,-0.48,Matches
422,Giannis Maniatis,gr GRE,"DF,MF",gr Olympiacos,28,1986,0,,,,,0,,0,0,,1,,,,,,,Matches
423,Kostas Manolas,gr GRE,DF,it Roma,24,1991,8,720,90,100.0,8.0,8,,8,0,,0,0.75,11,20,-9,-1.13,,Matches
424,Iván Marcano,es ESP,DF,pt Porto,28,1987,5,450,90,83.3,5.0,5,,5,0,,0,1.80,7,6,+1,+0.20,+0.20,Matches
425,Marcelo,br BRA,"DF,MF",es Real Madrid,27,1988,11,910,83,75.8,10.1,10,,9,1,,1,2.36,16,3,+13,+1.29,-1.51,Matches
426,Claudio Marchisio,it ITA,MF,it Juventus,29,1986,5,406,81,54.1,4.5,5,,4,0,,0,1.20,2,3,-1,-0.22,-0.74,Matches
427,José María Giménez,uy URU,DF,es Atlético Madrid,20,1995,8,660,83,53.7,7.3,7,,7,1,,3,2.00,7,4,+3,+0.41,-0.54,Matches
428,Mariano,br BRA,"DF,MF",es Sevilla,29,1986,4,81,20,15.0,0.9,0,,0,4,,2,0.75,2,1,+1,+1.11,+1.90,Matches
429,Marlos,ua UKR,"FW,MF",ua Shakhtar,27,1988,6,442,74,81.9,4.9,6,,1,0,,0,1.10,4,10,-6,-1.22,-3.98,Matches
430,Marquinhos,br BRA,"DF,MF",fr Paris S-G,21,1994,6,540,90,60.0,6.0,6,,6,0,,3,2.17,11,3,+8,+1.33,+0.33,Matches
431,Anthony Martial,fr FRA,"FW,MF",eng Manchester Utd,19,1995,6,516,86,95.6,5.7,6,,5,0,,0,1.33,6,7,-1,-0.17,-26.42,Matches
432,Jackson Martínez,co COL,FW,es Atlético Madrid,28,1986,4,243,61,19.8,2.7,3,,1,1,,0,1.75,6,2,+4,+1.48,+1.03,Matches
433,Javi Martínez,es ESP,"DF,MF",de Bayern Munich,26,1988,8,542,68,48.8,6.0,5,,5,3,,2,2.38,12,5,+7,+1.16,-0.74,Matches
434,Bruno Martins Indi,nl NED,DF,pt Porto,23,1992,6,540,90,100.0,6.0,6,,6,0,,0,1.67,9,8,+1,+0.17,,Matches
435,Javier Mascherano,ar ARG,"DF,MF",es Barcelona,31,1984,8,655,82,72.8,7.3,7,,7,1,,1,2.38,14,5,+9,+1.24,-0.60,Matches
436,Jordi Masip,es ESP,GK,es Barcelona,26,1989,0,,,,,0,,0,0,,3,,,,,,,Matches
437,Arthur Masuaku,cd COD,"DF,MF",gr Olympiacos,21,1993,5,450,90,83.3,5.0,5,,5,0,,1,1.20,3,11,-8,-1.60,-2.60,Matches
438,Juan Mata,es ESP,"FW,MF",eng Manchester Utd,27,1988,5,328,66,60.7,3.6,4,,2,1,,1,1.86,4,5,-1,-0.27,-3.25,Matches
439,Alexandru Mățel,ro ROU,DF,hr Dinamo Zagreb,25,1989,4,360,90,66.7,4.0,4,,4,0,,2,0.67,1,11,-10,-2.50,-5.50,Matches
440,Jérémy Mathieu,fr FRA,DF,es Barcelona,31,1983,3,270,90,30.0,3.0,3,,3,0,,3,2.33,6,3,+3,+1.00,-0.57,Matches
441,Nemanja Matić,rs SRB,MF,eng Chelsea,26,1988,5,377,75,52.4,4.2,4,,4,1,,2,2.00,8,1,+7,+1.67,+1.41,Matches
442,Thomas Matton,be BEL,MF,be Gent,29,1985,5,274,55,38.1,3.0,3,,0,2,,0,0.20,4,4,0,0.00,+0.20,Matches
443,Blaise Matuidi,fr FRA,MF,fr Paris S-G,28,1987,9,761,85,84.6,8.5,9,,5,0,,0,2.22,17,5,+12,+1.42,+1.42,Matches
444,Maurício,br BRA,MF,ru Zenit,26,1988,2,85,43,11.8,0.9,1,,0,1,,0,0.00,1,1,0,0.00,-0.71,Matches
445,Maxwell,br BRA,DF,fr Paris S-G,33,1981,9,810,90,90.0,9.0,9,,9,0,,1,1.89,16,6,+10,+1.11,-0.89,Matches
446,Borja Mayoral,es ESP,FW,es Real Madrid,18,1997,0,,,,,0,,0,0,,3,,,,,,,Matches
447,Dzmitry Mazalewski,by BLR,FW,by BATE Borisov,30,1985,4,221,55,40.9,2.5,3,,1,1,,0,0.50,1,3,-2,-0.81,+0.03,Matches
448,Paddy McNair,nir NIR,"DF,MF",eng Manchester Utd,20,1995,0,,,,,0,,0,0,,4,,,,,,,Matches
449,Admir Mehmedi,ch SUI,"FW,MF",de Leverkusen,24,1991,5,371,74,68.7,4.1,4,,1,1,,1,1.29,10,7,+3,+0.73,+0.73,Matches
450,Agon Mehmeti,al ALB,FW,se Malmö,25,1989,2,28,14,5.2,0.3,0,,0,2,,2,1.75,0,2,-2,-6.43,-3.79,Matches
451,Memphis,nl NED,"FW,MF",eng Manchester Utd,21,1994,6,327,55,60.6,3.6,4,,2,2,,0,1.75,6,6,0,0.00,-2.54,Matches
452,Tiago Mendes,pt POR,MF,es Atlético Madrid,34,1981,5,391,78,31.8,4.3,5,,3,0,,1,2.00,7,2,+5,+1.15,+0.72,Matches
453,Per Mertesacker,de GER,DF,eng Arsenal,30,1984,6,483,81,67.1,5.4,5,,5,1,,1,1.50,10,8,+2,+0.37,+1.89,Matches
454,Lionel Messi,ar ARG,"FW,MF",es Barcelona,28,1987,7,630,90,70.0,7.0,7,,7,0,,0,2.00,15,7,+8,+1.14,-0.86,Matches
455,Matt Miazga,us USA,DF,eng Chelsea,20,1995,0,,,,,0,,0,0,,1,,,,,,,Matches
456,Dor Micha,il ISR,MF,il Maccabi Tel Aviv,23,1992,4,182,46,33.7,2.0,2,,0,2,,1,0.80,0,4,-4,-1.98,-0.22,Matches
457,Marko Mikulić,hr CRO,GK,hr Dinamo Zagreb,21,1994,0,,,,,0,,0,0,,1,,,,,,,Matches
458,Georgi Milanov,bg BUL,"FW,MF",ru CSKA Moscow,23,1992,4,215,54,39.8,2.4,2,,2,2,,2,1.25,0,3,-3,-1.26,-1.53,Matches
459,Danijel Milićević,ba BIH,"FW,MF",be Gent,29,1986,8,665,83,92.4,7.4,8,,4,0,,0,1.25,8,11,-3,-0.41,-3.68,Matches
460,Luka Milivojević,rs SRB,MF,gr Olympiacos,24,1991,4,360,90,66.7,4.0,4,,4,0,,0,1.50,3,8,-5,-1.25,-0.25,Matches
461,Nemanja Milunović,rs SRB,DF,by BATE Borisov,26,1989,6,540,90,100.0,6.0,6,,6,0,,0,1.33,5,12,-7,-1.17,,Matches
462,Santi Mina,es ESP,FW,es Valencia,19,1995,4,231,58,42.8,2.6,3,,1,1,,1,0.75,1,4,-3,-1.17,-1.17,Matches
463,Rafa Mir,es ESP,FW,es Valencia,18,1997,1,56,56,10.4,0.6,1,,0,0,,0,0.00,0,1,-1,-1.61,-1.24,Matches
464,Kostas Mitroglou,gr GRE,FW,pt Benfica,27,1988,7,360,51,40.0,4.0,4,,1,3,,1,1.71,3,2,+1,+0.25,-0.08,Matches
465,Nikola Mitrović,rs SRB,MF,il Maccabi Tel Aviv,28,1987,4,251,63,46.5,2.8,3,,1,1,,2,0.89,1,10,-9,-3.23,-2.60,Matches
466,Stefan Mitrović,rs SRB,DF,be Gent,25,1990,7,630,90,87.5,7.0,7,,7,0,,0,1.43,10,10,0,0.00,+1.00,Matches
467,Filip Mladenović,rs SRB,"DF,MF",by BATE Borisov,23,1991,6,540,90,100.0,6.0,6,,6,0,,0,1.33,5,12,-7,-1.17,,Matches
468,Luka Modrić,hr CRO,MF,es Real Madrid,29,1985,12,904,75,75.3,10.0,10,,5,2,,0,2.42,18,3,+15,+1.49,-0.64,Matches
469,Guillermo Molins,se SWE,"FW,MF",se Malmö,26,1988,0,,,,,0,,0,0,,1,,,,,,,Matches
470,Nacho Monreal,es ESP,DF,eng Arsenal,29,1986,6,540,90,75.0,6.0,6,,6,0,,2,1.50,10,10,0,0.00,+1.00,Matches
471,Júnior Moraes,ua UKR,FW,ua Dynamo Kyiv,28,1987,7,436,62,60.6,4.8,4,,1,3,,0,1.57,9,4,+5,+1.03,+1.98,Matches
472,Álvaro Morata,es ESP,FW,it Juventus,22,1992,8,533,67,71.1,5.9,6,,1,2,,0,1.50,7,3,+4,+0.68,+1.92,Matches
473,Jérémy Morel,mg MAD,DF,fr Lyon,31,1984,4,348,87,64.4,3.9,4,,3,0,,2,1.00,4,5,-1,-0.26,+1.15,Matches
474,Héctor Moreno,mx MEX,DF,nl PSV Eindhoven,27,1988,8,750,94,100.0,8.3,8,,8,0,,0,1.38,8,7,+1,+0.12,,Matches
475,Mykola Morozyuk,ua UKR,"DF,MF",ua Dynamo Kyiv,27,1988,0,,,,,0,,0,0,,3,,,,,,,Matches
476,Fabio Morselli,it ITA,FW,it Juventus,17,1998,0,,,,,0,,0,0,,1,,,,,,,Matches
477,Thiago Motta,it ITA,MF,fr Paris S-G,32,1982,9,743,83,82.6,8.3,9,,7,0,,1,1.89,15,5,+10,+1.21,+0.06,Matches
478,Lucas Moura,br BRA,"FW,MF",fr Paris S-G,22,1992,9,365,41,40.6,4.1,3,,0,6,,1,1.89,7,3,+4,+0.99,-0.36,Matches
479,Thomas Müller,de GER,"FW,MF",de Bayern Munich,25,1989,12,925,77,83.3,10.3,9,,7,3,,0,2.17,25,10,+15,+1.46,-0.49,Matches
480,Juan Muñoz,es ESP,"FW,MF",es Sevilla,19,1995,1,11,11,2.0,0.1,0,,0,1,,0,0.00,0,1,-1,-8.18,-7.84,Matches
481,Ahmed Musa,ng NGA,"FW,MF",ru CSKA Moscow,22,1992,6,540,90,100.0,6.0,6,,6,0,,0,1.10,5,9,-4,-0.67,,Matches
482,Mario Musa,hr CRO,"DF,MF",hr Dinamo Zagreb,25,1990,1,2,2,0.4,0.0,0,,0,1,,4,0.00,0,1,-1,-45.00,-44.50,Matches
483,Fernando Muslera,uy URU,GK,tr Galatasaray,29,1986,6,540,90,100.0,6.0,6,,6,0,,0,0.83,6,10,-4,-0.67,,Matches
484,Shkodran Mustafi,de GER,DF,es Valencia,23,1992,5,450,90,83.3,5.0,5,,5,0,,1,1.29,5,7,-2,-0.40,+0.60,Matches
485,Serikzhan Muzhikov,kz KAZ,MF,kz FC Astana,26,1989,5,347,69,64.3,3.9,4,,1,1,,1,1.14,4,7,-3,-0.78,-0.78,Matches
486,Arnold Mvuemba,cd COD,"FW,MF",fr Lyon,30,1985,0,,,,,0,,0,0,,5,,,,,,,Matches
487,Kirill Nababkin,ru RUS,"DF,MF",ru CSKA Moscow,28,1986,2,165,83,30.6,1.8,2,,1,0,,4,1.17,1,3,-2,-1.09,-1.09,Matches
488,Nacho,es ESP,DF,es Real Madrid,25,1990,5,358,72,29.8,4.0,3,,3,2,,4,3.00,17,3,+14,+3.52,+2.66,Matches
489,Radja Nainggolan,be BEL,MF,it Roma,27,1988,7,586,84,81.4,6.5,7,,6,0,,0,0.86,10,15,-5,-0.77,+1.92,Matches
490,Naldo,br BRA,DF,de Wolfsburg,32,1982,8,720,90,80.0,8.0,8,,8,0,,0,1.88,11,9,+2,+0.25,-0.75,Matches
491,Luciano Narsingh,nl NED,"FW,MF",nl PSV Eindhoven,24,1990,7,438,63,58.4,4.9,6,,3,1,,0,1.14,5,6,-1,-0.21,-0.78,Matches
492,Samir Nasri,fr FRA,"FW,MF",eng Manchester City,28,1987,1,84,84,7.8,0.9,1,,0,0,,0,0.00,1,2,-1,-1.07,-1.70,Matches
493,Bibras Natkho,il ISR,MF,ru CSKA Moscow,27,1988,5,292,58,54.1,3.2,4,,1,1,,0,0.88,4,5,-1,-0.31,+0.05,Matches
494,Jesús Navas,es ESP,"DF,FW",eng Manchester City,29,1985,10,736,74,68.1,8.2,8,,6,2,,1,1.80,12,6,+6,+0.73,+0.73,Matches
495,Keylor Navas,cr CRC,GK,es Real Madrid,28,1986,11,1020,93,85.0,11.3,11,,11,0,,1,2.36,16,3,+13,+1.15,-3.35,Matches
496,Álvaro Negredo,es ESP,FW,es Valencia,29,1985,3,199,66,36.9,2.2,2,,1,1,,0,1.20,3,4,-1,-0.45,+0.08,Matches
497,Wellington Nem,br BRA,"FW,MF",ua Shakhtar,23,1992,0,,,,,0,,0,0,,1,,,,,,,Matches
498,Neto,br BRA,GK,it Juventus,26,1989,0,,,,,0,,0,0,,8,,,,,,,Matches
499,Luís Neto,pt POR,DF,ru Zenit,27,1988,7,403,58,56.0,4.5,4,,3,3,,1,2.14,7,4,+3,+0.67,+0.10,Matches
500,Renato Neto,br BRA,MF,be Gent,23,1991,8,720,90,100.0,8.0,8,,8,0,,0,1.25,10,11,-1,-0.12,,Matches
501,Manuel Neuer,de GER,GK,de Bayern Munich,29,1986,11,1020,93,91.9,11.3,11,,11,0,,0,2.09,28,11,+17,+1.50,-0.50,Matches
502,Rúben Neves,pt POR,MF,pt Porto,18,1997,6,471,79,87.2,5.2,5,,4,1,,0,1.67,9,6,+3,+0.57,+3.18,Matches
503,Neymar,br BRA,"FW,MF",es Barcelona,23,1992,9,810,90,90.0,9.0,9,,9,0,,0,2.44,21,7,+14,+1.56,+1.56,Matches
504,Lasse Nielsen,dk DEN,DF,be Gent,27,1988,8,720,90,100.0,8.0,8,,8,0,,0,1.25,10,11,-1,-0.12,,Matches
505,Saúl Ñíguez,es ESP,"DF,MF",es Atlético Madrid,20,1994,13,1044,80,84.9,11.6,11,,6,2,,0,1.77,14,6,+8,+0.69,+0.21,Matches
506,Nemanja Nikolić,me MNE,MF,by BATE Borisov,27,1988,5,265,53,49.1,2.9,3,,0,2,,1,1.44,3,5,-2,-0.68,+0.30,Matches
507,Christopher Nkunku,fr FRA,"FW,MF",fr Paris S-G,17,1997,1,3,3,0.3,0.0,0,,0,1,,0,3.00,0,0,0,0.00,-1.20,Matches
508,Håvard Nordtveit,no NOR,"DF,MF",de Gladbach,25,1990,6,369,62,68.3,4.1,4,,4,2,,0,0.83,7,11,-4,-0.98,-0.98,Matches
509,Tanat Nusserbayev,kz KAZ,"FW,MF",kz FC Astana,28,1987,2,28,14,5.2,0.3,0,,0,2,,0,1.63,1,1,0,0.00,+0.53,Matches
510,Steven Nzonzi,fr FRA,MF,es Sevilla,26,1988,5,284,57,52.6,3.2,3,,2,2,,1,1.20,6,5,+1,+0.32,+1.72,Matches
511,John Obi Mikel,ng NGA,MF,eng Chelsea,28,1987,4,246,62,34.2,2.7,3,,2,1,,2,0.75,3,6,-3,-1.10,-3.19,Matches
512,Jan Oblak,si SVN,GK,es Atlético Madrid,22,1993,13,1230,95,100.0,13.7,13,,13,0,,0,1.77,17,8,+9,+0.66,,Matches
513,Hervin Ongenda,fr FRA,"FW,MF",fr Paris S-G,20,1995,0,,,,,0,,0,0,,2,,,,,,,Matches
514,Lucas Orbán,ar ARG,DF,es Valencia,26,1989,1,90,90,16.7,1.0,1,,1,0,,2,3.00,1,0,+1,+1.00,+1.80,Matches
515,Ivan Ordets,ua UKR,DF,ua Shakhtar,23,1992,1,90,90,16.7,1.0,1,,1,0,,4,1.33,3,4,-1,-1.00,-0.60,Matches
516,Oscar,br BRA,"FW,MF",eng Chelsea,23,1991,7,362,52,50.3,4.0,4,,1,3,,0,1.86,10,2,+8,+1.99,+1.99,Matches
517,David Ospina,co COL,GK,eng Arsenal,26,1988,3,270,90,37.5,3.0,3,,3,0,,3,0.00,4,8,-4,-1.33,-1.73,Matches
518,Dani Osvaldo,it ITA,FW,pt Porto,29,1986,3,27,9,5.0,0.3,0,,0,3,,1,1.33,0,0,0,0.00,-0.18,Matches
519,Nicolás Otamendi,ar ARG,DF,eng Manchester City,27,1988,12,939,78,86.9,10.4,11,,10,1,,0,1.75,17,11,+6,+0.58,+0.58,Matches
520,Alex Oxlade-Chamberlain,eng ENG,"FW,MF",eng Arsenal,21,1993,5,238,48,33.1,2.6,3,,1,2,,0,1.20,4,5,-1,-0.38,-0.19,Matches
521,Mesut Özil,de GER,MF,eng Arsenal,26,1988,8,720,90,100.0,8.0,8,,8,0,,0,1.13,13,15,-2,-0.25,,Matches
522,Yasin Öztekin,tr TUR,MF,tr Galatasaray,28,1987,6,392,65,72.6,4.4,4,,1,2,,0,0.83,5,6,-1,-0.23,+1.59,Matches
523,Dzyanis Palyakow,by BLR,DF,by BATE Borisov,24,1991,6,506,84,93.7,5.6,6,,5,0,,0,1.00,5,12,-7,-1.25,-6.54,Matches
524,Kirill Panchenko,ru RUS,"FW,MF",ru CSKA Moscow,25,1989,4,12,3,2.2,0.1,0,,0,4,,1,1.00,0,0,0,0.00,+0.34,Matches
525,Kyriakos Papadopoulos,gr GRE,"DF,MF",de Leverkusen,23,1992,5,360,72,66.7,4.0,4,,4,1,,0,1.14,11,10,+1,+0.25,-0.75,Matches
526,Felipe Pardo,co COL,"FW,MF",gr Olympiacos,24,1990,6,433,72,80.2,4.8,5,,1,1,,0,1.50,6,9,-3,-0.62,+2.74,Matches
527,Daniel Parejo,es ESP,MF,es Valencia,26,1989,6,518,86,95.9,5.8,6,,5,0,,0,1.13,4,9,-5,-0.87,-9.05,Matches
528,Thomas Partey,gh GHA,"DF,MF",es Atlético Madrid,22,1993,5,47,9,3.8,0.5,0,,0,5,,2,1.20,1,0,+1,+1.91,+1.31,Matches
529,Javier Pastore,ar ARG,MF,fr Paris S-G,26,1989,6,97,16,10.8,1.1,0,,0,6,,0,2.17,1,1,0,0.00,-1.34,Matches
530,Remko Pasveer,nl NED,GK,nl PSV Eindhoven,31,1983,0,,,,,0,,0,0,,8,,,,,,,Matches
531,Gabriel Paulista,br BRA,DF,eng Arsenal,24,1990,4,360,90,50.0,4.0,4,,4,0,,2,0.00,5,13,-8,-2.00,-3.50,Matches
532,Domagoj Pavičić,hr CRO,MF,hr Dinamo Zagreb,21,1994,1,9,9,1.7,0.1,0,,0,1,,2,0.00,0,0,0,0.00,+0.68,Matches
533,Nicklas Pedersen,dk DEN,FW,be Gent,27,1987,1,10,10,1.4,0.1,0,,0,1,,1,0.00,0,0,0,0.00,+0.13,Matches
534,Pedro,es ESP,"FW,MF",eng Chelsea,28,1987,6,294,49,40.8,3.3,3,,2,3,,0,1.50,7,6,+1,+0.31,-1.17,Matches
535,Stefano Pellini,it ITA,MF,it Juventus,17,1997,0,,,,,0,,0,0,,1,,,,,,,Matches
536,Pepe,pt POR,"DF,MF",es Real Madrid,32,1983,9,757,84,63.1,8.4,8,,7,1,,1,2.44,19,6,+13,+1.55,-0.28,Matches
537,Andreas Pereira,br BRA,MF,eng Manchester Utd,19,1996,1,28,28,5.2,0.3,0,,0,1,,3,3.00,0,0,0,0.00,-1.05,Matches
538,Danilo Pereira,pt POR,"DF,FW",pt Porto,23,1991,6,486,81,90.0,5.4,5,,5,1,,0,1.67,7,8,-1,-0.19,-3.52,Matches
539,Maxi Pereira,uy URU,DF,pt Porto,31,1984,6,463,77,85.7,5.1,6,,4,0,,0,1.67,9,7,+2,+0.39,+1.56,Matches
540,Gastón Pereiro,uy URU,"FW,MF",nl PSV Eindhoven,20,1995,6,254,42,33.9,2.8,2,,0,4,,1,1.33,3,1,+2,+0.71,+0.89,Matches
541,Dor Peretz,il ISR,MF,il Maccabi Tel Aviv,20,1995,6,389,65,72.0,4.3,4,,3,2,,0,0.25,1,12,-11,-2.54,-2.54,Matches
542,Roberto Pereyra,ar ARG,"DF,FW",it Juventus,24,1991,2,61,31,8.1,0.7,0,,0,2,,3,0.50,0,3,-3,-4.43,-4.95,Matches
543,Enzo Pérez,ar ARG,MF,es Valencia,29,1986,5,361,72,66.9,4.0,5,,2,0,,1,0.86,3,5,-2,-0.50,0.00,Matches
544,Diego Perotti,ar ARG,"FW,MF",it Roma,27,1988,2,180,90,25.0,2.0,2,,2,0,,0,0.00,0,4,-4,-2.00,-1.17,Matches
545,Radosav Petrović,rs SRB,"DF,MF",ua Dynamo Kyiv,26,1989,0,,,,,0,,0,0,,6,,,,,,,Matches
546,Pablo Piatti,ar ARG,"FW,MF",es Valencia,26,1989,5,224,45,41.5,2.5,2,,1,3,,0,1.29,2,4,-2,-0.80,-0.52,Matches
547,Igor Pikalkin,kz KAZ,"DF,MF",kz FC Astana,23,1992,0,,,,,0,,0,0,,3,,,,,,,Matches
548,Ivo Pinto,pt POR,DF,hr Dinamo Zagreb,25,1990,3,270,90,50.0,3.0,3,,3,0,,0,1.50,2,6,-4,-1.33,-1.33,Matches
549,Gerard Piqué,es ESP,DF,es Barcelona,28,1987,7,596,85,66.2,6.6,7,,6,0,,1,2.29,13,5,+8,+1.21,-0.57,Matches
550,Josip Pivarić,hr CRO,DF,hr Dinamo Zagreb,26,1989,5,439,88,81.3,4.9,5,,4,0,,0,1.36,3,10,-7,-1.44,-4.11,Matches
551,Pizzi,pt POR,"FW,MF",pt Benfica,25,1989,10,533,53,59.2,5.9,6,,2,4,,0,1.70,4,8,-4,-0.68,-2.39,Matches
552,Marko Pjaca,hr CRO,"FW,MF",hr Dinamo Zagreb,20,1995,6,385,64,71.3,4.3,4,,1,2,,0,1.25,3,12,-9,-2.10,-5.01,Matches
553,Miralem Pjanić,ba BIH,MF,it Roma,25,1990,7,571,82,79.3,6.3,7,,5,0,,0,0.71,9,16,-7,-1.10,+0.10,Matches
554,Lukas Podolski,de GER,"FW,MF",tr Galatasaray,30,1985,6,499,83,92.4,5.5,6,,4,0,,0,0.83,5,8,-3,-0.54,+1.65,Matches
555,Paul Pogba,fr FRA,MF,it Juventus,22,1993,8,750,94,100.0,8.3,8,,8,0,,0,1.50,10,9,+1,+0.12,,Matches
556,Marko Poletanović,rs SRB,MF,be Gent,22,1993,0,,,,,0,,0,0,,4,,,,,,,Matches
557,Yevgeny Postnikov,kz KAZ,DF,kz FC Astana,29,1986,6,540,90,100.0,6.0,6,,6,0,,0,1.25,5,11,-6,-1.00,,Matches
558,Simon Poulsen,dk DEN,DF,nl PSV Eindhoven,30,1984,2,87,44,11.6,1.0,1,,0,1,,2,0.00,0,2,-2,-2.07,-2.48,Matches
559,Nick Powell,eng ENG,"FW,MF",eng Manchester Utd,21,1994,1,21,21,3.9,0.2,0,,0,1,,0,0.00,1,1,0,0.00,-1.04,Matches
560,Davy Pröpper,nl NED,MF,nl PSV Eindhoven,23,1991,8,750,94,100.0,8.3,8,,8,0,,0,1.38,8,7,+1,+0.12,,Matches
561,Alan Pulido,mx MEX,FW,gr Olympiacos,24,1991,0,,,,,0,,0,0,,2,,,,,,,Matches
562,Leandro Putaro,de GER,"FW,MF",de Wolfsburg,18,1997,1,1,1,0.1,0.0,0,,0,1,,1,3.00,0,0,0,0.00,-0.40,Matches
563,Andriy Pyatov,ua UKR,GK,ua Shakhtar,31,1984,4,360,90,66.7,4.0,4,,4,0,,2,1.00,3,12,-9,-2.25,-5.25,Matches
564,Adrien Rabiot,fr FRA,MF,fr Paris S-G,20,1995,7,520,74,57.8,5.8,5,,4,2,,3,1.86,11,5,+6,+1.04,-0.38,Matches
565,Dejan Radonjić,hr CRO,FW,il Maccabi Tel Aviv,25,1990,1,26,26,4.8,0.3,0,,0,1,,0,0.00,0,1,-1,-3.46,-1.71,Matches
566,Rafael,br BRA,"DF,MF",fr Lyon,25,1990,5,338,68,62.6,3.8,4,,2,1,,0,0.80,4,5,-1,-0.27,+1.07,Matches
567,Raffael,br BRA,"FW,MF",de Gladbach,30,1985,6,518,86,95.9,5.8,6,,4,0,,0,0.83,8,11,-3,-0.52,+3.57,Matches
568,Rafinha,br BRA,DF,de Bayern Munich,29,1985,4,225,56,20.3,2.5,2,,2,2,,7,2.25,6,2,+4,+1.60,+0.07,Matches
569,Rafinha,br BRA,MF,es Barcelona,22,1993,2,31,16,3.4,0.3,0,,0,2,,0,2.00,1,0,+1,+2.90,+1.56,Matches
570,Rafinha,br BRA,"DF,FW",be Gent,33,1982,6,270,45,37.5,3.0,3,,1,3,,2,1.67,4,4,0,0.00,+0.20,Matches
571,Baba Rahman,gh GHA,"DF,MF",eng Chelsea,21,1994,4,360,90,50.0,4.0,4,,4,0,,3,2.25,11,3,+8,+2.00,+2.00,Matches
572,Predrag Rajković,rs SRB,GK,il Maccabi Tel Aviv,19,1995,6,540,90,100.0,6.0,6,,6,0,,0,0.00,1,16,-15,-2.50,,Matches
573,Erdal Rakip,mk MKD,MF,se Malmö,19,1996,5,181,36,33.5,2.0,1,,0,4,,1,1.30,0,13,-13,-6.46,-5.46,Matches
574,Ivan Rakitić,hr CRO,MF,es Barcelona,27,1988,10,699,70,77.7,7.8,9,,3,1,,0,2.30,15,7,+8,+1.03,-1.66,Matches
575,Yaroslav Rakitskiy,ua UKR,DF,ua Shakhtar,25,1989,6,540,90,100.0,6.0,6,,6,0,,0,1.10,7,14,-7,-1.17,,Matches
576,Oz Raly,il ISR,"DF,MF",il Maccabi Tel Aviv,27,1987,0,,,,,0,,0,0,,1,,,,,,,Matches
577,André Ramalho,br BRA,DF,de Leverkusen,23,1992,1,90,90,16.7,1.0,1,,1,0,,5,2.00,1,1,0,0.00,-0.60,Matches
578,Benito Raman,be BEL,"FW,MF",be Gent,20,1994,4,80,20,11.1,0.9,0,,0,4,,1,1.75,1,0,+1,+1.13,+1.41,Matches
579,Adil Rami,fr FRA,DF,es Sevilla,29,1985,4,360,90,66.7,4.0,4,,4,0,,0,0.75,5,9,-4,-1.00,-1.50,Matches
580,Ramires,br BRA,MF,eng Chelsea,28,1987,5,368,74,51.1,4.1,4,,3,1,,0,2.00,6,3,+3,+0.73,-0.54,Matches
581,Sandro Ramírez,es ESP,"FW,MF",es Barcelona,20,1995,3,173,58,19.2,1.9,2,,1,1,,2,2.33,1,2,-1,-0.52,-2.38,Matches
582,Sergio Ramos,es ESP,DF,es Real Madrid,29,1986,10,899,90,74.9,10.0,10,,9,0,,0,2.30,12,3,+9,+0.90,-2.99,Matches
583,Aaron Ramsey,wls WAL,MF,eng Arsenal,24,1990,5,293,59,40.7,3.3,3,,2,2,,0,1.80,5,3,+2,+0.61,+1.46,Matches
584,Jeff Reine-Adélaïde,fr FRA,"FW,MF",eng Arsenal,17,1998,0,,,,,0,,0,0,,2,,,,,,,Matches
585,Loïc Rémy,fr FRA,FW,eng Chelsea,28,1987,3,101,34,14.0,1.1,1,,1,2,,3,3.00,5,0,+5,+4.46,+4.02,Matches
586,Franck Ribéry,fr FRA,"FW,MF",de Bayern Munich,32,1983,7,449,64,40.5,5.0,5,,2,2,,0,2.00,7,5,+2,+0.40,-1.91,Matches
587,Sergio Rico,es ESP,GK,es Sevilla,21,1993,6,540,90,100.0,6.0,6,,6,0,,0,1.00,8,11,-3,-0.50,,Matches
588,Avi Rikan,il ISR,MF,il Maccabi Tel Aviv,26,1988,6,458,76,84.8,5.1,5,,4,1,,0,0.50,1,13,-12,-2.36,-3.46,Matches
589,Artur Rimovič Jusupov,ru RUS,"FW,MF",ru Zenit,25,1989,6,166,28,23.1,1.8,1,,1,5,,2,2.00,3,4,-1,-0.54,-1.52,Matches
590,Alexei Rios,by BLR,"DF,MF",by BATE Borisov,28,1987,3,63,21,11.7,0.7,1,,0,2,,2,1.29,1,1,0,0.00,+0.94,Matches
591,Arjen Robben,nl NED,"FW,MF",de Bayern Munich,31,1984,3,159,53,14.3,1.8,2,,1,1,,0,2.33,6,3,+3,+1.70,+0.18,Matches
592,Roberto,es ESP,GK,gr Olympiacos,29,1986,6,540,90,100.0,6.0,6,,6,0,,0,1.50,6,13,-7,-1.17,,Matches
593,Sergi Roberto,es ESP,"DF,MF",es Barcelona,23,1992,8,334,42,37.1,3.7,4,,2,4,,1,2.38,12,2,+10,+2.69,+2.06,Matches
594,Sebastian Rode,de GER,MF,de Bayern Munich,24,1990,1,90,90,8.1,1.0,1,,1,0,,5,3.00,2,0,+2,+2.00,+0.50,Matches
595,Vladimir Rodić,me MNE,"DF,MF",se Malmö,21,1993,6,384,64,71.1,4.3,4,,1,2,,0,0.90,1,14,-13,-3.05,-0.74,Matches
596,Rodrigo,es ESP,"FW,MF",es Valencia,24,1991,3,60,20,11.1,0.7,0,,0,3,,0,1.80,2,1,+1,+1.50,+2.25,Matches
597,Francisco Rodríguez Araya,ch SUI,MF,de Wolfsburg,19,1995,0,,,,,0,,0,0,,1,,,,,,,Matches
598,James Rodríguez,co COL,"FW,MF",es Real Madrid,24,1991,5,265,53,22.1,2.9,3,,1,2,,5,2.40,9,0,+9,+3.06,+1.81,Matches
599,José Rodríguez,es ESP,MF,tr Galatasaray,20,1994,3,30,10,5.6,0.3,0,,0,3,,2,1.67,1,2,-1,-3.00,-2.47,Matches
600,Ricardo Rodríguez,ch SUI,"DF,MF",de Wolfsburg,22,1992,9,736,82,81.8,8.2,9,,8,0,,0,2.00,11,10,+1,+0.12,-1.52,Matches
601,Marko Rog,hr CRO,MF,hr Dinamo Zagreb,20,1995,6,385,64,71.3,4.3,4,,2,2,,0,1.25,1,8,-7,-1.64,-3.38,Matches
602,Marcos Rojo,ar ARG,DF,eng Manchester Utd,25,1990,4,309,77,57.2,3.4,3,,2,1,,0,1.25,2,3,-1,-0.29,-3.02,Matches
603,Sergio Romero,ar ARG,GK,eng Manchester Utd,28,1987,0,,,,,0,,0,0,,6,,,,,,,Matches
604,Cristiano Ronaldo,pt POR,"FW,MF",es Real Madrid,30,1985,12,1109,92,92.4,12.3,12,,11,0,,0,2.58,28,6,+22,+1.79,+1.79,Matches
605,Wayne Rooney,eng ENG,"FW,MF",eng Manchester Utd,29,1985,4,360,90,66.7,4.0,4,,4,0,,0,2.33,4,2,+2,+0.50,-1.50,Matches
606,Lindsay Rose,mu MRI,DF,fr Lyon,23,1992,0,,,,,0,,0,0,,1,,,,,,,Matches
607,Markus Rosenberg,se SWE,FW,se Malmö,32,1982,5,450,90,83.3,5.0,5,,5,0,,0,1.30,1,13,-12,-2.40,+2.60,Matches
608,Antonio Rüdiger,de GER,DF,it Roma,22,1993,6,540,90,75.0,6.0,6,,6,0,,0,1.00,9,15,-6,-1.00,+0.50,Matches
609,Artur Rudko,ua UKR,GK,ua Dynamo Kyiv,23,1992,0,,,,,0,,0,0,,2,,,,,,,Matches
610,Daniele Rugani,it ITA,DF,it Juventus,21,1994,1,2,2,0.3,0.0,0,,0,1,,5,3.00,0,0,0,0.00,-0.12,Matches
611,Mathew Ryan,au AUS,GK,es Valencia,23,1992,0,,,,,0,,0,0,,2,,,,,,,Matches
612,Aleksandr Ryazantsev,ru RUS,MF,ru Zenit,28,1986,5,77,15,10.7,0.9,1,,0,4,,1,2.40,0,1,-1,-1.17,-2.01,Matches
613,Serhiy Rybalka,ua UKR,MF,ua Dynamo Kyiv,25,1990,7,630,90,87.5,7.0,7,,7,0,,0,1.57,9,7,+2,+0.29,+0.29,Matches
614,Oleksandr Rybka,ua UKR,GK,ua Dynamo Kyiv,28,1987,1,90,90,12.5,1.0,1,,1,0,,5,1.00,2,2,0,0.00,-0.29,Matches
615,Bacary Sagna,fr FRA,DF,eng Manchester City,32,1983,11,909,83,84.2,10.1,10,,10,1,,0,1.82,15,10,+5,+0.50,-0.03,Matches
616,Kenny Saief,us USA,"DF,MF",be Gent,21,1993,7,355,51,49.3,3.9,4,,2,3,,0,1.29,6,6,0,0.00,+0.25,Matches
617,Mohamed Salah,eg EGY,"FW,MF",it Roma,23,1992,7,543,78,75.4,6.0,6,,5,1,,0,0.86,9,12,-3,-0.50,+2.55,Matches
618,Leandro Salino,br BRA,"DF,MF",gr Olympiacos,30,1985,4,199,50,36.9,2.2,2,,2,2,,2,1.50,3,5,-2,-0.90,+0.42,Matches
619,Eduardo Salvio,ar ARG,"FW,MF",pt Benfica,25,1990,3,92,31,10.2,1.0,1,,0,2,,0,1.33,3,2,+1,+0.98,+0.76,Matches
620,Andreas Samaris,gr GRE,MF,pt Benfica,26,1989,7,493,70,54.8,5.5,6,,3,1,,2,1.86,9,6,+3,+0.55,+0.55,Matches
621,Sergi Samper,es ESP,MF,es Barcelona,20,1995,2,134,67,14.9,1.5,1,,1,1,,0,2.00,4,2,+2,+1.34,-0.07,Matches
622,Tobias Sana,se SWE,"FW,MF",se Malmö,26,1989,1,64,64,11.9,0.7,1,,0,0,,3,0.80,0,6,-6,-8.44,-6.36,Matches
623,Renato Sanches,pt POR,MF,pt Benfica,17,1997,6,540,90,60.0,6.0,6,,6,0,,1,1.33,8,8,0,0.00,-0.75,Matches
624,Alexis Sánchez,cl CHI,"FW,MF",eng Arsenal,26,1988,7,622,89,86.4,6.9,7,,6,0,,0,0.86,9,15,-6,-0.87,-4.54,Matches
625,Alex Sandro,br BRA,"DF,MF",it Juventus,24,1991,5,392,78,52.3,4.4,4,,3,1,,2,1.40,4,5,-1,-0.23,-0.73,Matches
626,Aderlan Santos,br BRA,DF,es Valencia,26,1989,3,211,70,39.1,2.3,2,,2,1,,2,2.00,2,2,0,0.00,+0.82,Matches
627,Gonçalo Santos,pt POR,MF,hr Dinamo Zagreb,28,1986,5,404,81,74.8,4.5,4,,4,1,,0,0.89,1,9,-8,-1.78,-4.43,Matches
628,Nuno Santos,pt POR,"DF,FW",pt Benfica,20,1995,0,,,,,0,,0,0,,2,,,,,,,Matches
629,Sabri Sarıoğlu,tr TUR,"DF,MF",tr Galatasaray,31,1984,6,406,68,75.2,4.5,5,,4,1,,0,0.83,4,8,-4,-0.89,-0.89,Matches
630,Stefan Savić,me MNE,"DF,MF",es Atlético Madrid,24,1991,7,480,69,39.0,5.3,5,,5,2,,4,1.86,8,2,+6,+1.13,+0.77,Matches
631,Stijn Schaars,nl NED,MF,nl PSV Eindhoven,31,1984,1,18,18,2.4,0.2,0,,0,1,,7,3.00,0,0,0,0.00,-0.12,Matches
632,Marcel Schäfer,de GER,"DF,MF",de Wolfsburg,31,1984,5,175,35,19.4,1.9,1,,1,4,,5,3.00,4,2,+2,+1.03,+0.78,Matches
633,Morgan Schneiderlin,fr FRA,MF,eng Manchester Utd,25,1989,3,270,90,50.0,3.0,3,,3,0,,1,2.00,3,2,+1,+0.33,-1.33,Matches
634,Marvin Schulz,de GER,"DF,MF",de Gladbach,20,1995,2,35,18,6.5,0.4,0,,0,2,,3,1.50,1,5,-4,-10.29,-10.29,Matches
635,Nico Schulz,de GER,"DF,FW",de Gladbach,22,1993,1,17,17,3.1,0.2,0,,0,1,,1,0.00,0,1,-1,-5.29,-4.78,Matches
636,André Schürrle,de GER,"FW,MF",de Wolfsburg,24,1990,10,599,60,66.6,6.7,6,,2,4,,0,2.10,11,8,+3,+0.45,+0.15,Matches
637,Bastian Schweinsteiger,de GER,"DF,MF",eng Manchester Utd,30,1984,6,424,71,78.5,4.7,6,,1,0,,0,1.75,5,6,-1,-0.21,-5.64,Matches
638,Sebá,br BRA,"FW,MF",gr Olympiacos,23,1992,6,429,72,79.4,4.8,5,,2,1,,0,1.50,6,12,-6,-1.26,-0.45,Matches
639,Paul Seguin,de GER,"DF,MF",de Wolfsburg,20,1995,0,,,,,0,,0,0,,1,,,,,,,Matches
640,Matz Sels,be BEL,GK,be Gent,23,1992,8,720,90,100.0,8.0,8,,8,0,,0,1.25,10,11,-1,-0.12,,Matches
641,Nélson Semedo,pt POR,"DF,MF",pt Benfica,21,1993,3,270,90,30.0,3.0,3,,3,0,,3,3.00,6,2,+4,+1.33,+1.48,Matches
642,Ryu Seung-woo,kr KOR,"FW,MF",de Leverkusen,21,1993,0,,,,,0,,0,0,,1,,,,,,,Matches
643,Stephan El Shaarawy,it ITA,"DF,FW",it Roma,22,1992,2,138,69,19.2,1.5,2,,0,0,,0,0.00,0,3,-3,-1.96,-1.03,Matches
644,Oleg Shatov,ru RUS,"FW,MF",ru Zenit,25,1990,7,486,69,67.5,5.4,5,,2,2,,1,2.14,11,5,+6,+1.11,+1.50,Matches
645,Luke Shaw,eng ENG,"DF,MF",eng Manchester Utd,20,1995,1,24,24,4.4,0.3,1,,0,0,,0,2.00,0,0,0,0.00,-1.05,Matches
646,Georgi Shchennikov,ru RUS,"DF,MF",ru CSKA Moscow,24,1991,4,360,90,66.7,4.0,4,,4,0,,0,1.33,4,5,-1,-0.25,+0.25,Matches
647,Aleksey Shchetkin,kz KAZ,FW,kz FC Astana,24,1991,5,141,28,26.1,1.6,1,,0,4,,0,0.71,0,5,-5,-3.19,-3.64,Matches
648,Vyacheslav Shevchuk,ua UKR,DF,ua Shakhtar,36,1979,1,90,90,16.7,1.0,1,,1,0,,0,1.33,0,3,-3,-3.00,-3.00,Matches
649,Dmitriy Shomko,kz KAZ,DF,kz FC Astana,25,1990,5,450,90,83.3,5.0,5,,5,0,,0,1.36,5,7,-2,-0.40,+0.60,Matches
650,Oleksandr Shovkovskiy,ua UKR,GK,ua Dynamo Kyiv,40,1975,7,630,90,87.5,7.0,7,,7,0,,1,1.57,7,5,+2,+0.29,+0.29,Matches
651,Leonardo Sigali,ar ARG,DF,hr Dinamo Zagreb,28,1987,4,280,70,51.9,3.1,3,,3,1,,0,1.56,2,7,-5,-1.61,-1.95,Matches
652,Mikalay Signevich,by BLR,FW,by BATE Borisov,23,1992,3,259,86,48.0,2.9,3,,2,0,,0,1.38,4,8,-4,-1.39,-1.07,Matches
653,André Silva,pt POR,FW,pt Porto,19,1995,0,,,,,0,,0,0,,1,,,,,,,Matches
654,Danilo da Silva,br BRA,DF,ua Dynamo Kyiv,28,1986,6,516,86,71.7,5.7,6,,5,0,,1,1.83,8,4,+4,+0.70,+1.58,Matches
655,David Silva,es ESP,"FW,MF",eng Manchester City,29,1986,8,629,79,58.2,7.0,8,,3,0,,0,1.88,12,8,+4,+0.57,+0.17,Matches
656,Eduardo da Silva,hr CRO,FW,ua Shakhtar,32,1983,3,141,47,26.1,1.6,1,,0,2,,3,1.57,3,1,+2,+1.28,+2.40,Matches
657,Thiago Silva,br BRA,DF,fr Paris S-G,30,1984,9,810,90,90.0,9.0,9,,9,0,,0,1.89,16,6,+10,+1.11,-0.89,Matches
658,Sílvio,pt POR,DF,pt Benfica,27,1987,3,237,79,26.3,2.6,3,,1,0,,4,1.33,4,5,-1,-0.38,-0.92,Matches
659,Moses Simon,ng NGA,"FW,MF",be Gent,20,1995,5,293,59,40.7,3.3,4,,0,1,,3,0.80,3,5,-2,-0.61,-0.83,Matches
660,Dimitris Siovas,gr GRE,"DF,MF",gr Olympiacos,26,1988,6,540,90,100.0,6.0,6,,6,0,,0,1.50,6,13,-7,-1.17,,Matches
661,Tobias Sippel,de GER,GK,de Gladbach,27,1988,0,,,,,0,,0,0,,3,,,,,,,Matches
662,Guilherme Siqueira,br BRA,"DF,MF",es Atlético Madrid,29,1986,3,270,90,22.0,3.0,3,,3,0,,2,2.33,6,0,+6,+2.00,+1.72,Matches
663,Salvatore Sirigu,it ITA,GK,fr Paris S-G,28,1987,0,,,,,0,,0,0,,10,,,,,,,Matches
664,Maicon Sisenando,br BRA,DF,it Roma,34,1981,3,114,38,15.8,1.3,1,,1,2,,5,1.00,1,6,-5,-3.95,-3.35,Matches
665,Chris Smalling,eng ENG,DF,eng Manchester Utd,25,1989,6,540,90,100.0,6.0,6,,6,0,,0,1.75,7,7,0,0.00,,Matches
666,Igor Smolnikov,ru RUS,"DF,MF",ru Zenit,26,1988,5,273,55,37.9,3.0,3,,1,2,,0,2.40,6,4,+2,+0.66,+0.06,Matches
667,Wesley Sneijder,nl NED,MF,tr Galatasaray,31,1984,6,540,90,100.0,6.0,6,,6,0,,0,0.83,6,10,-4,-0.67,,Matches
668,Edoardo Soleri,it ITA,FW,it Roma,17,1997,1,1,1,0.1,0.0,0,,0,1,,0,0.00,0,0,0,0.00,+1.13,Matches
669,Yann Sommer,ch SUI,GK,de Gladbach,26,1988,6,540,90,100.0,6.0,6,,6,0,,0,0.83,8,12,-4,-0.67,,Matches
670,David Soria,es ESP,GK,es Sevilla,22,1993,0,,,,,0,,0,0,,6,,,,,,,Matches
671,Artem Soroko,by BLR,GK,by BATE Borisov,23,1992,0,,,,,0,,0,0,,6,,,,,,,Matches
672,Hillel Soudani,dz ALG,"FW,MF",hr Dinamo Zagreb,27,1987,5,393,79,72.8,4.4,4,,4,1,,0,1.36,2,10,-8,-1.83,-4.28,Matches
673,Damir Šovšić,ba BIH,MF,hr Dinamo Zagreb,25,1990,0,,,,,0,,0,0,,3,,,,,,,Matches
674,Yuval Spungin,il ISR,DF,il Maccabi Tel Aviv,28,1987,1,71,71,13.1,0.8,1,,0,0,,1,1.33,0,3,-3,-3.80,-2.27,Matches
675,Darijo Srna,hr CRO,"DF,MF",ua Shakhtar,33,1982,5,450,90,83.3,5.0,5,,5,0,,0,1.22,4,10,-6,-1.20,-4.20,Matches
676,Benjamin Stambouli,fr FRA,"DF,MF",fr Paris S-G,24,1990,2,111,56,12.3,1.2,1,,1,1,,5,3.00,3,0,+3,+2.43,+1.41,Matches
677,Tom Starke,de GER,GK,de Bayern Munich,34,1981,0,,,,,0,,0,0,,1,,,,,,,Matches
678,Ihar Stasevich,by BLR,"FW,MF",by BATE Borisov,29,1985,5,450,90,83.3,5.0,5,,5,0,,0,1.22,4,11,-7,-1.40,-3.40,Matches
679,Taras Stepanenko,ua UKR,MF,ua Shakhtar,25,1989,5,410,82,75.9,4.6,5,,4,0,,0,1.22,7,8,-1,-0.22,+1.17,Matches
680,Raheem Sterling,eng ENG,"FW,MF",eng Manchester City,20,1994,10,578,58,53.5,6.4,6,,3,4,,0,1.70,15,7,+8,+1.25,+1.60,Matches
681,Lars Stindl,de GER,"FW,MF",de Gladbach,26,1988,6,517,86,95.7,5.7,6,,5,0,,0,0.83,8,11,-3,-0.52,+3.39,Matches
682,Stefano Sturaro,it ITA,MF,it Juventus,22,1993,6,430,72,57.3,4.8,4,,3,2,,0,1.33,5,7,-2,-0.42,-1.26,Matches
683,Luis Suárez,uy URU,FW,es Barcelona,28,1987,9,810,90,90.0,9.0,9,,9,0,,1,2.44,21,7,+14,+1.56,+1.56,Matches
684,Serhiy Sydorchuk,ua UKR,MF,ua Dynamo Kyiv,24,1991,6,426,71,59.2,4.7,5,,3,1,,0,1.83,5,1,+4,+0.85,+1.46,Matches
685,Wojciech Szczęsny,pl POL,GK,it Roma,25,1990,8,680,85,94.4,7.6,8,,7,0,,0,0.75,11,20,-9,-1.19,-1.19,Matches
686,Adel Taarabt,ma MAR,"FW,MF",pt Benfica,26,1989,0,,,,,0,,0,0,,1,,,,,,,Matches
687,Jonathan Tah,de GER,DF,de Leverkusen,19,1996,6,540,90,100.0,6.0,6,,6,0,,0,1.13,13,12,+1,+0.17,,Matches
688,Taison,br BRA,"FW,MF",ua Shakhtar,27,1988,5,257,51,47.6,2.9,3,,0,2,,0,1.22,4,7,-3,-1.05,-1.05,Matches
689,Talisca,br BRA,"FW,MF",pt Benfica,21,1994,5,214,43,23.8,2.4,2,,0,3,,5,2.20,7,1,+6,+2.52,+2.92,Matches
690,Jérémy Taravel,fr FRA,DF,hr Dinamo Zagreb,28,1987,6,540,90,100.0,6.0,6,,6,0,,0,1.27,3,14,-11,-1.83,,Matches
691,Serdar Tasci,de GER,DF,de Bayern Munich,28,1987,0,,,,,0,,0,0,,2,,,,,,,Matches
692,Alex Teixeira,br BRA,"FW,MF",ua Shakhtar,25,1990,6,540,90,100.0,6.0,6,,6,0,,0,1.10,7,14,-7,-1.17,,Matches
693,Cristian Tello,es ESP,"FW,MF",pt Porto,23,1991,5,246,49,45.6,2.7,2,,1,3,,1,1.40,4,4,0,0.00,-0.31,Matches
694,Łukasz Teodorczyk,pl POL,FW,ua Dynamo Kyiv,24,1991,4,97,24,13.5,1.1,2,,0,2,,0,1.75,0,2,-2,-1.86,-2.43,Matches
695,Marc-André ter Stegen,de GER,GK,es Barcelona,23,1992,10,900,90,100.0,10.0,10,,10,0,,0,2.30,22,8,+14,+1.40,,Matches
696,John Terry,eng ENG,DF,eng Chelsea,34,1980,4,342,86,47.5,3.8,4,,3,0,,2,2.50,5,1,+4,+1.05,+0.10,Matches
697,Yannick Thoelen,be BEL,GK,be Gent,25,1990,0,,,,,0,,0,0,,1,,,,,,,Matches
698,Eitan Tibi,il ISR,DF,il Maccabi Tel Aviv,27,1987,5,450,90,83.3,5.0,5,,5,0,,1,0.56,1,12,-11,-2.20,-2.20,Matches
699,Anton Tinnerholm,se SWE,"DF,MF",se Malmö,24,1991,6,540,90,100.0,6.0,6,,6,0,,0,1.08,1,21,-20,-3.33,,Matches
700,Corentin Tolisso,fr FRA,"DF,MF",fr Lyon,20,1994,6,540,90,100.0,6.0,6,,6,0,,0,0.67,5,9,-4,-0.67,,Matches
701,Ömer Toprak,tr TUR,DF,de Leverkusen,26,1989,3,248,83,45.9,2.8,3,,1,0,,0,0.67,5,7,-2,-0.73,-2.27,Matches
702,Vasilis Torosidis,gr GRE,"DF,MF",it Roma,30,1985,4,153,38,21.3,1.7,1,,1,3,,2,1.25,7,4,+3,+1.76,+3.67,Matches
703,Fernando Torres,es ESP,FW,es Atlético Madrid,31,1984,12,675,56,54.9,7.5,6,,4,6,,0,1.67,7,4,+3,+0.40,-0.57,Matches
704,Óliver Torres,es ESP,"FW,MF",es Atlético Madrid,20,1994,7,251,36,20.4,2.8,2,,1,5,,0,2.00,3,3,0,0.00,-0.83,Matches
705,Zoran Tošić,rs SRB,"FW,MF",ru CSKA Moscow,28,1987,6,490,82,90.7,5.4,6,,3,0,,0,1.10,5,8,-3,-0.55,-2.35,Matches
706,Francesco Totti,it ITA,"FW,MF",it Roma,38,1976,2,19,10,2.6,0.2,0,,0,2,,1,0.00,0,0,0,0.00,+1.16,Matches
707,Yaya Touré,ci CIV,MF,eng Manchester City,32,1983,10,743,74,68.8,8.3,9,,7,1,,0,1.90,13,9,+4,+0.48,-0.05,Matches
708,Bertrand Traoré,bf BFA,"FW,MF",eng Chelsea,19,1995,2,43,22,6.0,0.5,0,,0,2,,2,1.50,1,1,0,0.00,-1.06,Matches
709,Ibrahima Traoré,gn GUI,MF,de Gladbach,27,1988,5,287,57,53.1,3.2,4,,2,1,,0,1.00,1,5,-4,-1.25,-1.25,Matches
710,Kevin Trapp,de GER,GK,fr Paris S-G,25,1990,10,900,90,100.0,10.0,10,,10,0,,0,2.00,18,6,+12,+1.20,,Matches
711,Christian Träsch,de GER,"DF,MF",de Wolfsburg,27,1987,8,627,78,69.7,7.0,7,,6,1,,2,2.63,13,6,+7,+1.00,+1.99,Matches
712,Benoît Trémoulinas,fr FRA,DF,es Sevilla,29,1985,6,540,90,100.0,6.0,6,,6,0,,0,1.00,8,11,-3,-0.50,,Matches
713,Tropi,es ESP,MF,es Valencia,20,1995,0,,,,,0,,0,0,,1,,,,,,,Matches
714,Konstantin Troyanov,ru RUS,MF,ru Zenit,19,1995,1,4,4,0.6,0.0,0,,0,1,,1,0.00,0,0,0,0.00,-0.63,Matches
715,Arda Turan,tr TUR,"FW,MF",es Barcelona,28,1987,3,46,15,5.1,0.5,0,,0,3,,0,2.00,1,1,0,0.00,-1.48,Matches
716,Patrick Twumasi,gh GHA,"FW,MF",kz FC Astana,21,1994,2,180,90,33.3,2.0,2,,1,0,,0,1.50,3,3,0,0.00,+0.75,Matches
717,Salih Uçan,tr TUR,MF,it Roma,21,1994,2,22,11,3.1,0.2,0,,0,2,,1,0.50,1,1,0,0.00,+1.16,Matches
718,Sven Ulreich,de GER,GK,de Bayern Munich,26,1988,1,90,90,8.1,1.0,1,,1,0,,11,3.00,2,0,+2,+2.00,+0.50,Matches
719,Samuel Umtiti,fr FRA,DF,fr Lyon,21,1993,4,360,90,66.7,4.0,4,,4,0,,0,0.25,2,7,-5,-1.25,-1.75,Matches
720,William Vainqueur,fr FRA,MF,it Roma,26,1988,4,192,48,26.7,2.1,2,,0,2,,4,0.00,1,8,-7,-3.28,-2.94,Matches
721,Alyaksandr Valadzko,by BLR,MF,by BATE Borisov,29,1986,5,299,60,55.4,3.3,3,,1,2,,0,0.67,1,8,-7,-2.11,-2.85,Matches
722,Maksim Valadzko,by BLR,"DF,MF",by BATE Borisov,22,1992,6,311,52,57.6,3.5,3,,0,3,,0,1.33,3,6,-3,-0.87,-0.08,Matches
723,Mathieu Valbuena,fr FRA,"FW,MF",fr Lyon,30,1984,5,450,90,83.3,5.0,5,,5,0,,0,0.20,3,9,-6,-1.20,-3.20,Matches
724,Antonio Valencia,ec ECU,"DF,MF",eng Manchester Utd,29,1985,3,140,47,25.9,1.6,2,,1,1,,0,1.33,2,2,0,0.00,-1.35,Matches
725,Hannes Van der Bruggen,be BEL,MF,be Gent,22,1993,0,,,,,0,,0,0,,3,,,,,,,Matches
726,Brian Vandenbussche,be BEL,GK,be Gent,33,1981,0,,,,,0,,0,0,,7,,,,,,,Matches
727,Raphaël Varane,fr FRA,"DF,MF",es Real Madrid,22,1993,7,438,63,36.5,4.9,6,,4,1,,3,2.71,7,0,+7,+1.44,-0.33,Matches
728,Guillermo Varela,uy URU,DF,eng Manchester Utd,22,1993,1,90,90,16.7,1.0,1,,1,0,,0,0.00,2,3,-1,-1.00,-2.40,Matches
729,Silvestre Varela,pt POR,"FW,MF",pt Porto,30,1985,1,14,14,2.6,0.2,0,,0,1,,1,3.00,0,0,0,0.00,-0.17,Matches
730,Viktor Vasin,ru RUS,DF,ru CSKA Moscow,26,1988,1,44,44,8.1,0.5,0,,0,1,,3,0.00,0,2,-2,-4.09,-4.09,Matches
731,Lucas Vázquez,es ESP,"DF,FW",es Real Madrid,24,1991,7,330,47,27.5,3.7,2,,2,5,,5,2.43,3,1,+2,+0.55,-1.52,Matches
732,Miguel Veloso,pt POR,MF,ua Dynamo Kyiv,29,1986,5,330,66,45.8,3.7,3,,1,2,,3,1.60,4,4,0,0.00,-0.46,Matches
733,Thomas Vermaelen,be BEL,DF,es Barcelona,29,1985,3,270,90,30.0,3.0,3,,3,0,,4,2.33,10,2,+8,+2.67,+1.81,Matches
734,Gil Vermouth,il ISR,MF,il Maccabi Tel Aviv,29,1985,4,160,40,29.6,1.8,2,,0,2,,2,0.43,0,3,-3,-1.69,+0.21,Matches
735,Marco Verratti,it ITA,MF,fr Paris S-G,22,1992,5,358,72,39.8,4.0,5,,2,0,,0,2.00,7,1,+6,+1.51,+0.51,Matches
736,Rúben Vezo,pt POR,DF,es Valencia,21,1994,1,80,80,14.8,0.9,1,,0,0,,2,1.00,0,2,-2,-2.25,-2.05,Matches
737,Domagoj Vida,hr CRO,"DF,MF",ua Dynamo Kyiv,26,1989,5,372,74,51.7,4.1,4,,4,1,,2,1.00,2,5,-3,-0.73,-2.02,Matches
738,Aleix Vidal,es ESP,"DF,MF",es Barcelona,25,1989,0,,,,,0,,0,0,,2,,,,,,,Matches
739,Arturo Vidal,cl CHI,MF,de Bayern Munich,28,1987,11,857,78,77.2,9.5,9,,7,2,,0,2.09,18,8,+10,+1.05,-2.15,Matches
740,Vieirinha,pt POR,"DF,FW",de Wolfsburg,29,1986,8,477,60,53.0,5.3,5,,3,3,,0,2.25,9,6,+3,+0.57,+0.35,Matches
741,Luciano Vietto,ar ARG,"FW,MF",es Atlético Madrid,21,1993,5,227,45,18.5,2.5,3,,0,2,,5,2.00,4,0,+4,+1.59,+1.14,Matches
742,Andreas Vindheim,no NOR,DF,se Malmö,19,1995,0,,,,,0,,0,0,,5,,,,,,,Matches
743,Mattia Vitale,it ITA,MF,it Juventus,17,1997,0,,,,,0,,0,0,,2,,,,,,,Matches
744,Uroš Vitas,rs SRB,DF,be Gent,23,1992,0,,,,,0,,0,0,,4,,,,,,,Matches
745,Vitolo,es ESP,"FW,MF",es Sevilla,25,1989,5,450,90,83.3,5.0,5,,5,0,,0,1.20,8,9,-1,-0.20,+1.80,Matches
746,Rai Vloet,nl NED,"FW,MF",nl PSV Eindhoven,20,1995,1,1,1,0.1,0.0,0,,0,1,,2,0.00,0,0,0,0.00,-0.12,Matches
747,Praxitelis Vouros,gr GRE,DF,gr Olympiacos,20,1995,1,3,3,0.6,0.0,0,,0,1,,1,3.00,0,0,0,0.00,+1.17,Matches
748,Theo Walcott,eng ENG,"FW,MF",eng Arsenal,26,1989,6,318,53,44.2,3.5,3,,1,3,,0,1.00,6,6,0,0.00,+0.45,Matches
749,Danny Welbeck,eng ENG,"FW,MF",eng Arsenal,24,1990,2,91,46,12.6,1.0,1,,0,1,,0,0.00,1,3,-2,-1.98,-1.98,Matches
750,Wendell,br BRA,DF,de Leverkusen,22,1993,6,540,90,100.0,6.0,6,,6,0,,0,1.13,13,12,+1,+0.17,,Matches
751,Oscar Wendt,se SWE,"DF,MF",de Gladbach,29,1985,6,534,89,98.9,5.9,6,,5,0,,0,0.83,8,11,-3,-0.51,+14.49,Matches
752,Pontus Wernbloom,se SWE,"FW,MF",ru CSKA Moscow,29,1986,6,540,90,100.0,6.0,6,,6,0,,0,1.10,5,9,-4,-0.67,,Matches
753,Jordy de Wijs,nl NED,DF,nl PSV Eindhoven,20,1995,1,16,16,2.1,0.2,0,,0,1,,4,0.00,0,0,0,0.00,-0.12,Matches
754,Gustav Wikheim,no NOR,"FW,MF",be Gent,22,1993,0,,,,,0,,0,0,,1,,,,,,,Matches
755,Johan Wiland,se SWE,GK,se Malmö,34,1981,6,540,90,100.0,6.0,6,,6,0,,0,0.90,1,21,-20,-3.33,,Matches
756,Jetro Willems,nl NED,"DF,MF",nl PSV Eindhoven,21,1994,2,165,83,22.0,1.8,2,,1,0,,0,0.50,0,0,0,0.00,-0.15,Matches
757,Willian,br BRA,"FW,MF",eng Chelsea,26,1988,8,642,80,89.2,7.1,8,,5,0,,0,1.63,11,7,+4,+0.56,-4.05,Matches
758,James Wilson,eng ENG,"FW,MF",eng Manchester Utd,19,1995,0,,,,,0,,0,0,,2,,,,,,,Matches
759,Axel Witsel,be BEL,"DF,MF",ru Zenit,26,1989,7,630,90,87.5,7.0,7,,7,0,,0,2.14,13,7,+6,+0.86,+1.86,Matches
760,Magnus Wolff Eikrem,no NOR,"FW,MF",se Malmö,24,1990,3,69,23,12.8,0.8,0,,0,3,,3,0.57,0,3,-3,-3.91,-1.24,Matches
761,Granit Xhaka,ch SUI,MF,de Gladbach,22,1992,5,450,90,83.3,5.0,5,,5,0,,0,1.00,8,9,-1,-0.20,+2.80,Matches
762,Evgeni Yablonski,by BLR,MF,by BATE Borisov,20,1995,5,385,77,71.3,4.3,4,,4,1,,0,1.75,4,6,-2,-0.47,+1.27,Matches
763,Oleksandr Yakovenko,ua UKR,"FW,MF",ua Dynamo Kyiv,28,1987,1,28,28,3.9,0.3,0,,0,1,,0,1.00,0,0,0,0.00,-0.26,Matches
764,Rubén Yáñez,es ESP,GK,es Real Madrid,21,1993,0,,,,,0,,0,0,,1,,,,,,,Matches
765,Mapou Yanga-Mbiwa,fr FRA,DF,fr Lyon,26,1989,5,450,90,83.3,5.0,5,,5,0,,0,0.80,5,8,-3,-0.60,+0.40,Matches
766,Andriy Yarmolenko,ua UKR,"FW,MF",ua Dynamo Kyiv,25,1989,7,558,80,77.5,6.2,7,,6,0,,0,1.57,7,5,+2,+0.32,+0.32,Matches
767,David Yelldell,us USA,GK,de Leverkusen,33,1981,0,,,,,0,,0,0,,1,,,,,,,Matches
768,Alexey Yevseyev,ru RUS,MF,ru Zenit,21,1994,1,4,4,0.6,0.0,0,,0,1,,3,3.00,0,0,0,0.00,-0.63,Matches
769,Burak Yılmaz,tr TUR,FW,tr Galatasaray,30,1985,4,266,67,49.3,3.0,3,,2,1,,0,1.00,2,5,-3,-1.02,-0.69,Matches
770,Barak Yitzhaki,il ISR,FW,il Maccabi Tel Aviv,30,1984,4,43,11,8.0,0.5,0,,0,4,,1,0.78,0,1,-1,-2.09,-0.28,Matches
771,Yoel,es ESP,GK,es Valencia,26,1988,0,,,,,0,,0,0,,4,,,,,,,Matches
772,Shlomi Yosef Azulay,il ISR,MF,il Maccabi Tel Aviv,25,1990,0,,,,,0,,0,0,,2,,,,,,,Matches
773,Yoshimar Yotún,pe PER,"DF,MF",se Malmö,25,1990,4,302,76,55.9,3.4,3,,2,1,,1,1.00,0,14,-14,-4.17,-3.04,Matches
774,Ashley Young,eng ENG,"DF,FW",eng Manchester Utd,30,1985,4,251,63,46.5,2.8,2,,1,2,,1,2.00,3,2,+1,+0.36,-1.20,Matches
775,Vladlen Yurchenko,ua UKR,MF,de Leverkusen,21,1994,2,12,6,2.2,0.1,0,,0,2,,1,1.00,2,0,+2,+15.00,+14.83,Matches
776,Pablo Zabaleta,ar ARG,"DF,MF",eng Manchester City,30,1985,3,150,50,13.9,1.7,2,,1,1,,4,2.33,1,1,0,0.00,-0.58,Matches
777,Eran Zahavi,il ISR,"FW,MF",il Maccabi Tel Aviv,28,1987,6,539,90,99.8,6.0,6,,5,0,,0,0.73,1,15,-14,-2.34,-272.34,Matches
778,Simone Zaza,it ITA,FW,it Juventus,24,1991,2,30,15,4.0,0.3,0,,0,2,,5,2.00,1,0,+1,+3.00,+3.00,Matches
779,Maksim Zhavnerchik,by BLR,"DF,MF",by BATE Borisov,30,1985,2,180,90,33.3,2.0,2,,2,0,,0,1.63,1,1,0,0.00,+1.25,Matches
780,Yuri Zhirkov,ru RUS,"DF,MF",ru Zenit,31,1983,2,99,50,13.8,1.1,1,,1,1,,0,0.00,1,3,-2,-1.82,-2.83,Matches
781,Georgy Zhukov,kz KAZ,MF,kz FC Astana,20,1994,6,260,43,48.1,2.9,3,,1,3,,0,1.25,2,7,-5,-1.73,-2.37,Matches
782,Yoav Ziv,il ISR,DF,il Maccabi Tel Aviv,34,1981,0,,,,,0,,0,0,,2,,,,,,,Matches
783,Jeroen Zoet,nl NED,GK,nl PSV Eindhoven,24,1991,8,750,94,100.0,8.3,8,,8,0,,0,1.38,8,7,+1,+0.12,,Matches
784,Kurt Zouma,fr FRA,DF,eng Chelsea,20,1994,6,468,78,65.0,5.2,5,,5,1,,0,2.17,12,3,+9,+1.73,+2.09,Matches
785,Ervin Zukanović,ba BIH,DF,it Roma,28,1987,1,90,90,12.5,1.0,1,,1,0,,0,0.00,0,2,-2,-2.00,-1.00,Matches
786,Ilya Zuyev,ru RUS,DF,ru Zenit,21,1994,0,,,,,0,,0,0,,3,,,,,,,Matches
787,Nikola Đurđić,rs SRB,"FW,MF",se Malmö,29,1986,6,449,75,83.1,5.0,6,,1,0,,0,0.90,1,14,-13,-2.61,+1.35,Matches
788,Birzhan Kulbekov,,,kz FC Astana,,,1,10,10,1.9,0.1,0,,,1,,0,,,,,,,Matches
789,Hern Hern,,,gr Olympiacos,,,5,146,29,27.0,1.6,1,,,4,,0,,,,,,,Matches
790,Igor Pikalkin,,,kz FC Astana,,,1,26,26,4.8,0.3,0,,,1,,0,,,,,,,Matches
791,Jardel Jardel,,,pt Benfica,,,9,810,90,90.0,9.0,9,,,0,,0,,,,,,,Matches
792,Sandro Ramírez,,,es Barcelona,,,3,173,58,19.2,1.9,2,,,1,,0,,,,,,,Matches
