Rk,Player,Nation,Pos,Squad,Age,Born,90s,SCA_SCA,SCA_SCA90,SCA_Types_PassLive,SCA_Types_PassDead,SCA_Types_TO,SCA_Types_Sh,SCA_Types_Fld,SCA_Types_Def,GCA_GCA,GCA_GCA90,GCA_Types_PassLive,GCA_Types_PassDead,GCA_Types_TO,GCA_Types_Sh,GCA_Types_Fld,GCA_Types_Def,Matches
1,Vincent Aboubakar,cm CMR,FW,pt Porto,26,1992,0.7,1,1.53,1,0,0,0,0,0,0,0.00,0,0,0,0,0,0,Matches
2,Michel Aebischer,ch SUI,MF,ch Young Boys,21,1997,2.5,4,1.58,4,0,0,0,0,0,0,0.00,0,0,0,0,0,0,Matches
3,Sergio Agüero,ar ARG,FW,eng Manchester City,30,1988,5.6,16,2.84,13,0,3,0,0,0,3,0.53,3,0,0,0,0,0,Matches
4,Jean-Eudes Aholou,ci CIV,"MF,FW",fr Monaco,24,1994,2.0,2,1.02,2,0,0,0,0,0,0,0.00,0,0,0,0,0,0,Matches
5,Youssef Aït Bennasser,ma MAR,MF,fr Monaco,22,1996,2.7,4,1.46,3,0,0,0,1,0,0,0.00,0,0,0,0,0,0,Matches
6,Manuel Akanji,ch SUI,DF,de Dortmund,23,1995,5.0,3,0.60,3,0,0,0,0,0,0,0.00,0,0,0,0,0,0,Matches
7,Emre Akbaba,tr TUR,FW,tr Galatasaray,25,1992,1.0,5,5.00,2,0,0,1,2,0,3,3.00,1,0,0,0,2,0,Matches
8,Yunus Akgün,tr TUR,MF,tr Galatasaray,18,2000,0.1,0,0.00,0,0,0,0,0,0,0,0.00,0,0,0,0,0,0,Matches
9,Ilzat Akhmetov,ru RUS,MF,ru CSKA Moscow,20,1997,3.3,7,2.10,6,0,0,1,0,0,1,0.30,1,0,0,0,0,0,Matches
10,Igor Akinfeev,ru RUS,GK,ru CSKA Moscow,32,1986,5.0,2,0.40,0,2,0,0,0,0,0,0.00,0,0,0,0,0,0,Matches
11,Kevin Akpoguma,ng NGA,DF,de Hoffenheim,23,1995,2.0,1,0.50,1,0,0,0,0,0,0,0.00,0,0,0,0,0,0,Matches
12,David Alaba,at AUT,DF,de Bayern Munich,26,1992,7.0,10,1.43,9,1,0,0,0,0,4,0.57,4,0,0,0,0,0,Matches
13,Jordi Alba,es ESP,DF,es Barcelona,29,1989,11.0,33,3.00,31,1,0,0,0,1,6,0.55,5,0,0,0,0,1,Matches
14,Raúl Albiol,es ESP,DF,it Napoli,32,1985,5.5,5,0.91,5,0,0,0,0,0,1,0.18,1,0,0,0,0,0,Matches
15,Paco Alcácer,es ESP,FW,de Dortmund,24,1993,4.0,9,2.28,7,0,1,1,0,0,2,0.51,1,0,1,0,0,0,Matches
16,Thiago Alcántara,es ESP,MF,de Bayern Munich,27,1991,4.3,13,3.01,8,1,1,1,1,1,3,0.69,1,0,1,0,1,0,Matches
17,Toby Alderweireld,be BEL,DF,eng Tottenham,29,1989,12.0,9,0.75,8,1,0,0,0,0,0,0.00,0,0,0,0,0,0,Matches
18,Alef,br BRA,MF,gr AEK Athens,23,1995,2.2,1,0.45,1,0,0,0,0,0,0,0.00,0,0,0,0,0,0,Matches
19,Carles Aleñá,es ESP,MF,es Barcelona,20,1998,1.0,4,3.91,4,0,0,0,0,0,0,0.00,0,0,0,0,0,0,Matches
20,Trent Alexander-Arnold,eng ENG,DF,eng Liverpool,19,1998,10.2,33,3.23,23,8,1,0,0,1,5,0.49,3,1,0,0,0,1,Matches
21,Alisson,br BRA,GK,eng Liverpool,25,1992,13.0,2,0.15,2,0,0,0,0,0,0,0.00,0,0,0,0,0,0,Matches
22,Allan,br BRA,MF,it Napoli,27,1991,5.7,12,2.12,11,0,1,0,0,0,0,0.00,0,0,0,0,0,0,Matches
23,Dele Alli,eng ENG,MF,eng Tottenham,22,1996,7.9,32,4.07,27,0,3,2,0,0,4,0.51,4,0,0,0,0,0,Matches
24,André Almeida,pt POR,DF,pt Benfica,27,1990,6.0,11,1.83,7,0,0,1,2,1,1,0.17,1,0,0,0,0,0,Matches
25,Dani Alves,br BRA,"FW,DF",fr Paris S-G,35,1983,2.3,8,3.51,6,0,0,1,1,0,1,0.44,1,0,0,0,0,0,Matches
26,Mohamed Aly Camara,gn GUI,DF,ch Young Boys,20,1997,3.9,3,0.78,2,0,0,1,0,0,0,0.00,0,0,0,0,0,0,Matches
27,Nadiem Amiri,de GER,MF,de Hoffenheim,21,1996,0.3,1,3.21,1,0,0,0,0,0,0,0.00,0,0,0,0,0,0,Matches
28,Sofyan Amrabat,ma MAR,"DF,MF",be Club Brugge,21,1996,2.0,0,0.00,0,0,0,0,0,0,0,0.00,0,0,0,0,0,0,Matches
29,Angeliño,es ESP,DF,nl PSV Eindhoven,21,1997,6.0,11,1.83,9,2,0,0,0,0,1,0.17,1,0,0,0,0,0,Matches
30,Houssem Aouar,dz ALG,"MF,FW",fr Lyon,20,1998,7.0,25,3.57,19,0,3,2,0,1,3,0.43,3,0,0,0,0,0,Matches
31,Alphonse Areola,fr FRA,GK,fr Paris S-G,25,1993,3.0,0,0.00,0,0,0,0,0,0,0,0.00,0,0,0,0,0,0,Matches
32,Santiago Arias,co COL,"DF,FW",es Atlético Madrid,26,1992,3.8,5,1.30,4,0,0,0,1,0,0,0.00,0,0,0,0,0,0,Matches
33,Kwadwo Asamoah,gh GHA,DF,it Inter,29,1988,5.8,13,2.26,11,0,0,2,0,0,1,0.17,1,0,0,0,0,0,Matches
34,Marco Asensio,es ESP,"FW,MF",es Real Madrid,22,1996,3.4,20,5.88,14,1,1,3,0,1,0,0.00,0,0,0,0,0,0,Matches
35,Roger Assalé,ci CIV,"FW,MF",ch Young Boys,24,1993,4.2,14,3.32,11,0,1,1,1,0,0,0.00,0,0,0,0,0,0,Matches
36,Serge Aurier,ci CIV,DF,eng Tottenham,25,1992,4.8,9,1.87,5,0,2,0,1,1,1,0.21,1,0,0,0,0,0,Matches
37,Chidozie Awaziem,ng NGA,MF,pt Porto,21,1997,0.1,0,0.00,0,0,0,0,0,0,0,0.00,0,0,0,0,0,0,Matches
38,Serdar Aziz,tr TUR,DF,tr Galatasaray,27,1990,4.0,3,0.75,2,1,0,0,0,0,0,0.00,0,0,0,0,0,0,Matches
39,Srđan Babić,rs SRB,DF,rs Red Star,22,1996,2.5,1,0.40,1,0,0,0,0,0,0,0.00,0,0,0,0,0,0,Matches
40,Benoît Badiashile,fr FRA,DF,fr Monaco,17,2001,2.0,0,0.00,0,0,0,0,0,0,0,0.00,0,0,0,0,0,0,Matches
41,Loic Badiashile,fr FRA,GK,fr Monaco,20,1998,1.0,0,0.00,0,0,0,0,0,0,0,0.00,0,0,0,0,0,0,Matches
42,Eric Bailly,ci CIV,DF,eng Manchester Utd,24,1994,3.4,2,0.59,2,0,0,0,0,0,0,0.00,0,0,0,0,0,0,Matches
43,Michalis Bakakis,gr GRE,"DF,FW",gr AEK Athens,27,1991,5.8,8,1.39,7,0,0,0,0,1,0,0.00,0,0,0,0,0,0,Matches
44,Anastasios Bakasetas,gr GRE,FW,gr AEK Athens,25,1993,2.0,4,2.00,3,1,0,0,0,0,1,0.50,1,0,0,0,0,0,Matches
45,Keita Baldé,sn SEN,"FW,MF",it Inter,23,1995,0.8,7,8.29,4,0,2,0,1,0,0,0.00,0,0,0,0,0,0,Matches
46,Gareth Bale,wls WAL,FW,es Real Madrid,29,1989,5.4,20,3.70,15,0,1,2,1,1,3,0.56,3,0,0,0,0,0,Matches
47,David von Ballmoos,ch SUI,GK,ch Young Boys,23,1994,4.0,0,0.00,0,0,0,0,0,0,0,0.00,0,0,0,0,0,0,Matches
48,Dmitri Barinov,ru RUS,MF,ru Loko Moscow,21,1996,3.2,7,2.22,4,0,1,1,0,1,0,0.00,0,0,0,0,0,0,Matches
49,Vasilios Barkas,gr GRE,GK,gr AEK Athens,24,1994,6.0,1,0.17,1,0,0,0,0,0,0,0.00,0,0,0,0,0,0,Matches
50,Antonio Barreca,it ITA,DF,fr Monaco,23,1995,1.0,1,1.00,1,0,0,0,0,0,0,0.00,0,0,0,0,0,0,Matches
51,Andrea Barzagli,it ITA,DF,it Juventus,37,1981,1.2,3,2.50,3,0,0,0,0,0,1,0.83,1,0,0,0,0,0,Matches
52,Michy Batshuayi,be BEL,FW,es Valencia,24,1993,3.8,9,2.35,6,0,2,0,1,0,1,0.26,0,0,1,0,0,0,Matches
53,Oliver Baumann,de GER,GK,de Hoffenheim,28,1990,6.0,2,0.33,1,1,0,0,0,0,0,0.00,0,0,0,0,0,0,Matches
54,Ömer Bayram,tr TUR,DF,tr Galatasaray,27,1991,0.6,0,0.00,0,0,0,0,0,0,0,0.00,0,0,0,0,0,0,Matches
55,Riechedly Bazoer,nl NED,MF,pt Porto,21,1996,0.1,0,0.00,0,0,0,0,0,0,0,0.00,0,0,0,0,0,0,Matches
56,Rodrigo Becão,br BRA,DF,ru CSKA Moscow,22,1996,6.0,0,0.00,0,0,0,0,0,0,0,0.00,0,0,0,0,0,0,Matches
57,Donny van de Beek,nl NED,MF,nl Ajax,21,1997,10.9,29,2.66,24,0,3,1,1,0,5,0.46,3,0,1,0,1,0,Matches
58,Ishak Belfodil,dz ALG,"FW,MF",de Hoffenheim,26,1992,3.8,14,3.63,14,0,0,0,0,0,1,0.26,1,0,0,0,0,0,Matches
59,Younès Belhanda,ma MAR,MF,tr Galatasaray,28,1990,3.6,8,2.22,5,3,0,0,0,0,0,0.00,0,0,0,0,0,0,Matches
60,Diego Benaglio,ch SUI,GK,fr Monaco,34,1983,4.5,0,0.00,0,0,0,0,0,0,0,0.00,0,0,0,0,0,0,Matches
61,Medhi Benatia,ma MAR,DF,it Juventus,31,1987,1.0,0,0.00,0,0,0,0,0,0,0,0.00,0,0,0,0,0,0,Matches
62,Loris Benito,ch SUI,DF,ch Young Boys,26,1992,6.0,6,1.00,5,0,0,0,0,1,1,0.17,1,0,0,0,0,0,Matches
63,Nabil Bentaleb,dz ALG,MF,de Schalke 04,23,1994,4.7,5,1.06,3,2,0,0,0,0,0,0.00,0,0,0,0,0,0,Matches
64,Rodrigo Bentancur,uy URU,MF,it Juventus,21,1997,6.1,17,2.78,14,0,2,0,0,1,0,0.00,0,0,0,0,0,0,Matches
65,Karim Benzema,fr FRA,FW,es Real Madrid,30,1987,6.5,22,3.40,15,0,5,1,0,1,3,0.46,2,0,1,0,0,0,Matches
66,Steve von Bergen,ch SUI,DF,ch Young Boys,35,1983,4.5,3,0.67,2,0,0,0,0,1,0,0.00,0,0,0,0,0,0,Matches
67,Steven Bergwijn,nl NED,FW,nl PSV Eindhoven,20,1997,4.4,14,3.15,10,0,1,1,1,1,2,0.45,1,0,0,0,0,1,Matches
68,Federico Bernardeschi,it ITA,"MF,FW",it Juventus,24,1994,6.1,27,4.40,13,4,2,4,4,0,4,0.65,1,0,1,1,1,0,Matches
69,Juan Bernat,es ESP,DF,fr Paris S-G,25,1993,7.5,15,2.00,14,1,0,0,0,0,2,0.27,2,0,0,0,0,0,Matches
70,Leonardo Bertone,ch SUI,MF,ch Young Boys,24,1994,1.2,2,1.68,1,1,0,0,0,0,0,0.00,0,0,0,0,0,0,Matches
71,Giulian Biancone,fr FRA,DF,fr Monaco,18,2000,1.9,3,1.62,3,0,0,0,0,0,0,0.00,0,0,0,0,0,0,Matches
72,Ermin Bičakčić,ba BIH,DF,de Hoffenheim,28,1990,2.8,4,1.43,4,0,0,0,0,0,1,0.36,1,0,0,0,0,0,Matches
73,Jaka Bijol,si SVN,MF,ru CSKA Moscow,19,1999,3.0,4,1.33,3,0,0,0,1,0,1,0.33,1,0,0,0,0,0,Matches
74,Kristijan Bistrović,hr CRO,MF,ru CSKA Moscow,20,1998,2.0,5,2.50,5,0,0,0,0,0,0,0.00,0,0,0,0,0,0,Matches
75,Leonardo Bittencourt,de GER,MF,de Hoffenheim,24,1993,1.6,6,3.83,5,1,0,0,0,0,1,0.64,1,0,0,0,0,0,Matches
76,Daley Blind,nl NED,"DF,MF",nl Ajax,28,1990,12.0,20,1.67,17,0,0,2,1,0,0,0.00,0,0,0,0,0,0,Matches
77,Richmond Boakye,gh GHA,FW,rs Red Star,25,1993,2.1,1,0.48,1,0,0,0,0,0,0,0.00,0,0,0,0,0,0,Matches
78,Jérôme Boateng,de GER,DF,de Bayern Munich,29,1988,5.0,8,1.60,8,0,0,0,0,0,0,0.00,0,0,0,0,0,0,Matches
79,Serhiy Bolbat,ua UKR,FW,ua Shakhtar,25,1993,1.9,6,3.14,6,0,0,0,0,0,0,0.00,0,0,0,0,0,0,Matches
80,Leonardo Bonucci,it ITA,DF,it Juventus,31,1987,10.0,15,1.50,14,0,0,0,1,0,3,0.30,2,0,0,0,1,0,Matches
81,Milan Borjan,ca CAN,GK,rs Red Star,30,1987,6.0,1,0.17,1,0,0,0,0,0,0,0.00,0,0,0,0,0,0,Matches
82,Lucas Boyé,ar ARG,"FW,MF",gr AEK Athens,22,1996,1.4,4,2.93,1,0,3,0,0,0,0,0.00,0,0,0,0,0,0,Matches
83,Yacine Brahimi,dz ALG,"FW,MF",pt Porto,28,1990,6.9,27,4.12,16,0,5,4,0,2,4,0.61,3,0,1,0,0,0,Matches
84,Joshua Brenet,cw CUW,"DF,FW",de Hoffenheim,24,1994,1.5,1,0.67,1,0,0,0,0,0,1,0.67,1,0,0,0,0,0,Matches
85,Marcelo Brozović,hr CRO,MF,it Inter,25,1992,5.9,20,3.37,17,2,0,0,0,1,1,0.17,1,0,0,0,0,0,Matches
86,Jeffrey Bruma,nl NED,DF,de Schalke 04,26,1991,2.0,1,0.50,1,0,0,0,0,0,0,0.00,0,0,0,0,0,0,Matches
87,Jacob Bruun Larsen,dk DEN,FW,de Dortmund,19,1998,1.7,7,4.17,7,0,0,0,0,0,1,0.60,1,0,0,0,0,0,Matches
88,Gianluigi Buffon,it ITA,GK,fr Paris S-G,40,1978,5.0,0,0.00,0,0,0,0,0,0,0,0.00,0,0,0,0,0,0,Matches
89,Guido Burgstaller,at AUT,FW,de Schalke 04,29,1989,2.6,2,0.77,2,0,0,0,0,0,1,0.39,1,0,0,0,0,0,Matches
90,Roman Bürki,ch SUI,GK,de Dortmund,27,1990,7.0,0,0.00,0,0,0,0,0,0,0,0.00,0,0,0,0,0,0,Matches
91,Sergio Busquets,es ESP,MF,es Barcelona,30,1988,11.5,25,2.18,23,0,0,1,1,0,1,0.09,1,0,0,0,0,0,Matches
92,Bohdan Butko,ua UKR,DF,ua Shakhtar,27,1991,1.5,1,0.66,1,0,0,0,0,0,0,0.00,0,0,0,0,0,0,Matches
93,Daniel Caligiuri,it ITA,"DF,FW",de Schalke 04,30,1988,5.7,13,2.29,8,3,0,1,1,0,2,0.35,1,0,0,1,0,0,Matches
94,José Callejón,es ESP,MF,it Napoli,31,1987,5.7,23,4.01,17,4,1,0,1,0,3,0.52,2,0,0,0,1,0,Matches
95,Emre Can,de GER,"MF,DF",it Juventus,24,1994,3.8,6,1.60,5,0,0,1,0,0,1,0.27,1,0,0,0,0,0,Matches
96,João Cancelo,pt POR,DF,it Juventus,24,1994,5.3,14,2.62,11,0,1,1,1,0,5,0.94,3,0,0,1,1,0,Matches
97,Antonio Candreva,it ITA,"FW,MF",it Inter,31,1987,1.5,4,2.61,3,1,0,0,0,0,1,0.65,0,1,0,0,0,0,Matches
98,Dani Carvajal,es ESP,DF,es Real Madrid,26,1992,4.7,16,3.44,15,0,1,0,0,0,1,0.21,1,0,0,0,0,0,Matches
99,Casemiro,br BRA,MF,es Real Madrid,26,1992,5.6,13,2.33,13,0,0,0,0,0,2,0.36,2,0,0,0,0,0,Matches
100,Iker Casillas,es ESP,GK,pt Porto,37,1981,10.3,1,0.10,0,1,0,0,0,0,0,0.00,0,0,0,0,0,0,Matches
101,Nicolás Castillo,cl CHI,FW,pt Benfica,25,1993,0.2,1,6.43,0,0,0,1,0,0,0,0.00,0,0,0,0,0,0,Matches
102,Goran Čaušić,rs SRB,MF,rs Red Star,26,1992,3.5,5,1.44,5,0,0,0,0,0,1,0.29,1,0,0,0,0,0,Matches
103,Edinson Cavani,uy URU,FW,fr Paris S-G,31,1987,4.6,9,1.96,3,0,2,4,0,0,4,0.87,0,0,2,2,0,0,Matches
104,Dani Ceballos,es ESP,MF,es Real Madrid,21,1996,2.1,13,6.29,12,0,0,1,0,0,1,0.48,1,0,0,0,0,0,Matches
105,Muğdat Çelik,tr TUR,FW,tr Galatasaray,28,1990,0.5,1,2.14,1,0,0,0,0,0,0,0.00,0,0,0,0,0,0,Matches
106,Aleš Čermák,cz CZE,MF,cz Viktoria Plzeň,23,1994,3.9,14,3.62,12,1,0,0,1,0,3,0.78,3,0,0,0,0,0,Matches
107,Franco Cervi,ar ARG,"FW,MF",pt Benfica,24,1994,3.4,6,1.74,5,1,0,0,0,0,0,0.00,0,0,0,0,0,0,Matches
108,Nacer Chadli,be BEL,MF,fr Monaco,28,1989,3.5,4,1.15,3,1,0,0,0,0,0,0.00,0,0,0,0,0,0,Matches
109,Fyodor Chalov,ru RUS,FW,ru CSKA Moscow,20,1998,5.6,11,1.99,8,0,1,1,1,0,1,0.18,1,0,0,0,0,0,Matches
110,Pape Cheikh Diop,sn SEN,MF,fr Lyon,20,1997,1.2,4,3.43,3,0,0,1,0,0,0,0.00,0,0,0,0,0,0,Matches
111,Nikita Chernov,ru RUS,DF,ru CSKA Moscow,22,1996,3.9,1,0.25,1,0,0,0,0,0,0,0.00,0,0,0,0,0,0,Matches
112,Denis Cheryshev,ru RUS,"MF,DF",es Valencia,27,1990,1.2,5,4.21,5,0,0,0,0,0,0,0.00,0,0,0,0,0,0,Matches
113,Giorgio Chiellini,it ITA,DF,it Juventus,33,1984,6.0,9,1.50,9,0,0,0,0,0,0,0.00,0,0,0,0,0,0,Matches
114,Tahith Chong,nl NED,MF,eng Manchester Utd,18,1999,0.1,1,8.18,1,0,0,0,0,0,0,0.00,0,0,0,0,0,0,Matches
115,Tomáš Chorý,cz CZE,FW,cz Viktoria Plzeň,23,1995,2.7,2,0.74,2,0,0,0,0,0,0,0.00,0,0,0,0,0,0,Matches
116,Dmytro Chygrynskiy,ua UKR,DF,gr AEK Athens,31,1986,5.0,1,0.20,1,0,0,0,0,0,0,0.00,0,0,0,0,0,0,Matches
117,Jasper Cillessen,nl NED,GK,es Barcelona,29,1989,1.0,0,0.00,0,0,0,0,0,0,0,0.00,0,0,0,0,0,0,Matches
118,Kingsley Coman,fr FRA,"FW,MF",de Bayern Munich,22,1996,1.4,3,2.08,3,0,0,0,0,0,0,0.00,0,0,0,0,0,0,Matches
119,Germán Conti,ar ARG,DF,pt Benfica,24,1994,3.0,0,0.00,0,0,0,0,0,0,0,0.00,0,0,0,0,0,0,Matches
120,Dion Cools,my MAS,"DF,FW",be Club Brugge,22,1996,1.3,0,0.00,0,0,0,0,0,0,0,0.00,0,0,0,0,0,0,Matches
121,Francis Coquelin,fr FRA,MF,es Valencia,27,1991,3.1,4,1.29,4,0,0,0,0,0,0,0.00,0,0,0,0,0,0,Matches
122,Ante Ćorić,hr CRO,MF,it Roma,21,1997,0.3,0,0.00,0,0,0,0,0,0,0,0.00,0,0,0,0,0,0,Matches
123,Vedran Ćorluka,hr CRO,DF,ru Loko Moscow,32,1986,3.0,1,0.33,1,0,0,0,0,0,0,0.00,0,0,0,0,0,0,Matches
124,Maxwel Cornet,ci CIV,"FW,MF",fr Lyon,21,1996,2.4,5,2.08,3,0,1,0,1,0,0,0.00,0,0,0,0,0,0,Matches
125,Jesús Corona,mx MEX,"FW,MF",pt Porto,25,1993,6.2,25,4.05,16,3,4,1,0,1,6,0.97,4,1,0,0,0,1,Matches
126,Ángel Correa,ar ARG,"MF,FW",es Atlético Madrid,23,1995,3.9,11,2.79,9,0,1,1,0,0,2,0.51,1,0,1,0,0,0,Matches
127,Uroš Ćosić,rs SRB,"DF,MF",gr AEK Athens,25,1992,3.3,2,0.61,2,0,0,0,0,0,0,0.00,0,0,0,0,0,0,Matches
128,Bruno Xavier Almeida Costa,pt POR,MF,pt Porto,21,1997,0.3,0,0.00,0,0,0,0,0,0,0,0.00,0,0,0,0,0,0,Matches
129,Diego Costa,es ESP,FW,es Atlético Madrid,29,1988,3.4,8,2.36,7,0,0,0,1,0,1,0.30,1,0,0,0,0,0,Matches
130,Douglas Costa,br BRA,"FW,DF",it Juventus,27,1990,1.8,8,4.53,6,1,1,0,0,0,1,0.57,1,0,0,0,0,0,Matches
131,Thibaut Courtois,be BEL,GK,es Real Madrid,26,1992,5.0,1,0.20,1,0,0,0,0,0,0,0.00,0,0,0,0,0,0,Matches
132,Philippe Coutinho,br BRA,"FW,MF",es Barcelona,26,1992,9.5,42,4.43,29,4,3,3,3,0,4,0.42,4,0,0,0,0,0,Matches
133,Bryan Cristante,it ITA,MF,it Roma,23,1995,5.7,19,3.51,16,0,0,2,0,1,1,0.18,0,0,0,1,0,0,Matches
134,Juan Cuadrado,co COL,"MF,DF",it Juventus,30,1988,3.6,20,5.52,18,1,0,1,0,0,2,0.55,1,0,0,1,0,0,Matches
135,Danilo D'Ambrosio,it ITA,DF,it Inter,29,1988,4.0,12,3.00,12,0,0,0,0,0,0,0.00,0,0,0,0,0,0,Matches
136,Colin Dagba,fr FRA,FW,fr Paris S-G,19,1998,0.1,0,0.00,0,0,0,0,0,0,0,0.00,0,0,0,0,0,0,Matches
137,Mahmoud Dahoud,de GER,MF,de Dortmund,22,1996,3.5,7,1.98,7,0,0,0,0,0,2,0.57,2,0,0,0,0,0,Matches
138,Diogo Dalot,pt POR,"DF,MF",eng Manchester Utd,19,1999,2.7,3,1.11,1,0,1,1,0,0,1,0.37,0,0,0,1,0,0,Matches
139,Oleh Danchenko,ua UKR,DF,ua Shakhtar,23,1994,1.0,0,0.00,0,0,0,0,0,0,0,0.00,0,0,0,0,0,0,Matches
140,Danilo,br BRA,DF,eng Manchester City,27,1991,1.3,3,2.25,3,0,0,0,0,0,1,0.75,1,0,0,0,0,0,Matches
141,Arnaut Danjuma,nl NED,"DF,FW",be Club Brugge,21,1997,1.8,2,1.09,2,0,0,0,0,0,0,0.00,0,0,0,0,0,0,Matches
142,Ben Davies,wls WAL,DF,eng Tottenham,25,1993,6.3,13,2.06,11,0,0,0,2,0,1,0.16,1,0,0,0,0,0,Matches
143,Kevin De Bruyne,be BEL,MF,eng Manchester City,27,1991,2.7,22,8.05,14,4,2,1,1,0,5,1.83,3,1,1,0,0,0,Matches
144,Daniele De Rossi,it ITA,MF,it Roma,35,1983,3.4,5,1.48,3,1,0,0,1,0,1,0.30,1,0,0,0,0,0,Matches
145,Mattia De Sciglio,it ITA,DF,it Juventus,25,1992,3.4,9,2.65,8,1,0,0,0,0,0,0.00,0,0,0,0,0,0,Matches
146,Saulo Decarli,ch SUI,MF,be Club Brugge,26,1992,0.0,0,0.00,0,0,0,0,0,0,0,0.00,0,0,0,0,0,0,Matches
147,Miloš Degenek,au AUS,DF,rs Red Star,24,1994,6.0,1,0.17,1,0,0,0,0,0,0,0.00,0,0,0,0,0,0,Matches
148,Thomas Delaney,dk DEN,MF,de Dortmund,26,1991,3.3,5,1.52,5,0,0,0,0,0,0,0.00,0,0,0,0,0,0,Matches
149,Fabian Delph,eng ENG,"DF,MF",eng Manchester City,28,1989,2.9,3,1.03,2,0,0,1,0,0,1,0.34,0,0,0,1,0,0,Matches
150,Mousa Dembélé,be BEL,MF,eng Tottenham,31,1987,1.8,3,1.66,2,0,0,1,0,0,0,0.00,0,0,0,0,0,0,Matches
151,Moussa Dembélé,fr FRA,FW,fr Lyon,22,1996,3.3,12,3.62,9,0,1,1,1,0,0,0.00,0,0,0,0,0,0,Matches
152,Ousmane Dembélé,fr FRA,FW,es Barcelona,21,1997,4.6,34,7.39,20,3,6,3,2,0,6,1.30,1,0,4,0,1,0,Matches
153,Kerem Demirbay,de GER,MF,de Hoffenheim,25,1993,4.1,17,4.10,12,2,0,3,0,0,2,0.48,2,0,0,0,0,0,Matches
154,Jason Denayer,be BEL,DF,fr Lyon,23,1995,8.0,4,0.50,4,0,0,0,0,0,1,0.12,1,0,0,0,0,0,Matches
155,Igor Denisov,ru RUS,MF,ru Loko Moscow,34,1984,5.2,13,2.49,12,0,1,0,0,0,0,0.00,0,0,0,0,0,0,Matches
156,Emmanuel Dennis,ng NGA,"FW,MF",be Club Brugge,20,1997,2.0,5,2.51,2,0,1,1,1,0,1,0.50,1,0,0,0,0,0,Matches
157,Stefano Denswil,sr SUR,DF,be Club Brugge,25,1993,6.0,8,1.33,8,0,0,0,0,0,0,0.00,0,0,0,0,0,0,Matches
158,Dentinho,br BRA,"MF,FW",ua Shakhtar,29,1989,0.1,2,13.85,2,0,0,0,0,0,0,0.00,0,0,0,0,0,0,Matches
159,Eren Derdiyok,ch SUI,FW,tr Galatasaray,30,1988,3.7,4,1.09,4,0,0,0,0,0,0,0.00,0,0,0,0,0,0,Matches
160,Ángel Di María,ar ARG,"MF,FW",fr Paris S-G,30,1988,7.3,33,4.53,25,3,2,3,0,0,5,0.69,3,2,0,0,0,0,Matches
161,Franco Di Santo,ar ARG,FW,de Schalke 04,29,1989,1.0,0,0.00,0,0,0,0,0,0,0,0.00,0,0,0,0,0,0,Matches
162,Moussa Diaby,fr FRA,DF,fr Paris S-G,19,1999,0.1,0,0.00,0,0,0,0,0,0,0,0.00,0,0,0,0,0,0,Matches
163,Mouctar Diakhaby,gn GUI,DF,es Valencia,21,1996,3.0,1,0.33,0,0,0,0,0,1,0,0.00,0,0,0,0,0,0,Matches
164,Abdou Diallo,sn SEN,DF,de Dortmund,22,1996,6.9,6,0.87,5,0,0,0,1,0,1,0.15,1,0,0,0,0,0,Matches
165,Rúben Dias,pt POR,DF,pt Benfica,21,1997,4.5,4,0.89,1,0,0,2,0,1,0,0.00,0,0,0,0,0,0,Matches
166,Krépin Diatta,sn SEN,"DF,FW",be Club Brugge,19,1999,0.1,0,0.00,0,0,0,0,0,0,0,0.00,0,0,0,0,0,0,Matches
167,Eric Dier,eng ENG,MF,eng Tottenham,24,1994,3.0,7,2.32,7,0,0,0,0,0,0,0.00,0,0,0,0,0,0,Matches
168,Sofiane Diop,fr FRA,"FW,MF",fr Monaco,18,2000,3.0,5,1.67,4,0,0,1,0,0,0,0.00,0,0,0,0,0,0,Matches
169,Kasper Dolberg,dk DEN,FW,nl Ajax,20,1997,3.3,9,2.69,4,0,0,0,5,0,1,0.30,0,0,0,0,1,0,Matches
170,Jaume Doménech,es ESP,GK,es Valencia,27,1990,1.0,0,0.00,0,0,0,0,0,0,0,0.00,0,0,0,0,0,0,Matches
171,Ryan Donk,sr SUR,"MF,DF",tr Galatasaray,32,1986,5.2,10,1.91,8,1,0,0,1,0,0,0.00,0,0,0,0,0,0,Matches
172,Julian Draxler,de GER,MF,fr Paris S-G,24,1993,3.2,14,4.39,9,2,1,0,1,1,2,0.63,1,0,0,0,0,1,Matches
173,Leo Dubois,fr FRA,DF,fr Lyon,23,1994,3.2,3,0.94,3,0,0,0,0,0,0,0.00,0,0,0,0,0,0,Matches
174,Denzel Dumfries,nl NED,DF,nl PSV Eindhoven,22,1996,6.0,8,1.33,6,1,1,0,0,0,0,0.00,0,0,0,0,0,0,Matches
175,Paulo Dybala,ar ARG,"FW,MF",it Juventus,24,1993,5.8,26,4.52,15,3,1,2,5,0,1,0.17,1,0,0,0,0,0,Matches
176,Alan Dzagoev,ru RUS,"MF,FW",ru CSKA Moscow,28,1990,1.9,7,3.68,6,1,0,0,0,0,0,0.00,0,0,0,0,0,0,Matches
177,Edin Džeko,ba BIH,FW,it Roma,32,1986,6.3,26,4.33,15,0,5,5,1,0,4,0.67,3,0,0,1,0,0,Matches
178,Lorenzo Ebecilio,nl NED,"MF,FW",rs Red Star,26,1991,1.3,3,2.35,1,1,1,0,0,0,2,1.57,1,0,1,0,0,0,Matches
179,Éder,pt POR,FW,ru Loko Moscow,30,1987,3.4,4,1.16,4,0,0,0,0,0,0,0.00,0,0,0,0,0,0,Matches
180,Ederson,br BRA,GK,eng Manchester City,24,1993,10.0,2,0.20,2,0,0,0,0,0,1,0.10,1,0,0,0,0,0,Matches
181,Carel Eiting,nl NED,MF,nl Ajax,20,1998,1.0,4,4.00,4,0,0,0,0,0,1,1.00,1,0,0,0,0,0,Matches
182,Jurgen Ekkelenkamp,nl NED,MF,nl Ajax,18,2000,0.2,0,0.00,0,0,0,0,0,0,0,0.00,0,0,0,0,0,0,Matches
183,Breel Embolo,ch SUI,"FW,MF",de Schalke 04,21,1997,4.2,11,2.60,5,0,2,1,3,0,0,0.00,0,0,0,0,0,0,Matches
184,Christian Eriksen,dk DEN,"MF,FW",eng Tottenham,26,1992,11.1,64,5.74,40,11,1,9,2,1,7,0.63,5,1,0,1,0,0,Matches
185,Fabinho,br BRA,"MF,DF",eng Liverpool,24,1993,8.1,10,1.23,9,0,0,0,0,1,0,0.00,0,0,0,0,0,0,Matches
186,Ralf Fährmann,de GER,GK,de Schalke 04,29,1988,6.0,2,0.33,1,1,0,0,0,0,0,0.00,0,0,0,0,0,0,Matches
187,Radamel Falcao,co COL,FW,fr Monaco,32,1986,3.8,10,2.65,7,0,2,0,1,0,0,0.00,0,0,0,0,0,0,Matches
188,Jefferson Farfán,pe PER,"FW,MF",ru Loko Moscow,33,1984,3.4,8,2.38,7,0,0,1,0,0,1,0.30,1,0,0,0,0,0,Matches
189,Christian Fassnacht,ch SUI,MF,ch Young Boys,24,1993,4.2,13,3.06,10,0,1,2,0,0,1,0.24,1,0,0,0,0,0,Matches
190,Federico Fazio,ar ARG,DF,it Roma,31,1987,6.0,7,1.17,4,0,0,3,0,0,0,0.00,0,0,0,0,0,0,Matches
191,Sofiane Feghouli,dz ALG,"MF,FW",tr Galatasaray,28,1989,1.5,14,9.20,5,6,1,1,1,0,0,0.00,0,0,0,0,0,0,Matches
192,Ljubomir Fejsa,rs SRB,MF,pt Benfica,29,1988,4.8,5,1.03,3,0,0,1,0,1,0,0.00,0,0,0,0,0,0,Matches
193,Nabil Fekir,fr FRA,"MF,FW",fr Lyon,25,1993,5.6,31,5.56,19,2,1,5,3,1,4,0.72,3,0,0,0,0,1,Matches
194,Felipe,br BRA,DF,pt Porto,29,1989,10.3,8,0.80,6,0,0,1,1,0,2,0.20,1,0,0,0,1,0,Matches
195,João Félix,pt POR,"FW,MF",pt Benfica,18,1999,0.8,1,1.18,1,0,0,0,0,0,0,0.00,0,0,0,0,0,0,Matches
196,Marouane Fellaini,be BEL,MF,eng Manchester Utd,30,1987,3.4,8,2.37,6,0,0,1,0,1,0,0.00,0,0,0,0,0,0,Matches
197,Gedson Fernandes,pt POR,MF,pt Benfica,19,1999,5.1,14,2.72,8,0,1,1,3,1,4,0.78,1,0,0,1,1,1,Matches
198,Manuel Fernandes,pt POR,"FW,MF",ru Loko Moscow,32,1986,3.2,12,3.72,7,3,1,0,1,0,0,0.00,0,0,0,0,0,0,Matches
199,Mário Fernandes,ru RUS,DF,ru CSKA Moscow,27,1990,5.1,22,4.30,18,0,2,1,1,0,2,0.39,0,0,0,1,1,0,Matches
200,Fernandinho,br BRA,"MF,DF",eng Manchester City,33,1985,7.1,16,2.24,16,0,0,0,0,0,1,0.14,1,0,0,0,0,0,Matches
201,Fernando,br BRA,"FW,MF",pt Porto,25,1993,1.6,2,1.57,1,0,0,0,1,0,1,0.78,0,0,0,0,1,0,Matches
202,Fernando,br BRA,FW,ua Shakhtar,19,1999,0.9,2,2.14,2,0,0,0,0,0,0,0.00,0,0,0,0,0,0,Matches
203,Fernando,br BRA,MF,tr Galatasaray,31,1987,3.6,8,2.23,6,0,1,0,0,1,0,0.00,0,0,0,0,0,0,Matches
204,Jordan Ferri,fr FRA,MF,fr Lyon,26,1992,0.1,0,0.00,0,0,0,0,0,0,0,0.00,0,0,0,0,0,0,Matches
205,Roberto Firmino,br BRA,"FW,MF",eng Liverpool,26,1991,7.8,24,2.90,21,1,1,1,0,0,2,0.24,2,0,0,0,0,0,Matches
206,Alessandro Florenzi,it ITA,"DF,FW",it Roma,27,1991,6.9,26,3.97,16,7,0,1,2,0,3,0.46,2,1,0,0,0,0,Matches
207,Phil Foden,eng ENG,MF,eng Manchester City,18,2000,1.4,10,7.38,6,1,2,0,1,0,1,0.74,0,0,1,0,0,0,Matches
208,Hernâni Fortes,pt POR,"FW,MF",pt Porto,26,1991,1.4,4,3.60,1,0,0,1,2,0,3,2.70,1,0,0,1,1,0,Matches
209,Juan Foyth,ar ARG,DF,eng Tottenham,20,1998,1.1,1,0.89,1,0,0,0,0,0,0,0.00,0,0,0,0,0,0,Matches
210,Fred,br BRA,MF,eng Manchester Utd,25,1993,5.1,10,1.97,8,2,0,0,0,0,2,0.39,2,0,0,0,0,0,Matches
211,Gabriel,br BRA,"MF,FW",pt Benfica,24,1993,2.5,7,2.85,6,0,0,1,0,0,0,0.00,0,0,0,0,0,0,Matches
212,Cody Gakpo,nl NED,MF,nl PSV Eindhoven,19,1999,0.1,1,11.25,1,0,0,0,0,0,0,0.00,0,0,0,0,0,0,Matches
213,Konstantinos Galanopoulos,gr GRE,MF,gr AEK Athens,20,1997,5.4,6,1.11,5,0,1,0,0,0,0,0.00,0,0,0,0,0,0,Matches
214,Rodrigo Galo Brito,br BRA,"DF,MF",gr AEK Athens,31,1986,1.3,3,2.29,2,1,0,0,0,0,0,0.00,0,0,0,0,0,0,Matches
215,Kévin Gameiro,fr FRA,FW,es Valencia,31,1987,1.5,4,2.75,3,0,1,0,0,0,0,0.00,0,0,0,0,0,0,Matches
216,Ezequiel Garay,ar ARG,DF,es Valencia,31,1986,2.4,1,0.41,1,0,0,0,0,0,0,0.00,0,0,0,0,0,0,Matches
217,Ulisses Garcia,ch SUI,DF,ch Young Boys,22,1996,1.5,3,2.00,3,0,0,0,0,0,0,0.00,0,0,0,0,0,0,Matches
218,Paulo Gazzaniga,ar ARG,GK,eng Tottenham,26,1992,1.0,0,0.00,0,0,0,0,0,0,0,0.00,0,0,0,0,0,0,Matches
219,David de Gea,es ESP,GK,eng Manchester Utd,27,1990,9.0,0,0.00,0,0,0,0,0,0,0,0.00,0,0,0,0,0,0,Matches
220,Dennis Geiger,de GER,MF,de Hoffenheim,20,1998,0.7,0,0.00,0,0,0,0,0,0,0,0.00,0,0,0,0,0,0,Matches
221,Faouzi Ghoulam,dz ALG,DF,it Napoli,27,1991,0.2,1,4.29,1,0,0,0,0,0,0,0.00,0,0,0,0,0,0,Matches
222,Giorgos Giakoumakis,gr GRE,FW,gr AEK Athens,23,1994,0.6,1,1.80,1,0,0,0,0,0,0,0.00,0,0,0,0,0,0,Matches
223,Giannis Gianniotas,gr GRE,"FW,MF",gr AEK Athens,25,1993,0.6,2,3.53,2,0,0,0,0,0,0,0.00,0,0,0,0,0,0,Matches
224,Kamil Glik,pl POL,DF,fr Monaco,30,1988,4.8,3,0.62,2,0,0,0,0,1,1,0.21,0,0,0,0,0,1,Matches
225,Serge Gnabry,de GER,"FW,MF",de Bayern Munich,23,1995,4.9,16,3.24,10,1,3,0,1,1,1,0.20,1,0,0,0,0,0,Matches
226,Marko Gobeljić,rs SRB,DF,rs Red Star,25,1992,3.4,5,1.49,4,1,0,0,0,0,0,0.00,0,0,0,0,0,0,Matches
227,Diego Godín,uy URU,DF,es Atlético Madrid,32,1986,6.0,8,1.33,4,0,1,1,1,1,1,0.17,0,0,0,1,0,0,Matches
228,Benjamin Goller,de GER,MF,de Schalke 04,19,1999,0.6,1,1.55,1,0,0,0,0,0,0,0.00,0,0,0,0,0,0,Matches
229,Aleksandr Golovin,ru RUS,"FW,MF",fr Monaco,22,1996,2.5,10,3.95,9,0,0,0,1,0,1,0.39,1,0,0,0,0,0,Matches
230,Joe Gomez,eng ENG,DF,eng Liverpool,21,1997,5.9,9,1.54,6,2,0,0,1,0,1,0.17,1,0,0,0,0,0,Matches
231,Sergio Gómez,es ESP,FW,de Dortmund,17,2000,0.0,0,0.00,0,0,0,0,0,0,0,0.00,0,0,0,0,0,0,Matches
232,Leon Goretzka,de GER,MF,de Bayern Munich,23,1995,3.6,8,2.20,5,0,1,0,1,1,1,0.27,1,0,0,0,0,0,Matches
233,Mathieu Gorgelin,fr FRA,GK,fr Lyon,27,1990,0.6,0,0.00,0,0,0,0,0,0,0,0.00,0,0,0,0,0,0,Matches
234,Mario Götze,de GER,"MF,FW",de Dortmund,26,1992,4.9,14,2.88,12,0,1,1,0,0,1,0.21,1,0,0,0,0,0,Matches
235,Gobe Gouano,fr FRA,FW,fr Monaco,17,2000,0.3,1,3.00,0,0,1,0,0,0,0,0.00,0,0,0,0,0,0,Matches
236,Samuel Grandsir,fr FRA,"MF,FW",fr Monaco,21,1996,2.1,5,2.41,5,0,0,0,0,0,0,0.00,0,0,0,0,0,0,Matches
237,Mason Greenwood,eng ENG,MF,eng Manchester Utd,16,2001,0.0,0,0.00,0,0,0,0,0,0,0,0.00,0,0,0,0,0,0,Matches
238,Antoine Griezmann,fr FRA,FW,es Atlético Madrid,27,1991,8.0,28,3.50,22,2,1,2,1,0,4,0.50,3,0,1,0,0,0,Matches
239,Vincenzo Grifo,it ITA,DF,de Hoffenheim,25,1993,0.1,0,0.00,0,0,0,0,0,0,0,0.00,0,0,0,0,0,0,Matches
240,Florian Grillitsch,at AUT,MF,de Hoffenheim,22,1995,4.6,12,2.61,12,0,0,0,0,0,3,0.65,3,0,0,0,0,0,Matches
241,Álex Grimaldo,es ESP,DF,pt Benfica,22,1995,6.0,18,3.00,12,1,3,1,0,1,0,0.00,0,0,0,0,0,0,Matches
242,Gonçalo Guedes,pt POR,MF,es Valencia,21,1996,3.5,6,1.71,4,0,0,1,1,0,0,0.00,0,0,0,0,0,0,Matches
243,Raphaël Guerreiro,pt POR,"FW,MF",de Dortmund,24,1993,3.2,12,3.79,10,2,0,0,0,0,0,0.00,0,0,0,0,0,0,Matches
244,Sinan Gümüş,,FW,tr Galatasaray,24,1994,2.5,3,1.22,1,0,0,0,2,0,0,0.00,0,0,0,0,0,0,Matches
245,İlkay Gündoğan,de GER,MF,eng Manchester City,27,1990,6.5,23,3.51,14,8,0,1,0,0,3,0.46,3,0,0,0,0,0,Matches
246,Erick Gutiérrez,mx MEX,MF,nl PSV Eindhoven,23,1995,1.1,5,4.59,4,0,0,0,1,0,0,0.00,0,0,0,0,0,0,Matches
247,Robin Hack,de GER,MF,de Hoffenheim,19,1998,0.1,0,0.00,0,0,0,0,0,0,0,0.00,0,0,0,0,0,0,Matches
248,Munir El Haddadi,ma MAR,FW,es Barcelona,22,1995,0.7,3,4.15,3,0,0,0,0,0,0,0.00,0,0,0,0,0,0,Matches
249,Achraf Hakimi,ma MAR,DF,de Dortmund,19,1998,4.1,13,3.15,10,0,2,0,1,0,3,0.73,3,0,0,0,0,0,Matches
250,Marek Hamšík,sk SVK,MF,it Napoli,31,1987,5.1,15,2.96,15,0,0,0,0,0,1,0.20,1,0,0,0,0,0,Matches
251,Samir Handanović,si SVN,GK,it Inter,34,1984,6.0,0,0.00,0,0,0,0,0,0,0,0.00,0,0,0,0,0,0,Matches
252,Amine Harit,ma MAR,"MF,FW",de Schalke 04,21,1997,1.6,2,1.26,1,0,0,0,1,0,0,0.00,0,0,0,0,0,0,Matches
253,Milan Havel,cz CZE,"FW,DF",cz Viktoria Plzeň,23,1994,2.5,4,1.61,4,0,0,0,0,0,0,0.00,0,0,0,0,0,0,Matches
254,Lukáš Hejda,cz CZE,DF,cz Viktoria Plzeň,28,1990,5.0,1,0.20,1,0,0,0,0,0,0,0.00,0,0,0,0,0,0,Matches
255,Jordan Henderson,eng ENG,MF,eng Liverpool,28,1990,8.9,35,3.93,31,1,2,1,0,0,4,0.45,3,0,0,1,0,0,Matches
256,Jorrit Hendrix,nl NED,MF,nl PSV Eindhoven,23,1995,5.8,8,1.38,8,0,0,0,0,0,0,0.00,0,0,0,0,0,0,Matches
257,Benjamin Henrichs,de GER,"DF,MF",fr Monaco,21,1997,3.3,10,3.03,9,0,0,0,1,0,0,0.00,0,0,0,0,0,0,Matches
258,Lucas Hernández,fr FRA,DF,es Atlético Madrid,22,1996,5.0,4,0.80,3,1,0,0,0,0,0,0.00,0,0,0,0,0,0,Matches
259,Ander Herrera,es ESP,MF,eng Manchester Utd,28,1989,1.9,5,2.68,4,0,0,0,1,0,0,0.00,0,0,0,0,0,0,Matches
260,Héctor Herrera,mx MEX,MF,pt Porto,28,1990,9.2,23,2.58,19,0,1,0,3,0,4,0.45,2,0,1,0,1,0,Matches
261,Son Heung-min,kr KOR,FW,eng Tottenham,26,1992,10.0,38,3.80,20,0,9,6,3,0,4,0.40,2,0,1,1,0,0,Matches
262,Marwin Hitz,ch SUI,GK,de Dortmund,30,1987,1.0,0,0.00,0,0,0,0,0,0,0,0.00,0,0,0,0,0,0,Matches
263,Guillaume Hoarau,fr FRA,FW,ch Young Boys,34,1984,4.5,6,1.33,6,0,0,0,0,0,1,0.22,1,0,0,0,0,0,Matches
264,Justin Hoogma,nl NED,MF,de Hoffenheim,20,1998,1.0,0,0.00,0,0,0,0,0,0,0,0.00,0,0,0,0,0,0,Matches
265,Tomáš Hořava,cz CZE,MF,cz Viktoria Plzeň,30,1988,2.4,7,2.92,5,0,0,1,0,1,0,0.00,0,0,0,0,0,0,Matches
266,Ethan Horvath,us USA,GK,be Club Brugge,23,1995,3.0,1,0.33,0,1,0,0,0,0,1,0.33,0,1,0,0,0,0,Matches
267,Benedikt Höwedes,de GER,DF,ru Loko Moscow,30,1988,5.0,5,1.00,3,0,0,1,1,0,0,0.00,0,0,0,0,0,0,Matches
268,Patrik Hrošovský,sk SVK,MF,cz Viktoria Plzeň,26,1992,6.0,11,1.83,9,2,0,0,0,0,3,0.50,3,0,0,0,0,0,Matches
269,Aleš Hruška,cz CZE,GK,cz Viktoria Plzeň,32,1985,4.0,1,0.25,0,1,0,0,0,0,0,0.00,0,0,0,0,0,0,Matches
270,Benjamin Hübner,de GER,DF,de Hoffenheim,29,1989,1.0,2,2.00,1,0,0,0,1,0,1,1.00,0,0,0,0,1,0,Matches
271,Roman Hubník,cz CZE,DF,cz Viktoria Plzeň,34,1984,6.0,5,0.83,5,0,0,0,0,0,0,0.00,0,0,0,0,0,0,Matches
272,Niklas Hult,se SWE,DF,gr AEK Athens,28,1990,6.0,6,1.00,4,0,0,0,1,1,1,0.17,1,0,0,0,0,0,Matches
273,Mats Hummels,de GER,DF,de Bayern Munich,29,1988,6.0,5,0.83,5,0,0,0,0,0,0,0.00,0,0,0,0,0,0,Matches
274,Klaas-Jan Huntelaar,nl NED,FW,nl Ajax,34,1983,1.1,3,2.73,3,0,0,0,0,0,1,0.91,1,0,0,0,0,0,Matches
275,Elseid Hysaj,al ALB,DF,it Napoli,24,1994,1.7,3,1.80,2,0,1,0,0,0,0,0.00,0,0,0,0,0,0,Matches
276,Mauro Icardi,ar ARG,FW,it Inter,25,1993,6.0,17,2.83,11,1,1,3,1,0,2,0.33,0,0,1,1,0,0,Matches
277,Brian Idowu,ng NGA,DF,ru Loko Moscow,26,1992,3.0,3,1.00,1,2,0,0,0,0,0,0.00,0,0,0,0,0,0,Matches
278,Vladislav Ignatyev,ru RUS,DF,ru Loko Moscow,31,1987,5.8,9,1.56,9,0,0,0,0,0,0,0.00,0,0,0,0,0,0,Matches
279,Selçuk İnan,tr TUR,MF,tr Galatasaray,33,1985,1.2,1,0.86,1,0,0,0,0,0,0,0.00,0,0,0,0,0,0,Matches
280,Lorenzo Insigne,it ITA,FW,it Napoli,27,1991,5.4,22,4.06,18,1,1,2,0,0,0,0.00,0,0,0,0,0,0,Matches
281,Isco,es ESP,"FW,MF",es Real Madrid,26,1992,2.8,23,8.25,19,1,0,1,2,0,4,1.43,3,0,0,0,1,0,Matches
282,Nicolas Isimat-Mirin,fr FRA,DF,nl PSV Eindhoven,26,1991,0.3,0,0.00,0,0,0,0,0,0,0,0.00,0,0,0,0,0,0,Matches
283,Ismaily,br BRA,DF,ua Shakhtar,28,1990,6.0,12,2.00,10,1,0,0,1,0,5,0.83,5,0,0,0,0,0,Matches
284,Jardel,br BRA,DF,pt Benfica,32,1986,4.0,3,0.75,3,0,0,0,0,0,0,0.00,0,0,0,0,0,0,Matches
285,Jemerson,br BRA,DF,fr Monaco,25,1992,5.0,2,0.40,2,0,0,0,0,0,0,0.00,0,0,0,0,0,0,Matches
286,Gabriel Jesus,br BRA,FW,eng Manchester City,21,1997,4.2,17,4.08,12,0,2,1,2,0,3,0.72,1,0,0,1,1,0,Matches
287,Juan Jesus,br BRA,DF,it Roma,27,1991,2.4,1,0.49,1,0,0,0,0,0,0,0.00,0,0,0,0,0,0,Matches
288,Joelinton,br BRA,FW,de Hoffenheim,21,1996,4.3,16,3.68,12,0,1,1,2,0,1,0.23,1,0,0,0,0,0,Matches
289,Jonas,br BRA,FW,pt Benfica,34,1984,1.2,3,2.41,3,0,0,0,0,0,1,0.80,1,0,0,0,0,0,Matches
290,Phil Jones,eng ENG,DF,eng Manchester Utd,26,1992,3.0,2,0.67,2,0,0,0,0,0,0,0.00,0,0,0,0,0,0,Matches
291,Frenkie de Jong,nl NED,MF,nl Ajax,21,1997,10.9,25,2.28,20,1,2,0,1,1,2,0.18,2,0,0,0,0,0,Matches
292,Luuk de Jong,nl NED,"FW,MF",nl PSV Eindhoven,27,1990,5.9,16,2.72,10,0,0,1,4,1,1,0.17,1,0,0,0,0,0,Matches
293,Jorge,br BRA,"MF,FW",pt Porto,22,1996,0.2,0,0.00,0,0,0,0,0,0,0,0.00,0,0,0,0,0,0,Matches
294,Dušan Jovančić,rs SRB,MF,rs Red Star,27,1990,3.0,5,1.68,3,0,0,1,1,0,0,0.00,0,0,0,0,0,0,Matches
295,Dejan Joveljić,rs SRB,FW,rs Red Star,18,1999,0.6,1,1.80,1,0,0,0,0,0,0,0.00,0,0,0,0,0,0,Matches
296,Stevan Jovetić,me MNE,FW,fr Monaco,28,1989,0.1,0,0.00,0,0,0,0,0,0,0,0.00,0,0,0,0,0,0,Matches
297,Branko Jovičić,rs SRB,MF,rs Red Star,25,1993,2.6,2,0.76,2,0,0,0,0,0,0,0.00,0,0,0,0,0,0,Matches
298,Juanfran,es ESP,DF,es Atlético Madrid,33,1985,5.0,8,1.60,5,1,0,0,1,1,0,0.00,0,0,0,0,0,0,Matches
299,Vinicius Júnior,br BRA,FW,es Real Madrid,18,2000,2.6,16,6.18,9,0,5,2,0,0,3,1.16,2,0,1,0,0,0,Matches
300,Ozan Kabak,tr TUR,DF,tr Galatasaray,18,2000,4.0,2,0.50,2,0,0,0,0,0,0,0.00,0,0,0,0,0,0,Matches
301,Pavel Kadeřábek,cz CZE,"DF,MF",de Hoffenheim,26,1992,6.0,11,1.83,11,0,0,0,0,0,0,0.00,0,0,0,0,0,0,Matches
302,Shinji Kagawa,jp JPN,MF,de Dortmund,29,1989,0.3,3,9.31,3,0,0,0,0,0,0,0.00,0,0,0,0,0,0,Matches
303,Nikola Kalinić,hr CRO,FW,es Atlético Madrid,30,1988,1.2,3,2.43,3,0,0,0,0,0,0,0.00,0,0,0,0,0,0,Matches
304,Harry Kane,eng ENG,FW,eng Tottenham,25,1993,8.6,32,3.71,19,0,6,3,3,1,2,0.23,1,0,1,0,0,0,Matches
305,Rick Karsdorp,nl NED,"MF,DF",it Roma,23,1995,0.8,1,1.18,1,0,0,0,0,0,0,0.00,0,0,0,0,0,0,Matches
306,Olarenwaju Kayode,ng NGA,"FW,MF",ua Shakhtar,25,1993,0.5,0,0.00,0,0,0,0,0,0,0,0.00,0,0,0,0,0,0,Matches
307,Moise Kean,it ITA,FW,it Juventus,18,2000,0.8,1,1.30,0,0,0,1,0,0,0,0.00,0,0,0,0,0,0,Matches
308,Thilo Kehrer,de GER,DF,fr Paris S-G,21,1996,5.4,3,0.55,2,0,1,0,0,0,0,0.00,0,0,0,0,0,0,Matches
309,Naby Keïta,gn GUI,MF,eng Liverpool,23,1995,2.7,8,2.96,4,0,2,2,0,0,0,0.00,0,0,0,0,0,0,Matches
310,Sami Khedira,de GER,MF,it Juventus,31,1987,1.2,1,0.87,1,0,0,0,0,0,0,0.00,0,0,0,0,0,0,Matches
311,Davit Khocholava,ge GEO,DF,ua Shakhtar,25,1993,2.5,1,0.40,1,0,0,0,0,0,0,0.00,0,0,0,0,0,0,Matches
312,Khetag Khosonov,ru RUS,"MF,DF",ru CSKA Moscow,20,1998,0.5,2,3.67,1,0,0,1,0,0,0,0.00,0,0,0,0,0,0,Matches
313,Joshua Kimmich,de GER,"DF,MF",de Bayern Munich,23,1995,7.0,24,3.43,14,8,1,1,0,0,3,0.43,1,2,0,0,0,0,Matches
314,Presnel Kimpembe,fr FRA,DF,fr Paris S-G,22,1995,7.2,2,0.28,2,0,0,0,0,0,0,0.00,0,0,0,0,0,0,Matches
315,Viktor Klonaridis,be BEL,"MF,FW",gr AEK Athens,26,1992,3.5,1,0.28,1,0,0,0,0,0,0,0.00,0,0,0,0,0,0,Matches
316,Justin Kluivert,nl NED,FW,it Roma,19,1999,3.5,11,3.10,8,0,1,0,2,0,0,0.00,0,0,0,0,0,0,Matches
317,Koke,es ESP,MF,es Atlético Madrid,26,1992,6.2,22,3.53,14,7,0,0,1,0,2,0.32,1,1,0,0,0,0,Matches
318,Daniel Kolář,cz CZE,"FW,MF",cz Viktoria Plzeň,32,1985,1.0,1,1.00,1,0,0,0,0,0,0,0.00,0,0,0,0,0,0,Matches
319,Aleksandar Kolarov,rs SRB,"DF,MF",it Roma,32,1985,7.3,23,3.28,14,3,1,2,3,0,1,0.14,1,0,0,0,0,0,Matches
320,Vincent Kompany,be BEL,DF,eng Manchester City,32,1986,2.3,3,1.30,3,0,0,0,0,0,1,0.43,1,0,0,0,0,0,Matches
321,Geoffrey Kondogbia,cf CTA,MF,es Valencia,25,1993,4.5,6,1.33,6,0,0,0,0,0,0,0.00,0,0,0,0,0,0,Matches
322,Yevhen Konoplyanka,ua UKR,"FW,MF",de Schalke 04,28,1989,5.1,14,2.73,6,3,4,1,0,0,2,0.39,1,1,0,0,0,0,Matches
323,Jan Kopic,cz CZE,"MF,FW",cz Viktoria Plzeň,28,1990,3.3,10,3.05,10,0,0,0,0,0,2,0.61,2,0,0,0,0,0,Matches
324,Kalidou Koulibaly,sn SEN,DF,it Napoli,27,1991,6.0,5,0.83,5,0,0,0,0,0,2,0.33,2,0,0,0,0,0,Matches
325,Viktor Kovalenko,ua UKR,"MF,FW",ua Shakhtar,22,1996,4.1,10,2.45,10,0,0,0,0,0,0,0.00,0,0,0,0,0,0,Matches
326,Jan Kovařík,cz CZE,"FW,MF",cz Viktoria Plzeň,30,1988,4.0,12,3.00,7,3,0,1,1,0,1,0.25,0,0,0,1,0,0,Matches
327,Matúš Kozáčik,sk SVK,GK,cz Viktoria Plzeň,34,1983,2.0,0,0.00,0,0,0,0,0,0,0,0.00,0,0,0,0,0,0,Matches
328,Andrej Kramarić,hr CRO,"MF,FW",de Hoffenheim,27,1991,5.3,33,6.17,23,2,4,2,2,0,4,0.75,1,2,1,0,0,0,Matches
329,Rasmus Kristensen,dk DEN,DF,nl Ajax,21,1997,0.1,0,0.00,0,0,0,0,0,0,0,0.00,0,0,0,0,0,0,Matches
330,Michal Krmenčík,cz CZE,FW,cz Viktoria Plzeň,25,1993,2.7,5,1.87,3,0,1,0,1,0,1,0.37,0,0,0,0,1,0,Matches
331,Toni Kroos,de GER,MF,es Real Madrid,28,1990,7.2,52,7.26,30,18,2,0,1,1,3,0.42,1,2,0,0,0,0,Matches
332,Nenad Krstičić,rs SRB,MF,rs Red Star,28,1990,4.8,2,0.42,1,0,0,0,0,1,0,0.00,0,0,0,0,0,0,Matches
333,Grzegorz Krychowiak,pl POL,"MF,DF",ru Loko Moscow,28,1990,6.0,15,2.50,12,1,0,0,2,0,1,0.17,1,0,0,0,0,0,Matches
334,Serhiy Kryvtsov,ua UKR,DF,ua Shakhtar,27,1991,5.0,2,0.40,2,0,0,0,0,0,0,0.00,0,0,0,0,0,0,Matches
335,Konstantin Kuchayev,ru RUS,MF,ru CSKA Moscow,20,1998,0.2,2,8.57,2,0,0,0,0,0,0,0.00,0,0,0,0,0,0,Matches
336,Ahmed Kutucu,tr TUR,FW,de Schalke 04,18,2000,0.2,0,0.00,0,0,0,0,0,0,0,0.00,0,0,0,0,0,0,Matches
337,Saba Kvirkvelia,ge GEO,DF,ru Loko Moscow,26,1992,4.8,0,0.00,0,0,0,0,0,0,0,0.00,0,0,0,0,0,0,Matches
338,Georgii Kyrnats,ru RUS,"GK,MF",ru CSKA Moscow,20,1998,0.0,0,0.00,0,0,0,0,0,0,0,0.00,0,0,0,0,0,0,Matches
339,Zakaria Labyad,ma MAR,MF,nl Ajax,25,1993,0.1,0,0.00,0,0,0,0,0,0,0,0.00,0,0,0,0,0,0,Matches
340,Adam Lallana,eng ENG,"MF,FW",eng Liverpool,30,1988,1.2,4,3.43,4,0,0,0,0,0,0,0.00,0,0,0,0,0,0,Matches
341,Vassilis Lambropoulos,gr GRE,DF,gr AEK Athens,28,1990,3.0,2,0.67,2,0,0,0,0,0,0,0.00,0,0,0,0,0,0,Matches
342,Érik Lamela,ar ARG,"FW,MF",eng Tottenham,26,1992,3.7,15,4.03,10,3,0,0,2,0,3,0.81,3,0,0,0,0,0,Matches
343,Aymeric Laporte,es ESP,DF,eng Manchester City,24,1994,9.8,10,1.02,9,0,1,0,0,0,1,0.10,1,0,0,0,0,0,Matches
344,Toni Lato,es ESP,DF,es Valencia,20,1997,0.6,0,0.00,0,0,0,0,0,0,0,0.00,0,0,0,0,0,0,Matches
345,Sandro Lauper,ch SUI,"DF,MF",ch Young Boys,21,1996,4.5,5,1.11,5,0,0,0,0,0,0,0.00,0,0,0,0,0,0,Matches
346,Diogo Leite,pt POR,DF,pt Porto,19,1999,1.0,0,0.00,0,0,0,0,0,0,0,0.00,0,0,0,0,0,0,Matches
347,Cristian Lema,ar ARG,DF,pt Benfica,28,1990,0.5,0,0.00,0,0,0,0,0,0,0,0.00,0,0,0,0,0,0,Matches
348,Thomas Lemar,fr FRA,"MF,FW",es Atlético Madrid,22,1995,4.5,16,3.52,11,4,0,1,0,0,2,0.44,2,0,0,0,0,0,Matches
349,Clément Lenglet,fr FRA,DF,es Barcelona,23,1995,11.1,5,0.45,5,0,0,0,0,0,0,0.00,0,0,0,0,0,0,Matches
350,Karlo Letica,hr CRO,GK,be Club Brugge,21,1997,3.0,0,0.00,0,0,0,0,0,0,0,0.00,0,0,0,0,0,0,Matches
351,Robert Lewandowski,pl POL,FW,de Bayern Munich,29,1988,7.9,19,2.40,12,0,3,2,1,1,4,0.51,2,0,1,0,1,0,Matches
352,Matthijs de Ligt,nl NED,DF,nl Ajax,18,1999,11.0,2,0.18,1,0,0,1,0,0,0,0.00,0,0,0,0,0,0,Matches
353,David Limberský,cz CZE,DF,cz Viktoria Plzeň,34,1983,5.5,12,2.18,9,1,0,2,0,0,2,0.36,1,1,0,0,0,0,Matches
354,Victor Lindelöf,se SWE,DF,eng Manchester Utd,24,1994,7.0,3,0.43,3,0,0,0,0,0,0,0.00,0,0,0,0,0,0,Matches
355,Jesse Lingard,eng ENG,"FW,MF",eng Manchester Utd,25,1992,3.3,14,4.29,14,0,0,0,0,0,1,0.31,1,0,0,0,0,0,Matches
356,Martin Linnes,no NOR,DF,tr Galatasaray,26,1991,4.5,8,1.79,8,0,0,0,0,0,1,0.22,1,0,0,0,0,0,Matches
357,Marko Livaja,hr CRO,FW,gr AEK Athens,24,1993,0.7,1,1.36,1,0,0,0,0,0,0,0.00,0,0,0,0,0,0,Matches
358,Fernando Llorente,es ESP,FW,eng Tottenham,33,1985,2.7,12,4.48,9,0,2,1,0,0,1,0.37,1,0,0,0,0,0,Matches
359,Marcos Llorente,es ESP,MF,es Real Madrid,23,1995,1.6,1,0.61,0,0,0,0,1,0,0,0.00,0,0,0,0,0,0,Matches
360,Hugo Lloris,fr FRA,GK,eng Tottenham,31,1986,10.9,0,0.00,0,0,0,0,0,0,0,0.00,0,0,0,0,0,0,Matches
361,Anthony Lopes,pt POR,GK,fr Lyon,27,1990,7.4,0,0.00,0,0,0,0,0,0,0,0.00,0,0,0,0,0,0,Matches
362,Adrián López,es ESP,"FW,MF",pt Porto,30,1988,1.3,5,3.72,5,0,0,0,0,0,0,0.00,0,0,0,0,0,0,Matches
363,Dejan Lovren,hr CRO,DF,eng Liverpool,29,1989,2.0,0,0.00,0,0,0,0,0,0,0,0.00,0,0,0,0,0,0,Matches
364,Hirving Lozano,mx MEX,FW,nl PSV Eindhoven,23,1995,6.0,31,5.18,14,4,2,2,8,1,1,0.17,1,0,0,0,0,0,Matches
365,Filipe Luís,br BRA,DF,es Atlético Madrid,32,1985,4.5,15,3.33,10,1,1,2,1,0,2,0.44,2,0,0,0,0,0,Matches
366,José Luis Gayà,es ESP,DF,es Valencia,23,1995,5.0,6,1.20,6,0,0,0,0,0,0,0.00,0,0,0,0,0,0,Matches
367,Romelu Lukaku,be BEL,FW,eng Manchester Utd,25,1993,6.1,12,1.97,10,0,2,0,0,0,3,0.49,1,0,2,0,0,0,Matches
368,Mikhail Lysov,ru RUS,DF,ru Loko Moscow,20,1998,0.1,0,0.00,0,0,0,0,0,0,0,0.00,0,0,0,0,0,0,Matches
369,Lisandro Magallán,ar ARG,DF,nl Ajax,24,1993,0.1,0,0.00,0,0,0,0,0,0,0,0.00,0,0,0,0,0,0,Matches
370,Hörður Magnússon,is ISL,DF,ru CSKA Moscow,25,1993,2.6,1,0.38,1,0,0,0,0,0,0,0.00,0,0,0,0,0,0,Matches
371,Riyad Mahrez,dz ALG,FW,eng Manchester City,27,1991,4.3,16,3.70,13,2,0,0,0,1,5,1.16,3,1,0,0,0,1,Matches
372,Maicon,br BRA,DF,tr Galatasaray,29,1988,3.2,0,0.00,0,0,0,0,0,0,0,0.00,0,0,0,0,0,0,Matches
373,Nikola Maksimović,rs SRB,DF,it Napoli,26,1991,4.8,9,1.86,8,0,1,0,0,0,2,0.41,2,0,0,0,0,0,Matches
374,Malcom,br BRA,"FW,MF",es Barcelona,21,1997,0.5,0,0.00,0,0,0,0,0,0,0,0.00,0,0,0,0,0,0,Matches
375,Donyell Malen,nl NED,"FW,MF",nl PSV Eindhoven,19,1999,2.0,4,2.03,2,0,0,1,1,0,1,0.51,1,0,0,0,0,0,Matches
376,Mario Mandžukić,hr CRO,FW,it Juventus,32,1986,6.4,10,1.56,10,0,0,0,0,0,1,0.16,1,0,0,0,0,0,Matches
377,Sadio Mané,sn SEN,FW,eng Liverpool,26,1992,12.8,51,4.00,34,0,8,3,6,0,6,0.47,2,0,2,0,2,0,Matches
378,Kostas Manolas,gr GRE,DF,it Roma,27,1991,7.3,5,0.71,2,0,1,2,0,0,0,0.00,0,0,0,0,0,0,Matches
379,Petros Mantalos,gr GRE,"FW,MF",gr AEK Athens,26,1991,4.8,12,2.49,5,4,2,1,0,0,0,0.00,0,0,0,0,0,0,Matches
380,Fernando Marçal,br BRA,DF,fr Lyon,29,1989,3.0,3,1.00,3,0,0,0,0,0,0,0.00,0,0,0,0,0,0,Matches
381,Iván Marcano,es ESP,DF,it Roma,31,1987,1.8,3,1.63,2,0,0,1,0,0,0,0.00,0,0,0,0,0,0,Matches
382,Marcelo,br BRA,DF,es Real Madrid,30,1988,3.8,11,2.89,11,0,0,0,0,0,1,0.26,1,0,0,0,0,0,Matches
383,Marcelo,br BRA,DF,fr Lyon,31,1987,8.0,5,0.62,2,1,0,1,0,1,2,0.25,0,1,0,1,0,0,Matches
384,Moussa Marega,ml MLI,FW,pt Porto,27,1991,9.3,18,2.00,9,0,1,5,2,1,4,0.44,3,0,0,0,1,0,Matches
385,José María Giménez,uy URU,DF,es Atlético Madrid,23,1995,4.0,1,0.25,1,0,0,0,0,0,0,0.00,0,0,0,0,0,0,Matches
386,Mariano,do DOM,FW,es Real Madrid,24,1993,0.9,3,3.46,3,0,0,0,0,0,0,0.00,0,0,0,0,0,0,Matches
387,Mariano,br BRA,DF,tr Galatasaray,32,1986,2.0,7,3.46,5,2,0,0,0,0,1,0.49,1,0,0,0,0,0,Matches
388,Marko Marin,de GER,"MF,FW",rs Red Star,29,1989,4.6,22,4.78,11,6,3,0,1,1,5,1.09,3,1,1,0,0,0,Matches
389,Guilherme Marinato,ru RUS,GK,ru Loko Moscow,32,1985,6.0,1,0.17,1,0,0,0,0,0,0,0.00,0,0,0,0,0,0,Matches
390,Marlos,ua UKR,FW,ua Shakhtar,30,1988,2.9,12,4.08,10,0,1,1,0,0,3,1.02,3,0,0,0,0,0,Matches
391,Marquinhos,br BRA,"MF,DF",fr Paris S-G,24,1994,7.0,7,1.00,6,0,0,1,0,0,0,0.00,0,0,0,0,0,0,Matches
392,Anthony Martial,fr FRA,"FW,MF",eng Manchester Utd,22,1995,5.6,19,3.37,11,0,3,3,2,0,1,0.18,1,0,0,0,0,0,Matches
393,Javi Martínez,es ESP,MF,de Bayern Munich,29,1988,5.8,4,0.69,4,0,0,0,0,0,0,0.00,0,0,0,0,0,0,Matches
394,Lautaro Martínez,ar ARG,MF,it Inter,20,1997,0.6,0,0.00,0,0,0,0,0,0,0,0.00,0,0,0,0,0,0,Matches
395,Gelson Martins,pt POR,FW,es Atlético Madrid,23,1995,1.0,3,3.07,3,0,0,0,0,0,1,1.02,1,0,0,0,0,0,Matches
396,Omar Mascarell,gq EQG,MF,de Schalke 04,25,1993,2.5,2,0.80,2,0,0,0,0,0,0,0.00,0,0,0,0,0,0,Matches
397,Han-Noah Massengo,fr FRA,MF,fr Monaco,17,2001,2.0,3,1.49,1,0,1,0,0,1,0,0.00,0,0,0,0,0,0,Matches
398,Clinton Mata,ao ANG,DF,be Club Brugge,25,1992,2.3,6,2.58,6,0,0,0,0,0,1,0.43,1,0,0,0,0,0,Matches
399,Juan Mata,es ESP,"MF,FW",eng Manchester Utd,30,1988,3.1,4,1.29,4,0,0,0,0,0,0,0.00,0,0,0,0,0,0,Matches
400,Nemanja Matić,rs SRB,MF,eng Manchester Utd,29,1988,6.0,11,1.83,10,0,0,0,1,0,0,0.00,0,0,0,0,0,0,Matches
401,Joël Matip,cm CMR,DF,eng Liverpool,26,1991,8.0,12,1.50,11,0,0,1,0,0,2,0.25,2,0,0,0,0,0,Matches
402,Blaise Matuidi,fr FRA,MF,it Juventus,31,1987,7.6,13,1.72,10,0,1,2,0,0,1,0.13,0,0,0,1,0,0,Matches
403,Mykola Matviyenko,ua UKR,DF,ua Shakhtar,22,1996,5.0,8,1.60,7,0,1,0,0,0,0,0.00,0,0,0,0,0,0,Matches
404,Eric Maxim Choupo-Moting,cm CMR,"MF,FW",fr Paris S-G,29,1989,0.6,3,5.09,3,0,0,0,0,0,1,1.70,1,0,0,0,0,0,Matches
405,Maycon,br BRA,MF,ua Shakhtar,21,1997,5.0,6,1.20,4,0,0,1,0,1,0,0.00,0,0,0,0,0,0,Matches
406,Noussair Mazraoui,ma MAR,DF,nl Ajax,20,1997,9.2,16,1.74,14,0,1,0,1,0,1,0.11,1,0,0,0,0,0,Matches
407,Kevin Mbabu,ch SUI,DF,ch Young Boys,23,1995,5.0,21,4.20,20,1,0,0,0,0,0,0.00,0,0,0,0,0,0,Matches
408,Kylian Mbappé,fr FRA,FW,fr Paris S-G,19,1998,7.8,31,3.99,24,0,3,2,2,0,7,0.90,5,0,1,1,0,0,Matches
409,Jordi Mboula,es ESP,MF,fr Monaco,19,1999,0.4,2,5.45,1,0,1,0,0,0,0,0.00,0,0,0,0,0,0,Matches
410,Weston McKennie,us USA,"MF,DF",de Schalke 04,19,1998,4.1,8,1.93,8,0,0,0,0,0,1,0.24,1,0,0,0,0,0,Matches
411,Scott McTominay,sct SCO,MF,eng Manchester Utd,21,1996,3.0,4,1.33,2,0,1,0,1,0,0,0.00,0,0,0,0,0,0,Matches
412,Brandon Mechele,be BEL,DF,be Club Brugge,25,1993,5.0,2,0.40,2,0,0,0,0,0,0,0.00,0,0,0,0,0,0,Matches
413,Arthur Melo,br BRA,MF,es Barcelona,21,1996,6.2,13,2.08,12,0,0,0,1,0,1,0.16,1,0,0,0,0,0,Matches
414,Memphis,nl NED,FW,fr Lyon,24,1994,6.8,38,5.56,25,7,2,2,2,0,4,0.59,4,0,0,0,0,0,Matches
415,Benjamin Mendy,fr FRA,DF,eng Manchester City,24,1994,1.9,6,3.12,4,0,0,1,0,1,1,0.52,0,0,0,1,0,0,Matches
416,Ferland Mendy,fr FRA,"DF,MF",fr Lyon,23,1995,7.8,23,2.93,18,0,1,2,2,0,2,0.25,2,0,0,0,0,0,Matches
417,Hamza Mendyl,ma MAR,"DF,MF",de Schalke 04,20,1997,4.1,2,0.49,1,0,0,1,0,0,0,0.00,0,0,0,0,0,0,Matches
418,Dries Mertens,be BEL,FW,it Napoli,31,1987,4.2,20,4.81,13,4,0,3,0,0,2,0.48,1,1,0,0,0,0,Matches
419,Lionel Messi,ar ARG,FW,es Barcelona,31,1987,9.3,80,8.59,59,4,7,5,4,1,12,1.29,8,0,2,1,1,0,Matches
420,Thomas Meunier,be BEL,DF,fr Paris S-G,26,1991,4.0,4,0.99,4,0,0,0,0,0,1,0.25,1,0,0,0,0,0,Matches
421,Arkadiusz Milik,pl POL,FW,it Napoli,24,1994,2.1,5,2.39,5,0,0,0,0,0,0,0.00,0,0,0,0,0,0,Matches
422,Éder Militão,br BRA,DF,pt Porto,20,1998,9.1,8,0.88,4,1,1,1,1,0,1,0.11,0,0,0,0,1,0,Matches
423,James Milner,eng ENG,"MF,DF",eng Liverpool,32,1986,10.0,33,3.30,22,11,0,0,0,0,5,0.50,3,2,0,0,0,0,Matches
424,Santi Mina,es ESP,"FW,MF",es Valencia,22,1995,2.5,6,2.44,5,0,1,0,0,0,1,0.41,1,0,0,0,0,0,Matches
425,Aleksei Miranchuk,ru RUS,"MF,FW",ru Loko Moscow,22,1995,5.7,32,5.61,17,7,3,4,1,0,3,0.53,1,1,1,0,0,0,Matches
426,Anton Miranchuk,ru RUS,"FW,MF",ru Loko Moscow,22,1995,4.3,22,5.06,14,2,3,2,0,1,0,0.00,0,0,0,0,0,0,Matches
427,Miranda,br BRA,DF,it Inter,33,1984,2.1,0,0.00,0,0,0,0,0,0,0,0.00,0,0,0,0,0,0,Matches
428,Juan Miranda,es ESP,DF,es Barcelona,18,2000,1.0,2,2.00,1,0,0,0,1,0,0,0.00,0,0,0,0,0,0,Matches
429,Antonio Mirante,it ITA,GK,it Roma,35,1983,2.0,0,0.00,0,0,0,0,0,0,0,0.00,0,0,0,0,0,0,Matches
430,Matej Mitrović,hr CRO,DF,be Club Brugge,24,1993,1.0,2,2.00,2,0,0,0,0,0,0,0.00,0,0,0,0,0,0,Matches
431,Luka Modrić,hr CRO,MF,es Real Madrid,32,1985,5.2,19,3.67,18,0,1,0,0,0,1,0.19,1,0,0,0,0,0,Matches
432,Javi Montero,es ESP,DF,es Atlético Madrid,19,1999,1.5,0,0.00,0,0,0,0,0,0,0,0.00,0,0,0,0,0,0,Matches
433,Júnior Moraes,ua UKR,FW,ua Shakhtar,31,1987,5.6,10,1.79,7,0,0,1,2,0,2,0.36,2,0,0,0,0,0,Matches
434,Wesley Moraes,br BRA,FW,be Club Brugge,21,1996,5.8,11,1.90,8,0,1,0,2,0,0,0.00,0,0,0,0,0,0,Matches
435,Erik Morán,es ESP,MF,gr AEK Athens,27,1991,1.1,2,1.80,0,1,0,1,0,0,0,0.00,0,0,0,0,0,0,Matches
436,Álvaro Morata,es ESP,FW,es Atlético Madrid,25,1992,1.4,1,0.73,0,0,0,1,0,0,1,0.73,0,0,0,1,0,0,Matches
437,Jérémy Morel,mg MAD,DF,fr Lyon,34,1984,1.0,0,0.00,0,0,0,0,0,0,0,0.00,0,0,0,0,0,0,Matches
438,Alberto Moreno,es ESP,DF,eng Liverpool,26,1992,0.1,0,0.00,0,0,0,0,0,0,0,0.00,0,0,0,0,0,0,Matches
439,Ubong Moses Ekpai,ng NGA,"FW,MF",cz Viktoria Plzeň,22,1995,0.4,0,0.00,0,0,0,0,0,0,0,0.00,0,0,0,0,0,0,Matches
440,Lucas Moura,br BRA,FW,eng Tottenham,25,1992,8.0,39,4.85,20,0,10,5,3,1,7,0.87,3,0,4,0,0,0,Matches
441,Thomas Müller,de GER,"MF,FW",de Bayern Munich,28,1989,3.9,15,3.82,14,0,1,0,0,0,2,0.51,2,0,0,0,0,0,Matches
442,Jeison Murillo,co COL,DF,es Valencia,26,1992,1.0,0,0.00,0,0,0,0,0,0,0,0.00,0,0,0,0,0,0,Matches
443,Fernando Muslera,uy URU,GK,tr Galatasaray,32,1986,6.0,1,0.17,1,0,0,0,0,0,0,0.00,0,0,0,0,0,0,Matches
444,Kévin N'Doram,fr FRA,MF,fr Monaco,22,1996,1.0,1,1.00,1,0,0,0,0,0,0,0.00,0,0,0,0,0,0,Matches
445,Kirill Nababkin,ru RUS,DF,ru CSKA Moscow,31,1986,6.0,3,0.50,3,0,0,0,0,0,1,0.17,1,0,0,0,0,0,Matches
446,Ben Nabouhane,km COM,FW,rs Red Star,29,1989,5.7,8,1.41,5,1,0,1,1,0,1,0.18,0,0,0,1,0,0,Matches
447,Nacho,es ESP,DF,es Real Madrid,28,1990,5.0,6,1.20,6,0,0,0,0,0,1,0.20,1,0,0,0,0,0,Matches
448,Yuto Nagatomo,jp JPN,DF,tr Galatasaray,31,1986,4.9,7,1.43,6,0,0,0,1,0,0,0.00,0,0,0,0,0,0,Matches
449,Radja Nainggolan,be BEL,MF,it Inter,30,1988,3.1,14,4.53,11,0,0,2,1,0,0,0.00,0,0,0,0,0,0,Matches
450,Marvelous Nakamba,zw ZIM,MF,be Club Brugge,24,1994,4.4,2,0.46,1,0,1,0,0,0,0,0.00,0,0,0,0,0,0,Matches
451,Naldo,br BRA,DF,de Schalke 04,35,1982,4.0,4,1.00,3,0,0,1,0,0,0,0.00,0,0,0,0,0,0,Matches
452,Matija Nastasić,rs SRB,DF,de Schalke 04,25,1993,6.0,3,0.50,3,0,0,0,0,0,0,0.00,0,0,0,0,0,0,Matches
453,Keylor Navas,cr CRC,GK,es Real Madrid,31,1986,3.0,0,0.00,0,0,0,0,0,0,0,0.00,0,0,0,0,0,0,Matches
454,Badou Ndiaye,sn SEN,MF,tr Galatasaray,27,1990,4.7,11,2.34,8,0,2,0,1,0,2,0.43,2,0,0,0,0,0,Matches
455,Tanguy Ndombele,fr FRA,MF,fr Lyon,21,1996,7.1,25,3.54,18,0,3,3,1,0,2,0.28,1,0,0,1,0,0,Matches
456,Reiss Nelson,eng ENG,"FW,MF",de Hoffenheim,18,1999,1.3,6,4.62,5,0,1,0,0,0,0,0.00,0,0,0,0,0,0,Matches
457,Wellington Nem,br BRA,FW,ua Shakhtar,26,1992,0.9,0,0.00,0,0,0,0,0,0,0,0.00,0,0,0,0,0,0,Matches
458,David Neres,br BRA,FW,nl Ajax,21,1997,9.4,37,3.93,32,0,3,1,1,0,5,0.53,3,0,2,0,0,0,Matches
459,Neto,br BRA,GK,es Valencia,29,1989,5.0,0,0.00,0,0,0,0,0,0,0,0.00,0,0,0,0,0,0,Matches
460,Manuel Neuer,de GER,GK,de Bayern Munich,32,1986,8.0,5,0.62,5,0,0,0,0,0,0,0.00,0,0,0,0,0,0,Matches
461,Neymar,br BRA,"MF,FW",fr Paris S-G,26,1992,5.9,54,9.15,34,4,7,4,5,0,8,1.36,4,0,1,0,3,0,Matches
462,Moumi Ngamaleu,cm CMR,"FW,MF",ch Young Boys,24,1994,2.2,6,2.69,5,0,0,0,1,0,2,0.90,1,0,0,0,1,0,Matches
463,Cyril Ngonge,be BEL,DF,be Club Brugge,18,2000,0.8,1,1.32,1,0,0,0,0,0,0,0.00,0,0,0,0,0,0,Matches
464,Saúl Ñíguez,es ESP,"MF,DF",es Atlético Madrid,23,1994,7.0,12,1.71,11,0,0,0,0,1,1,0.14,1,0,0,0,0,0,Matches
465,Takuma Nishimura,jp JPN,FW,ru CSKA Moscow,21,1996,0.0,0,0.00,0,0,0,0,0,0,0,0.00,0,0,0,0,0,0,Matches
466,Håvard Nordtveit,no NOR,"DF,MF",de Hoffenheim,28,1990,2.1,2,0.97,2,0,0,0,0,0,0,0.00,0,0,0,0,0,0,Matches
467,Jean-Pierre Nsame,cm CMR,FW,ch Young Boys,25,1993,1.6,3,1.93,2,0,1,0,0,0,0,0.00,0,0,0,0,0,0,Matches
468,Alexander Nübel,de GER,GK,de Schalke 04,21,1996,2.0,0,0.00,0,0,0,0,0,0,0,0.00,0,0,0,0,0,0,Matches
469,Kasim Nuhu,gh GHA,DF,de Hoffenheim,23,1995,1.6,0,0.00,0,0,0,0,0,0,0,0.00,0,0,0,0,0,0,Matches
470,Steven Nzonzi,fr FRA,MF,it Roma,29,1988,6.8,18,2.80,15,1,0,1,1,0,2,0.31,2,0,0,0,0,0,Matches
471,Jan Oblak,si SVN,GK,es Atlético Madrid,25,1993,8.0,0,0.00,0,0,0,0,0,0,0,0.00,0,0,0,0,0,0,Matches
472,Ivan Oblyakov,ru RUS,"MF,FW",ru CSKA Moscow,20,1998,5.4,19,3.53,9,5,4,1,0,0,1,0.19,0,1,0,0,0,0,Matches
473,Bastian Oczipka,de GER,DF,de Schalke 04,29,1989,2.0,0,0.00,0,0,0,0,0,0,0,0.00,0,0,0,0,0,0,Matches
474,Álvaro Odriozola,es ESP,DF,es Real Madrid,22,1995,2.5,9,3.55,9,0,0,0,0,0,0,0.00,0,0,0,0,0,0,Matches
475,Marios Oikonomou,gr GRE,DF,gr AEK Athens,25,1992,3.7,5,1.34,5,0,0,0,0,0,1,0.27,1,0,0,0,0,0,Matches
476,Sérgio Oliveira,pt POR,MF,pt Porto,26,1992,1.1,3,2.76,1,1,0,0,0,1,1,0.92,1,0,0,0,0,0,Matches
477,Robin Olsen,se SWE,GK,it Roma,28,1990,6.3,1,0.17,0,1,0,0,0,0,0,0.00,0,0,0,0,0,0,Matches
478,André Onana,cm CMR,GK,nl Ajax,22,1996,12.0,1,0.08,0,1,0,0,0,0,0,0.00,0,0,0,0,0,0,Matches
479,Henry Onyekuru,ng NGA,"FW,MF",tr Galatasaray,21,1997,3.6,9,2.50,9,0,0,0,0,0,1,0.28,1,0,0,0,0,0,Matches
480,Loïs Openda,be BEL,"FW,MF",be Club Brugge,18,2000,1.2,1,0.82,0,0,0,1,0,0,0,0.00,0,0,0,0,0,0,Matches
481,Divock Origi,be BEL,FW,eng Liverpool,23,1995,2.5,3,1.22,1,0,1,0,1,0,1,0.41,1,0,0,0,0,0,Matches
482,David Ospina,co COL,GK,it Napoli,29,1988,6.0,0,0.00,0,0,0,0,0,0,0,0.00,0,0,0,0,0,0,Matches
483,Nicolás Otamendi,ar ARG,DF,eng Manchester City,30,1988,4.4,6,1.35,4,0,0,2,0,0,0,0.00,0,0,0,0,0,0,Matches
484,Otávio,pt POR,"MF,FW",pt Porto,23,1995,5.7,22,3.85,16,0,2,1,2,1,1,0.18,1,0,0,0,0,0,Matches
485,Adam Ounas,dz ALG,"MF,FW",it Napoli,21,1996,0.3,1,3.75,1,0,0,0,0,0,0,0.00,0,0,0,0,0,0,Matches
486,Leandro Paredes,ar ARG,MF,fr Paris S-G,24,1994,0.4,1,2.43,1,0,0,0,0,0,0,0.00,0,0,0,0,0,0,Matches
487,Daniel Parejo,es ESP,MF,es Valencia,29,1989,5.0,21,4.20,14,5,1,1,0,0,0,0.00,0,0,0,0,0,0,Matches
488,Thomas Partey,gh GHA,MF,es Atlético Madrid,25,1993,4.6,6,1.30,6,0,0,0,0,0,2,0.43,2,0,0,0,0,0,Matches
489,Javier Pastore,ar ARG,MF,it Roma,29,1989,0.6,1,1.55,1,0,0,0,0,0,0,0.00,0,0,0,0,0,0,Matches
490,Alan Patrick,br BRA,MF,ua Shakhtar,27,1991,2.3,15,6.55,14,0,0,0,1,0,2,0.87,2,0,0,0,0,0,Matches
491,Gabriel Paulista,br BRA,DF,es Valencia,27,1990,5.0,3,0.60,0,1,0,1,1,0,0,0.00,0,0,0,0,0,0,Matches
492,Milan Pavkov,rs SRB,FW,rs Red Star,24,1994,2.4,0,0.00,0,0,0,0,0,0,0,0.00,0,0,0,0,0,0,Matches
493,Lorenzo Pellegrini,it ITA,MF,it Roma,22,1996,4.3,28,6.45,16,8,3,0,1,0,3,0.69,2,1,0,0,0,0,Matches
494,Luca Pellegrini,it ITA,DF,it Roma,19,1999,0.3,0,0.00,0,0,0,0,0,0,0,0.00,0,0,0,0,0,0,Matches
495,Pepe,pt POR,DF,pt Porto,35,1983,3.3,5,1.67,4,0,0,1,0,0,0,0.00,0,0,0,0,0,0,Matches
496,André Pereira,pt POR,"FW,MF",pt Porto,23,1995,0.7,5,6.82,4,0,1,0,0,0,0,0.00,0,0,0,0,0,0,Matches
497,Andreas Pereira,br BRA,"MF,FW",eng Manchester Utd,22,1996,2.1,6,2.83,5,1,0,0,0,0,0,0.00,0,0,0,0,0,0,Matches
498,Danilo Pereira,pt POR,MF,pt Porto,26,1991,10.3,13,1.30,10,0,0,1,1,1,0,0.00,0,0,0,0,0,0,Matches
499,Maxi Pereira,uy URU,DF,pt Porto,34,1984,7.0,9,1.31,6,1,0,2,0,0,3,0.44,2,0,0,1,0,0,Matches
500,Gastón Pereiro,uy URU,MF,nl PSV Eindhoven,23,1995,4.3,18,4.16,12,3,1,2,0,0,1,0.23,0,1,0,0,0,0,Matches
501,Luan Peres Petroni,br BRA,DF,be Club Brugge,24,1994,0.2,0,0.00,0,0,0,0,0,0,0,0.00,0,0,0,0,0,0,Matches
502,Ivan Perišić,hr CRO,FW,it Inter,29,1989,5.5,19,3.43,16,0,1,1,0,1,0,0.00,0,0,0,0,0,0,Matches
503,Luděk Pernica,cz CZE,DF,cz Viktoria Plzeň,28,1990,1.0,1,1.00,1,0,0,0,0,0,0,0.00,0,0,0,0,0,0,Matches
504,Diego Perotti,ar ARG,"FW,MF",it Roma,30,1988,1.7,8,6.05,5,1,0,0,1,1,1,0.76,0,0,0,0,1,0,Matches
505,Milan Petržela,cz CZE,FW,cz Viktoria Plzeň,35,1983,2.5,8,3.17,7,0,0,1,0,0,1,0.40,1,0,0,0,0,0,Matches
506,Maximilian Philipp,de GER,FW,de Dortmund,24,1994,0.9,6,6.35,3,0,0,1,1,1,1,1.06,1,0,0,0,0,0,Matches
507,Cristiano Piccini,it ITA,DF,es Valencia,25,1992,3.0,7,2.33,5,0,2,0,0,0,1,0.33,1,0,0,0,0,0,Matches
508,Gerard Piqué,es ESP,DF,es Barcelona,31,1987,11.0,3,0.27,2,0,0,0,0,1,0,0.00,0,0,0,0,0,0,Matches
509,Łukasz Piszczek,pl POL,DF,de Dortmund,33,1985,5.0,6,1.20,6,0,0,0,0,0,1,0.20,1,0,0,0,0,0,Matches
510,Pizzi,pt POR,MF,pt Benfica,28,1989,3.5,17,4.80,5,12,0,0,0,0,1,0.28,1,0,0,0,0,0,Matches
511,Miralem Pjanić,ba BIH,MF,it Juventus,28,1990,9.0,45,4.99,30,12,2,0,1,0,1,0.11,0,1,0,0,0,0,Matches
512,Paul Pogba,fr FRA,MF,eng Manchester Utd,25,1993,8.1,40,4.94,30,0,2,1,7,0,4,0.49,3,0,0,0,1,0,Matches
513,Matteo Politano,it ITA,FW,it Inter,24,1993,5.0,26,5.21,13,9,1,0,2,1,1,0.20,1,0,0,0,0,0,Matches
514,Ilya Pomazun,ru RUS,GK,ru CSKA Moscow,21,1996,1.0,0,0.00,0,0,0,0,0,0,0,0.00,0,0,0,0,0,0,Matches
515,Ezequiel Ponce,ar ARG,FW,gr AEK Athens,21,1997,5.4,5,0.92,4,0,0,0,1,0,0,0.00,0,0,0,0,0,0,Matches
516,Stefan Posch,at AUT,DF,de Hoffenheim,21,1997,2.0,0,0.00,0,0,0,0,0,0,0,0.00,0,0,0,0,0,0,Matches
517,Benoît Poulain,fr FRA,DF,be Club Brugge,31,1987,6.0,2,0.33,2,0,0,0,0,0,0,0.00,0,0,0,0,0,0,Matches
518,Roman Procházka,sk SVK,MF,cz Viktoria Plzeň,29,1989,4.7,5,1.06,3,0,0,2,0,0,0,0.00,0,0,0,0,0,0,Matches
519,Christian Pulisic,us USA,FW,de Dortmund,19,1998,5.0,11,2.18,7,2,2,0,0,0,1,0.20,1,0,0,0,0,0,Matches
520,Andriy Pyatov,ua UKR,GK,ua Shakhtar,34,1984,6.0,1,0.17,0,1,0,0,0,0,0,0.00,0,0,0,0,0,0,Matches
521,Adrien Rabiot,fr FRA,MF,fr Paris S-G,23,1995,3.2,7,2.22,4,0,1,1,1,0,1,0.32,0,0,1,0,0,0,Matches
522,Rafael,br BRA,"DF,MF",fr Lyon,28,1990,2.6,1,0.38,1,0,0,0,0,0,0,0.00,0,0,0,0,0,0,Matches
523,Rafinha,br BRA,DF,de Bayern Munich,32,1985,4.1,8,1.96,8,0,0,0,0,0,2,0.49,2,0,0,0,0,0,Matches
524,Rafinha,br BRA,FW,es Barcelona,25,1993,0.9,2,2.28,2,0,0,0,0,0,1,1.14,1,0,0,0,0,0,Matches
525,Andrea Raggi,it ITA,DF,fr Monaco,34,1984,4.0,4,1.00,3,1,0,0,0,0,0,0.00,0,0,0,0,0,0,Matches
526,Baba Rahman,gh GHA,DF,de Schalke 04,24,1994,0.8,3,3.60,2,1,0,0,0,0,0,0.00,0,0,0,0,0,0,Matches
527,Ivan Rakitić,hr CRO,MF,es Barcelona,30,1988,11.3,22,1.94,19,1,0,1,1,0,2,0.18,2,0,0,0,0,0,Matches
528,Yaroslav Rakitskiy,ua UKR,DF,ua Shakhtar,28,1989,4.0,12,3.00,6,6,0,0,0,0,0,0.00,0,0,0,0,0,0,Matches
529,Sergio Ramos,es ESP,DF,es Real Madrid,32,1986,4.6,2,0.43,1,0,0,1,0,0,0,0.00,0,0,0,0,0,0,Matches
530,Marcus Rashford,eng ENG,FW,eng Manchester Utd,20,1997,8.0,17,2.12,11,1,4,1,0,0,1,0.12,0,0,0,1,0,0,Matches
531,Sergio Reguilón,es ESP,DF,es Real Madrid,21,1996,4.0,11,2.75,8,1,1,1,0,0,3,0.75,2,0,1,0,0,0,Matches
532,Marco Reus,de GER,"MF,FW",de Dortmund,29,1989,5.8,18,3.10,13,1,1,1,1,1,1,0.17,1,0,0,0,0,0,Matches
533,Kaveh Rezaei,ir IRN,FW,be Club Brugge,26,1992,1.1,2,1.86,2,0,0,0,0,0,0,0.00,0,0,0,0,0,0,Matches
534,Jakub Řezníček,cz CZE,FW,cz Viktoria Plzeň,30,1988,0.7,0,0.00,0,0,0,0,0,0,0,0.00,0,0,0,0,0,0,Matches
535,Radim Řezník,cz CZE,DF,cz Viktoria Plzeň,29,1989,5.0,4,0.80,3,0,0,0,1,0,0,0.00,0,0,0,0,0,0,Matches
536,Franck Ribéry,fr FRA,"MF,FW",de Bayern Munich,35,1983,4.8,12,2.48,8,0,3,1,0,0,3,0.62,2,0,0,1,0,0,Matches
537,Mats Rits,be BEL,MF,be Club Brugge,25,1993,3.0,2,0.66,2,0,0,0,0,0,1,0.33,1,0,0,0,0,0,Matches
538,Arjen Robben,nl NED,"FW,MF",de Bayern Munich,34,1984,3.5,19,5.48,11,2,2,4,0,0,5,1.44,2,1,1,1,0,0,Matches
539,Sergi Roberto,es ESP,"DF,MF",es Barcelona,26,1992,7.8,19,2.42,16,1,1,0,0,1,0,0.00,0,0,0,0,0,0,Matches
540,Andrew Robertson,sct SCO,DF,eng Liverpool,24,1994,11.2,24,2.15,18,1,1,3,1,0,3,0.27,3,0,0,0,0,0,Matches
541,Milan Rodić,rs SRB,DF,rs Red Star,27,1991,5.0,5,1.00,4,0,0,0,0,1,0,0.00,0,0,0,0,0,0,Matches
542,Rodri,es ESP,MF,es Atlético Madrid,22,1996,6.7,8,1.19,7,0,1,0,0,0,0,0.00,0,0,0,0,0,0,Matches
543,Rodrigo,es ESP,FW,es Valencia,27,1991,4.8,21,4.42,18,0,0,1,2,0,1,0.21,1,0,0,0,0,0,Matches
544,Garry Rodrigues,cv CPV,"FW,MF",tr Galatasaray,27,1990,5.7,23,4.05,15,0,3,2,3,0,2,0.35,1,0,0,0,1,0,Matches
545,James Rodríguez,co COL,MF,de Bayern Munich,27,1991,3.7,12,3.24,5,5,0,1,1,0,1,0.27,1,0,0,0,0,0,Matches
546,Marko Rog,hr CRO,"FW,MF",it Napoli,23,1995,0.1,0,0.00,0,0,0,0,0,0,0,0.00,0,0,0,0,0,0,Matches
547,Marcos Rojo,ar ARG,DF,eng Manchester Utd,28,1990,0.5,0,0.00,0,0,0,0,0,0,0,0.00,0,0,0,0,0,0,Matches
548,Maximiliano Romero,ar ARG,FW,nl PSV Eindhoven,19,1999,0.1,1,7.50,1,0,0,0,0,0,0,0.00,0,0,0,0,0,0,Matches
549,Sergio Romero,ar ARG,GK,eng Manchester Utd,31,1987,1.0,1,1.00,1,0,0,0,0,0,0,0.00,0,0,0,0,0,0,Matches
550,Cristiano Ronaldo,pt POR,FW,it Juventus,33,1985,8.3,42,5.05,27,2,3,5,5,0,4,0.48,4,0,0,0,0,0,Matches
551,Pablo Rosario,nl NED,MF,nl PSV Eindhoven,21,1997,5.9,10,1.69,8,0,0,1,1,0,2,0.34,1,0,0,1,0,0,Matches
552,Danny Rose,eng ENG,DF,eng Tottenham,28,1990,5.9,11,1.87,7,1,1,1,1,0,0,0.00,0,0,0,0,0,0,Matches
553,Boris Rotenberg,fi FIN,FW,ru Loko Moscow,32,1986,0.0,0,0.00,0,0,0,0,0,0,0,0.00,0,0,0,0,0,0,Matches
554,Sebastian Rudy,de GER,MF,de Schalke 04,28,1990,2.7,8,3.01,5,3,0,0,0,0,0,0.00,0,0,0,0,0,0,Matches
555,Daniele Rugani,it ITA,DF,it Juventus,24,1994,3.0,0,0.00,0,0,0,0,0,0,0,0.00,0,0,0,0,0,0,Matches
556,Mário Rui,pt POR,DF,it Napoli,27,1991,5.8,16,2.77,15,0,0,0,1,0,1,0.17,1,0,0,0,0,0,Matches
557,Fabián Ruiz Peña,es ESP,MF,it Napoli,22,1996,5.2,14,2.69,11,0,2,1,0,0,1,0.19,0,0,0,1,0,0,Matches
558,Maciej Rybus,pl POL,DF,ru Loko Moscow,28,1989,2.0,2,1.00,2,0,0,0,0,0,0,0.00,0,0,0,0,0,0,Matches
559,Michal Sadílek,cz CZE,MF,nl PSV Eindhoven,19,1999,0.3,0,0.00,0,0,0,0,0,0,0,0.00,0,0,0,0,0,0,Matches
560,Trent Sainsbury,au AUS,DF,nl PSV Eindhoven,26,1992,1.1,0,0.00,0,0,0,0,0,0,0,0.00,0,0,0,0,0,0,Matches
561,Mohamed Salah,eg EGY,FW,eng Liverpool,26,1992,11.7,51,4.35,33,1,7,8,2,0,4,0.34,2,0,1,1,0,0,Matches
562,Eduardo Salvio,ar ARG,"FW,MF",pt Benfica,28,1990,2.7,11,4.07,4,1,3,2,1,0,1,0.37,0,1,0,0,0,0,Matches
563,Renato Sanches,pt POR,MF,de Bayern Munich,20,1997,1.4,1,0.69,1,0,0,0,0,0,0,0.00,0,0,0,0,0,0,Matches
564,Alexis Sánchez,cl CHI,FW,eng Manchester Utd,29,1988,2.3,8,3.43,5,1,0,1,1,0,0,0.00,0,0,0,0,0,0,Matches
565,Davinson Sánchez,co COL,DF,eng Tottenham,22,1996,7.0,7,1.00,6,0,0,1,0,0,1,0.14,1,0,0,0,0,0,Matches
566,Javi Sánchez,es ESP,DF,es Real Madrid,21,1997,1.4,0,0.00,0,0,0,0,0,0,0,0.00,0,0,0,0,0,0,Matches
567,Jadon Sancho,eng ENG,"FW,MF",de Dortmund,18,2000,4.8,12,2.48,10,2,0,0,0,0,1,0.21,1,0,0,0,0,0,Matches
568,Alex Sandro,br BRA,DF,it Juventus,27,1991,8.3,18,2.18,13,1,0,3,1,0,0,0.00,0,0,0,0,0,0,Matches
569,Leroy Sané,de GER,"FW,DF",eng Manchester City,22,1996,4.4,24,5.43,17,2,1,0,4,0,6,1.36,5,0,1,0,0,0,Matches
570,Salif Sané,sn SEN,DF,de Schalke 04,27,1990,6.0,8,1.33,5,1,0,1,1,0,2,0.33,1,0,0,0,1,0,Matches
571,Sékou Sanogo,ci CIV,MF,ch Young Boys,29,1989,3.3,7,2.09,7,0,0,0,0,0,0,0.00,0,0,0,0,0,0,Matches
572,Davide Santon,it ITA,DF,it Roma,27,1991,2.9,4,1.40,2,0,0,0,1,1,1,0.35,1,0,0,0,0,0,Matches
573,Stefan Savić,me MNE,DF,es Atlético Madrid,27,1991,0.9,0,0.00,0,0,0,0,0,0,0,0.00,0,0,0,0,0,0,Matches
574,Vujadin Savić,rs SRB,DF,rs Red Star,28,1990,2.5,0,0.00,0,0,0,0,0,0,0,0.00,0,0,0,0,0,0,Matches
575,Patrik Schick,cz CZE,FW,it Roma,22,1996,2.8,5,1.97,2,0,1,1,1,0,0,0.00,0,0,0,0,0,0,Matches
576,Thorsten Schick,at AUT,"DF,FW",ch Young Boys,28,1990,1.1,1,0.94,1,0,0,0,0,0,0,0.00,0,0,0,0,0,0,Matches
577,Marcel Schmelzer,de GER,DF,de Dortmund,30,1988,2.2,6,2.78,5,0,0,1,0,0,1,0.46,1,0,0,0,0,0,Matches
578,Lasse Schöne,dk DEN,MF,nl Ajax,32,1986,9.8,34,3.47,22,10,0,2,0,0,6,0.61,4,2,0,0,0,0,Matches
579,Alessandro Schöpf,at AUT,"DF,FW",de Schalke 04,24,1994,3.3,5,1.51,2,1,0,0,1,1,0,0.00,0,0,0,0,0,0,Matches
580,Siebe Schrijvers,be BEL,FW,be Club Brugge,22,1996,0.8,0,0.00,0,0,0,0,0,0,0,0.00,0,0,0,0,0,0,Matches
581,Nico Schulz,de GER,"DF,MF",de Hoffenheim,25,1993,4.9,20,4.06,16,0,2,1,0,1,3,0.61,2,0,0,1,0,0,Matches
582,Daniel Schwaab,de GER,DF,nl PSV Eindhoven,29,1988,5.0,3,0.60,3,0,0,0,0,0,0,0.00,0,0,0,0,0,0,Matches
583,Haris Seferović,ch SUI,FW,pt Benfica,26,1992,4.8,10,2.10,8,0,1,1,0,0,0,0.00,0,0,0,0,0,0,Matches
584,Alfa Semedo,gw GNB,"MF,FW",pt Benfica,20,1997,1.5,0,0.00,0,0,0,0,0,0,0,0.00,0,0,0,0,0,0,Matches
585,Nélson Semedo,pt POR,DF,es Barcelona,24,1993,6.2,8,1.29,7,0,0,0,1,0,1,0.16,1,0,0,0,0,0,Matches
586,Suat Serdar,de GER,MF,de Schalke 04,21,1997,5.6,11,1.97,6,0,3,1,1,0,3,0.54,1,0,0,1,1,0,Matches
587,Julien Serrano,fr FRA,DF,fr Monaco,20,1998,0.1,0,0.00,0,0,0,0,0,0,0,0.00,0,0,0,0,0,0,Matches
588,Stephan El Shaarawy,it ITA,FW,it Roma,25,1992,2.9,6,2.07,5,0,0,0,1,0,3,1.03,3,0,0,0,0,0,Matches
589,Xherdan Shaqiri,ch SUI,"FW,MF",eng Liverpool,26,1991,2.0,6,3.07,4,1,0,0,1,0,3,1.53,3,0,0,0,0,0,Matches
590,Luke Shaw,eng ENG,DF,eng Manchester Utd,23,1995,8.0,17,2.12,11,4,0,2,0,0,1,0.12,1,0,0,0,0,0,Matches
591,Georgi Shchennikov,ru RUS,"DF,FW",ru CSKA Moscow,27,1991,2.4,3,1.26,1,0,0,0,2,0,1,0.42,0,0,0,0,1,0,Matches
592,Djibril Sidibé,fr FRA,"DF,MF",fr Monaco,26,1992,3.7,4,1.08,4,0,0,0,0,0,0,0.00,0,0,0,0,0,0,Matches
593,Arnór Sigurðsson,is ISL,"MF,FW",ru CSKA Moscow,19,1999,3.9,11,2.79,9,0,1,0,1,0,2,0.51,1,0,1,0,0,0,Matches
594,Bernardo Silva,pt POR,"MF,FW",eng Manchester City,23,1994,6.4,35,5.44,26,1,3,2,3,0,7,1.09,6,0,0,0,1,0,Matches
595,David Silva,es ESP,MF,eng Manchester City,32,1986,7.9,37,4.66,32,1,0,2,1,1,6,0.76,4,0,0,0,1,1,Matches
596,Rafa Silva,pt POR,"FW,MF",pt Benfica,25,1993,4.1,17,4.16,10,0,0,3,3,1,0,0.00,0,0,0,0,0,0,Matches
597,Thiago Silva,br BRA,DF,fr Paris S-G,33,1984,6.8,2,0.29,2,0,0,0,0,0,1,0.15,1,0,0,0,0,0,Matches
598,Veljko Simić,rs SRB,FW,rs Red Star,23,1995,2.3,1,0.44,1,0,0,0,0,0,0,0.00,0,0,0,0,0,0,Matches
599,André Simões,pt POR,MF,gr AEK Athens,28,1989,3.9,3,0.78,2,0,0,0,1,0,1,0.26,1,0,0,0,0,0,Matches
600,Daley Sinkgraven,nl NED,"DF,FW",nl Ajax,23,1995,1.1,2,1.89,2,0,0,0,0,0,0,0.00,0,0,0,0,0,0,Matches
601,Moussa Sissoko,fr FRA,MF,eng Tottenham,28,1989,8.1,13,1.60,12,0,1,0,0,0,2,0.25,2,0,0,0,0,0,Matches
602,Milan Škriniar,sk SVK,DF,it Inter,23,1995,6.0,4,0.67,4,0,0,0,0,0,0,0.00,0,0,0,0,0,0,Matches
603,Steven Skrzybski,de GER,"FW,MF",de Schalke 04,25,1992,1.1,1,0.96,1,0,0,0,0,0,0,0.00,0,0,0,0,0,0,Matches
604,Chris Smalling,eng ENG,DF,eng Manchester Utd,28,1989,8.0,3,0.37,3,0,0,0,0,0,0,0.00,0,0,0,0,0,0,Matches
605,Fyodor Smolov,ru RUS,FW,ru Loko Moscow,28,1990,1.3,5,3.81,3,0,1,1,0,0,1,0.76,1,0,0,0,0,0,Matches
606,Tiquinho Soares,br BRA,FW,pt Porto,27,1991,3.0,6,1.98,3,0,0,2,0,1,1,0.33,0,0,0,1,0,0,Matches
607,Carlos Soler,es ESP,MF,es Valencia,21,1997,4.4,13,2.98,11,0,1,1,0,0,4,0.92,3,0,0,1,0,0,Matches
608,Djibril Sow,ch SUI,MF,ch Young Boys,21,1997,5.6,14,2.49,11,0,0,0,2,1,1,0.18,0,0,0,0,1,0,Matches
609,Leonardo Spinazzola,it ITA,DF,it Juventus,25,1993,0.7,5,6.82,3,0,2,0,0,0,0,0.00,0,0,0,0,0,0,Matches
610,Slavoljub Srnić,rs SRB,"FW,MF",rs Red Star,26,1992,2.7,2,0.74,1,0,0,1,0,0,0,0.00,0,0,0,0,0,0,Matches
611,Benjamin Stambouli,fr FRA,DF,de Schalke 04,27,1990,4.8,4,0.84,3,0,0,0,0,1,1,0.21,1,0,0,0,0,0,Matches
612,Taras Stepanenko,ua UKR,MF,ua Shakhtar,28,1989,5.8,7,1.20,7,0,0,0,0,0,0,0.00,0,0,0,0,0,0,Matches
613,Raheem Sterling,eng ENG,FW,eng Manchester City,23,1994,9.7,53,5.49,34,2,9,4,3,1,7,0.72,2,1,2,0,2,0,Matches
614,Nikola Stojiljković,rs SRB,FW,rs Red Star,25,1992,0.5,0,0.00,0,0,0,0,0,0,0,0.00,0,0,0,0,0,0,Matches
615,Filip Stojković,me MNE,DF,rs Red Star,25,1993,4.6,3,0.65,3,0,0,0,0,0,0,0.00,0,0,0,0,0,0,Matches
616,John Stones,eng ENG,DF,eng Manchester City,24,1994,4.7,2,0.43,2,0,0,0,0,0,0,0.00,0,0,0,0,0,0,Matches
617,Daniel Sturridge,eng ENG,FW,eng Liverpool,28,1989,2.3,7,3.80,5,0,2,0,0,0,1,0.54,1,0,0,0,0,0,Matches
618,Denis Suárez,es ESP,FW,es Barcelona,24,1994,0.3,2,6.92,2,0,0,0,0,0,0,0.00,0,0,0,0,0,0,Matches
619,Luis Suárez,uy URU,FW,es Barcelona,31,1987,10.0,48,4.81,30,0,7,6,5,0,8,0.80,5,0,1,1,1,0,Matches
620,Danijel Subašić,hr CRO,GK,fr Monaco,33,1984,0.5,0,0.00,0,0,0,0,0,0,0,0.00,0,0,0,0,0,0,Matches
621,Niklas Süle,de GER,DF,de Bayern Munich,22,1995,5.0,2,0.40,2,0,0,0,0,0,0,0.00,0,0,0,0,0,0,Matches
622,Miralem Sulejmani,rs SRB,"MF,FW",ch Young Boys,29,1988,3.8,9,2.37,4,3,0,1,1,0,1,0.26,0,0,0,1,0,0,Matches
623,Moussa Sylla,ml MLI,FW,fr Monaco,18,1999,3.8,9,2.35,7,0,1,1,0,0,0,0.00,0,0,0,0,0,0,Matches
624,Ádám Szalai,hu HUN,"FW,MF",de Hoffenheim,30,1987,3.0,9,3.02,8,0,0,1,0,0,1,0.34,1,0,0,0,0,0,Matches
625,Wojciech Szczęsny,pl POL,GK,it Juventus,28,1990,10.0,2,0.20,2,0,0,0,0,0,0,0.00,0,0,0,0,0,0,Matches
626,Dušan Tadić,rs SRB,FW,nl Ajax,29,1988,12.0,72,6.00,57,1,8,3,3,0,11,0.92,6,0,3,1,1,0,Matches
627,Nicolás Tagliafico,ar ARG,DF,nl Ajax,25,1992,10.0,16,1.60,12,1,0,1,2,0,2,0.20,1,1,0,0,0,0,Matches
628,Taison,br BRA,"FW,MF",ua Shakhtar,30,1988,4.8,22,4.54,19,0,2,0,1,0,3,0.62,3,0,0,0,0,0,Matches
629,Alex Telles,br BRA,DF,pt Porto,25,1992,10.3,34,3.40,12,22,0,0,0,0,4,0.40,0,4,0,0,0,0,Matches
630,Marc-André ter Stegen,de GER,GK,es Barcelona,26,1992,11.0,0,0.00,0,0,0,0,0,0,0,0.00,0,0,0,0,0,0,Matches
631,Martin Terrier,fr FRA,"FW,MF",fr Lyon,21,1997,1.8,2,1.14,2,0,0,0,0,0,0,0.00,0,0,0,0,0,0,Matches
632,Kenny Tete,nl NED,DF,fr Lyon,22,1995,2.2,7,3.20,6,0,0,0,0,1,2,0.91,2,0,0,0,0,0,Matches
633,Cedric Teuchert,de GER,FW,de Schalke 04,21,1997,0.9,1,1.08,0,0,0,1,0,0,0,0.00,0,0,0,0,0,0,Matches
634,Khéphren Thuram,fr FRA,MF,fr Monaco,17,2001,0.6,2,3.60,1,0,0,0,1,0,0,0.00,0,0,0,0,0,0,Matches
635,Youri Tielemans,be BEL,MF,fr Monaco,21,1997,6.0,20,3.33,12,2,0,2,4,0,0,0.00,0,0,0,0,0,0,Matches
636,Ömer Toprak,tr TUR,DF,de Dortmund,29,1989,3.0,1,0.33,1,0,0,0,0,0,0,0.00,0,0,0,0,0,0,Matches
637,Ferrán Torres,es ESP,MF,es Valencia,18,2000,1.2,2,1.68,1,0,1,0,0,0,0,0.00,0,0,0,0,0,0,Matches
638,Óliver Torres,es ESP,MF,pt Porto,23,1994,3.9,9,2.31,8,1,0,0,0,0,1,0.26,1,0,0,0,0,0,Matches
639,Almamy Touré,ml MLI,DF,fr Monaco,22,1996,0.2,0,0.00,0,0,0,0,0,0,0,0.00,0,0,0,0,0,0,Matches
640,Lucas Tousart,fr FRA,MF,fr Lyon,21,1997,5.4,5,0.93,5,0,0,0,0,0,0,0.00,0,0,0,0,0,0,Matches
641,Adama Traoré,ml MLI,"FW,MF",fr Monaco,23,1995,0.2,0,0.00,0,0,0,0,0,0,0,0.00,0,0,0,0,0,0,Matches
642,Bertrand Traoré,bf BFA,"FW,MF",fr Lyon,22,1995,3.6,11,3.09,10,0,1,0,0,0,2,0.56,1,0,1,0,0,0,Matches
643,Kieran Trippier,eng ENG,DF,eng Tottenham,27,1990,6.9,30,4.32,18,12,0,0,0,0,1,0.14,1,0,0,0,0,0,Matches
644,Samuel Umtiti,fr FRA,DF,es Barcelona,24,1993,0.9,4,4.62,3,0,0,0,0,1,0,0.00,0,0,0,0,0,0,Matches
645,Cengiz Ünder,tr TUR,"FW,MF",it Roma,21,1997,4.8,16,3.30,10,4,0,1,1,0,3,0.62,2,0,0,1,0,0,Matches
646,Mark Uth,de GER,"FW,MF",de Schalke 04,26,1991,4.4,13,2.99,8,0,2,1,0,2,0,0.00,0,0,0,0,0,0,Matches
647,Antonio Valencia,ec ECU,DF,eng Manchester Utd,32,1985,2.8,4,1.43,4,0,0,0,0,0,0,0.00,0,0,0,0,0,0,Matches
648,Borja Valero,es ESP,MF,it Inter,33,1985,2.6,10,3.85,10,0,0,0,0,0,0,0.00,0,0,0,0,0,0,Matches
649,Jesús Vallejo,es ESP,DF,es Real Madrid,21,1997,1.0,0,0.00,0,0,0,0,0,0,0,0.00,0,0,0,0,0,0,Matches
650,Federico Valverde,uy URU,MF,es Real Madrid,20,1998,1.6,4,2.54,4,0,0,0,0,0,1,0.63,1,0,0,0,0,0,Matches
651,Virgil van Dijk,nl NED,DF,eng Liverpool,27,1991,12.0,10,0.83,9,0,0,1,0,0,3,0.25,2,0,0,1,0,0,Matches
652,Hans Vanaken,be BEL,"MF,FW",be Club Brugge,25,1992,6.0,25,4.17,15,7,1,1,0,1,4,0.67,3,0,0,1,0,0,Matches
653,Raphaël Varane,fr FRA,DF,es Real Madrid,25,1993,4.0,2,0.50,2,0,0,0,0,0,0,0.00,0,0,0,0,0,0,Matches
654,Lucas Vázquez,es ESP,"FW,DF",es Real Madrid,27,1991,4.3,16,3.74,13,0,1,0,2,0,1,0.23,1,0,0,0,0,0,Matches
655,Matías Vecino,uy URU,MF,it Inter,26,1991,5.0,13,2.60,7,0,0,3,1,2,3,0.60,2,0,0,1,0,0,Matches
656,Joël Veltman,nl NED,DF,nl Ajax,26,1992,3.5,3,0.87,2,0,0,1,0,0,0,0.00,0,0,0,0,0,0,Matches
657,Simone Verdi,it ITA,MF,it Napoli,26,1992,0.3,1,3.91,1,0,0,0,0,0,0,0.00,0,0,0,0,0,0,Matches
658,Thomas Vermaelen,be BEL,DF,es Barcelona,32,1985,1.0,0,0.00,0,0,0,0,0,0,0,0.00,0,0,0,0,0,0,Matches
659,Marco Verratti,it ITA,MF,fr Paris S-G,25,1992,6.6,24,3.61,21,2,0,0,0,1,2,0.30,2,0,0,0,0,0,Matches
660,Jan Vertonghen,be BEL,DF,eng Tottenham,31,1987,9.4,8,0.85,3,0,2,1,0,2,1,0.11,1,0,0,0,0,0,Matches
661,Rúben Vezo,pt POR,DF,es Valencia,24,1994,1.7,0,0.00,0,0,0,0,0,0,0,0.00,0,0,0,0,0,0,Matches
662,Arturo Vidal,cl CHI,MF,es Barcelona,31,1987,4.0,11,2.73,7,0,0,2,1,1,1,0.25,1,0,0,0,0,0,Matches
663,Nick Viergever,nl NED,DF,nl PSV Eindhoven,28,1989,5.7,1,0.17,1,0,0,0,0,0,0,0.00,0,0,0,0,0,0,Matches
664,Vitolo,es ESP,MF,es Atlético Madrid,28,1989,1.1,4,3.64,1,1,1,0,1,0,0,0.00,0,0,0,0,0,0,Matches
665,Odisseas Vlachodimos,gr GRE,GK,pt Benfica,24,1994,6.0,0,0.00,0,0,0,0,0,0,0,0.00,0,0,0,0,0,0,Matches
666,Nikola Vlašić,hr CRO,MF,ru CSKA Moscow,20,1997,6.0,38,6.33,28,7,2,0,1,0,2,0.33,2,0,0,0,0,0,Matches
667,Thibault Vlietinck,be BEL,"FW,DF",be Club Brugge,20,1997,2.3,7,3.06,5,0,1,0,1,0,0,0.00,0,0,0,0,0,0,Matches
668,Kevin Vogt,de GER,DF,de Hoffenheim,26,1991,4.0,3,0.75,3,0,0,0,0,0,0,0.00,0,0,0,0,0,0,Matches
669,Michel Vorm,nl NED,GK,eng Tottenham,34,1983,1.1,0,0.00,0,0,0,0,0,0,0,0.00,0,0,0,0,0,0,Matches
670,Ruud Vormer,nl NED,MF,be Club Brugge,30,1988,6.0,10,1.67,9,1,0,0,0,0,2,0.33,2,0,0,0,0,0,Matches
671,Jelle Vossen,be BEL,FW,be Club Brugge,29,1989,0.9,0,0.00,0,0,0,0,0,0,0,0.00,0,0,0,0,0,0,Matches
672,Stefan de Vrij,nl NED,DF,it Inter,26,1992,4.9,3,0.61,3,0,0,0,0,0,1,0.20,1,0,0,0,0,0,Matches
673,Šime Vrsaljko,hr CRO,DF,it Inter,26,1992,1.1,0,0.00,0,0,0,0,0,0,0,0.00,0,0,0,0,0,0,Matches
674,Sandro Wagner,de GER,"FW,MF",de Bayern Munich,30,1987,0.2,1,4.29,1,0,0,0,0,0,0,0.00,0,0,0,0,0,0,Matches
675,Kyle Walker,eng ENG,DF,eng Manchester City,28,1990,8.3,10,1.21,9,0,0,0,1,0,0,0.00,0,0,0,0,0,0,Matches
676,Kyle Walker-Peters,eng ENG,DF,eng Tottenham,21,1997,0.7,1,1.50,1,0,0,0,0,0,0,0.00,0,0,0,0,0,0,Matches
677,Victor Wanyama,ke KEN,MF,eng Tottenham,27,1991,3.2,2,0.62,2,0,0,0,0,0,0,0.00,0,0,0,0,0,0,Matches
678,Daniel Wass,dk DEN,"DF,MF",es Valencia,29,1989,3.0,6,2.00,5,1,0,0,0,0,1,0.33,1,0,0,0,0,0,Matches
679,Julian Weigl,de GER,"MF,DF",de Dortmund,22,1995,3.2,8,2.49,5,0,0,2,1,0,0,0.00,0,0,0,0,0,0,Matches
680,Georginio Wijnaldum,nl NED,MF,eng Liverpool,27,1990,10.8,15,1.39,14,0,0,0,1,0,4,0.37,3,0,0,0,1,0,Matches
681,Harry Winks,eng ENG,MF,eng Tottenham,22,1996,7.5,14,1.87,14,0,0,0,0,0,1,0.13,1,0,0,0,0,0,Matches
682,Dani de Wit,nl NED,MF,nl Ajax,20,1998,0.4,1,2.65,1,0,0,0,0,0,0,0.00,0,0,0,0,0,0,Matches
683,Axel Witsel,be BEL,MF,de Dortmund,29,1989,7.0,13,1.86,10,0,3,0,0,0,2,0.29,1,0,1,0,0,0,Matches
684,Maximilian Wöber,at AUT,DF,nl Ajax,20,1998,2.8,1,0.36,1,0,0,0,0,0,0,0.00,0,0,0,0,0,0,Matches
685,Marius Wolf,de GER,"FW,DF",de Dortmund,23,1995,2.3,7,2.99,3,2,0,1,1,0,0,0.00,0,0,0,0,0,0,Matches
686,Marco Wölfli,ch SUI,GK,ch Young Boys,35,1982,2.0,2,1.00,1,1,0,0,0,0,0,0.00,0,0,0,0,0,0,Matches
687,Jeong Woo-yeong,kr KOR,MF,de Bayern Munich,18,1999,0.1,0,0.00,0,0,0,0,0,0,0,0.00,0,0,0,0,0,0,Matches
688,Gregory Wüthrich,ch SUI,MF,ch Young Boys,23,1994,0.0,0,0.00,0,0,0,0,0,0,0,0.00,0,0,0,0,0,0,Matches
689,Dmitry Yefremov,ru RUS,DF,ru CSKA Moscow,23,1995,1.3,3,2.33,2,0,1,0,0,0,0,0.00,0,0,0,0,0,0,Matches
690,Ashley Young,eng ENG,DF,eng Manchester Utd,33,1985,6.5,8,1.24,7,1,0,0,0,0,1,0.15,1,0,0,0,0,0,Matches
691,Dan-Axel Zagadou,fr FRA,DF,de Dortmund,19,1999,3.8,6,1.56,6,0,0,0,0,0,0,0.00,0,0,0,0,0,0,Matches
692,Nicolò Zaniolo,it ITA,"MF,FW",it Roma,19,1999,4.3,10,2.54,7,0,2,0,1,0,0,0.00,0,0,0,0,0,0,Matches
693,Martin Zeman,cz CZE,FW,cz Viktoria Plzeň,29,1989,0.8,3,3.86,3,0,0,0,0,0,0,0.00,0,0,0,0,0,0,Matches
694,Timur Zhamaletdinov,ru RUS,FW,ru CSKA Moscow,21,1997,0.3,1,3.21,0,0,1,0,0,0,0,0.00,0,0,0,0,0,0,Matches
695,Rifat Zhemaletdinov,ru RUS,FW,ru Loko Moscow,21,1996,0.4,0,0.00,0,0,0,0,0,0,0,0.00,0,0,0,0,0,0,Matches
696,Piotr Zieliński,pl POL,"MF,FW",it Napoli,24,1994,2.1,5,2.43,5,0,0,0,0,0,0,0.00,0,0,0,0,0,0,Matches
697,Oleksandr Zinchenko,ua UKR,DF,eng Manchester City,21,1996,3.7,9,2.40,9,0,0,0,0,0,3,0.80,3,0,0,0,0,0,Matches
698,Andrija Živković,rs SRB,"FW,MF",pt Benfica,22,1996,0.8,4,5.07,4,0,0,0,0,0,0,0.00,0,0,0,0,0,0,Matches
699,Hakim Ziyech,ma MAR,FW,nl Ajax,25,1993,10.9,54,4.94,30,11,5,3,4,1,5,0.46,3,0,0,1,0,1,Matches
700,Jeroen Zoet,nl NED,GK,nl PSV Eindhoven,27,1991,6.0,1,0.17,1,0,0,0,0,0,0,0.00,0,0,0,0,0,0,Matches
701,Steven Zuber,ch SUI,"FW,MF",de Hoffenheim,26,1991,1.1,5,4.41,5,0,0,0,0,0,0,0.00,0,0,0,0,0,0,Matches
