Rk,Player,Nation,Pos,Squad,Age,Born,90s,Att,Pass_Types_Live,Pass_Types_Dead,Pass_Types_FK,Pass_Types_TB,Pass_Types_Sw,Pass_Types_Crs,Pass_Types_TI,Pass_Types_CK,Corner_Kicks_In,Corner_Kicks_Out,Corner_Kicks_Str,Outcomes_Cmp,Outcomes_Off,Outcomes_Blocks,Matches
1,Liel Abada,il ISR,"FW,MF",sct Celtic,20,2001,2.4,59,58,1,0,0,0,10,1,0,0,0,0,39,0,4,Matches
2,Oliver Abildgaard,dk DEN,MF,sct Celtic,26,1996,0.7,33,33,0,0,0,0,0,0,0,0,0,0,24,0,1,Matches
3,Mohammad Abu Fani,il ISR,MF,il Maccabi Haifa,24,1998,4.4,230,218,10,2,0,5,2,2,5,0,0,0,198,2,4,Matches
4,Francesco Acerbi,it ITA,DF,it Inter,34,1988,10.2,562,539,23,17,0,2,1,4,0,0,0,0,492,0,3,Matches
5,Marcos Acuña,ar ARG,"DF,MF",es Sevilla,30,1991,2.4,97,78,19,0,0,0,9,18,1,0,1,0,67,0,3,Matches
6,Junior Adamu,at AUT,FW,at RB Salzburg,21,2001,2.3,48,47,1,0,0,0,5,0,0,0,0,0,25,0,5,Matches
7,Antonio Adán,es ESP,GK,pt Sporting CP,35,1987,4.2,219,164,55,20,0,1,0,0,0,0,0,0,153,0,0,Matches
8,Arijan Ademi,mk MKD,MF,hr Dinamo Zagreb,31,1991,5.2,147,141,6,2,0,1,0,0,0,0,0,0,122,0,5,Matches
9,Karim Adeyemi,de GER,"FW,MF",de Dortmund,20,2002,4.2,101,100,1,0,0,0,6,1,0,0,0,0,77,0,5,Matches
10,Amine Adli,ma MAR,"FW,MF",de Leverkusen,22,2000,1.3,64,62,2,0,1,0,4,1,1,0,0,0,44,0,2,Matches
11,Manuel Akanji,ch SUI,DF,eng Manchester City,27,1995,10.5,831,789,42,14,1,7,1,28,0,0,0,0,763,0,6,Matches
12,Nathan Aké,nl NED,DF,eng Manchester City,27,1995,6.8,598,562,35,11,1,5,5,24,0,0,0,0,547,1,5,Matches
13,David Alaba,at AUT,DF,es Real Madrid,30,1992,7.9,476,447,29,7,0,0,19,18,2,0,2,0,414,0,4,Matches
14,Lucas Alario,ar ARG,"FW,MF",de Eint Frankfurt,29,1992,0.2,3,3,0,0,0,0,0,0,0,0,0,0,1,0,0,Matches
15,Jordi Alba,es ESP,DF,es Barcelona,33,1989,1.6,183,166,17,3,1,0,9,14,0,0,0,0,162,0,0,Matches
16,Thiago Alcántara,es ESP,MF,eng Liverpool,31,1991,3.4,232,224,8,6,1,9,2,2,0,0,0,0,205,0,3,Matches
17,Trent Alexander-Arnold,eng ENG,DF,eng Liverpool,23,1998,6.9,528,421,106,20,2,9,57,62,24,4,19,0,405,1,7,Matches
18,Sotiris Alexandropoulos,gr GRE,MF,pt Sporting CP,20,2001,1.3,42,40,2,1,0,1,0,0,0,0,0,0,33,0,2,Matches
19,Faride Alidou,de GER,"DF,FW",de Eint Frankfurt,21,2001,0.8,38,32,6,1,0,0,2,5,0,0,0,0,32,0,0,Matches
20,Alisson,br BRA,GK,eng Liverpool,29,1992,8.0,274,225,47,10,0,1,0,0,0,0,0,0,242,2,0,Matches
21,Marcos Alonso,es ESP,DF,es Barcelona,31,1990,4.5,418,387,30,8,0,3,12,18,4,0,4,0,376,1,4,Matches
22,Éder Álvarez Balanta,co COL,"MF,FW",be Club Brugge,29,1993,0.6,17,16,1,1,0,0,0,0,0,0,0,0,13,0,0,Matches
23,Edson Álvarez,mx MEX,MF,nl Ajax,24,1997,5.9,364,359,5,5,0,1,0,0,0,0,0,0,312,0,4,Matches
24,Julián Álvarez,ar ARG,FW,eng Manchester City,22,2000,5.3,120,112,8,0,2,1,8,0,4,0,4,0,97,0,3,Matches
25,Nadiem Amiri,de GER,"MF,FW",de Leverkusen,25,1996,1.4,64,62,0,0,0,1,1,0,0,0,0,0,51,2,3,Matches
26,Robert Andrich,de GER,MF,de Leverkusen,27,1994,4.5,207,200,6,5,1,2,0,1,0,0,0,0,176,1,2,Matches
27,Peter Ankersen,dk DEN,DF,dk FC Copenhagen,31,1990,0.3,6,6,0,0,0,0,0,0,0,0,0,0,3,0,0,Matches
28,Ofri Arad,il ISR,"DF,MF",il Maccabi Haifa,23,1998,0.2,11,11,0,0,0,0,0,0,0,0,0,0,10,0,0,Matches
29,Charles Aránguiz,cl CHI,MF,de Leverkusen,33,1989,2.4,154,151,3,1,1,3,0,2,0,0,0,0,146,0,1,Matches
30,Henrique Araújo,pt POR,FW,pt Benfica,20,2002,0.1,8,8,0,0,0,0,2,0,0,0,0,0,5,0,0,Matches
31,Ronald Araújo,uy URU,DF,es Barcelona,23,1999,1.0,55,49,6,5,0,3,0,1,0,0,0,0,47,0,0,Matches
32,Scott Arfield,ca CAN,MF,sct Rangers,33,1988,3.0,87,83,3,0,0,0,2,0,3,0,1,0,59,1,4,Matches
33,Hákon Arnar Haraldsson,is ISL,FW,dk FC Copenhagen,19,2003,3.3,100,90,9,0,0,1,3,0,3,3,0,0,79,1,1,Matches
34,Kepa Arrizabalaga,es ESP,GK,eng Chelsea,27,1994,9.0,273,214,58,12,0,0,0,0,0,0,0,0,199,1,0,Matches
35,Arthur,br BRA,"MF,FW",pt Sporting CP,24,1998,1.2,43,39,4,0,1,0,3,2,1,1,0,0,33,0,3,Matches
36,Marco Asensio,es ESP,"FW,MF",es Real Madrid,26,1996,3.6,204,189,14,3,2,3,11,4,7,4,0,0,177,1,2,Matches
37,Kristjan Asllani,al ALB,MF,it Inter,20,2002,1.4,74,60,12,5,0,0,8,0,7,3,3,0,59,2,2,Matches
38,Omer Atzili,il ISR,"FW,MF",il Maccabi Haifa,29,1993,3.4,119,101,17,6,3,0,15,3,8,4,1,0,80,1,5,Matches
39,Pierre-Emerick Aubameyang,ga GAB,FW,eng Chelsea,33,1989,4.5,102,94,6,0,0,0,3,0,0,0,0,0,78,2,3,Matches
40,Lynnt Audoor,be BEL,MF,be Club Brugge,18,2003,0.1,6,6,0,0,0,0,0,0,0,0,0,0,3,0,0,Matches
41,Fredrik Aursnes,no NOR,"FW,MF",pt Benfica,26,1995,6.9,369,358,8,0,1,9,7,8,0,0,0,0,297,3,13,Matches
42,Sardar Azmoun,ir IRN,FW,de Leverkusen,27,1995,0.1,3,3,0,0,0,0,0,0,0,0,0,0,2,0,0,Matches
43,César Azpilicueta,es ESP,DF,eng Chelsea,32,1989,2.9,288,257,31,13,0,0,4,18,0,0,0,0,256,0,2,Matches
44,Youri Baas,nl NED,DF,nl Ajax,19,2003,0.5,27,25,2,0,1,0,0,2,0,0,0,0,23,0,0,Matches
45,Alexander Bah,dk DEN,DF,pt Benfica,24,1997,7.3,532,454,75,6,1,3,23,69,0,0,0,0,420,3,9,Matches
46,Eric Bailly,ci CIV,DF,fr Marseille,28,1994,3.4,203,192,8,7,0,0,0,1,0,0,0,0,174,3,0,Matches
47,Stefan Bajcetic,es ESP,MF,eng Liverpool,17,2004,1.2,76,76,0,0,0,2,0,0,0,0,0,0,60,0,2,Matches
48,Mitchel Bakker,nl NED,"MF,DF",de Leverkusen,22,2000,3.8,211,194,17,1,0,2,6,16,0,0,0,0,171,0,4,Matches
49,Alejandro Balde,es ESP,DF,es Barcelona,18,2003,1.9,138,116,21,2,0,0,9,19,0,0,0,0,120,1,4,Matches
50,Leonardo Balerdi,ar ARG,DF,fr Marseille,23,1999,5.5,370,358,8,8,0,2,1,0,0,0,0,0,322,4,2,Matches
51,Fodé Ballo-Touré,sn SEN,"DF,MF",it Milan,25,1997,1.5,72,60,12,2,0,0,3,10,0,0,0,0,60,0,3,Matches
52,Tommaso Barbieri,it ITA,MF,it Juventus,19,2002,0.0,6,6,0,0,0,0,1,0,0,0,0,0,4,0,1,Matches
53,Roony Bardghji,se SWE,FW,dk FC Copenhagen,16,2005,1.1,24,22,2,1,0,1,1,0,1,1,0,0,15,0,0,Matches
54,Nicolò Barella,it ITA,MF,it Inter,25,1997,11.0,407,397,9,5,2,8,21,3,1,0,1,0,322,1,15,Matches
55,Borna Barišić,hr CRO,DF,sct Rangers,29,1992,5.2,268,218,50,13,0,0,27,31,6,1,5,0,221,0,4,Matches
56,Enzo Barrenechea,ar ARG,DF,it Juventus,21,2001,0.0,5,5,0,0,0,0,0,0,0,0,0,0,3,0,0,Matches
57,Pablo Barrios,es ESP,MF,es Atlético Madrid,19,2003,0.1,7,7,0,0,0,0,0,0,0,0,0,0,7,0,0,Matches
58,Calvin Bassey,ng NGA,DF,nl Ajax,22,1999,6.0,434,410,24,9,0,5,1,6,0,0,0,0,387,0,1,Matches
59,Fortune Bassey,ng NGA,FW,cz Viktoria Plzeň,23,1998,1.5,27,25,2,0,0,0,0,0,0,0,0,0,22,0,0,Matches
60,Alessandro Bastoni,it ITA,DF,it Inter,23,1999,10.9,609,547,60,30,1,17,22,17,0,0,0,0,506,2,6,Matches
61,Dylan Batubinsika,cd COD,DF,il Maccabi Haifa,26,1996,5.0,198,189,9,9,0,1,0,0,0,0,0,0,174,0,2,Matches
62,Martin Baturina,hr CRO,MF,hr Dinamo Zagreb,19,2003,0.7,37,35,1,1,0,0,1,0,0,0,0,0,29,1,3,Matches
63,Raoul Bellanova,it ITA,"DF,MF",it Inter,22,2000,1.3,58,45,12,0,0,1,11,12,0,0,0,0,39,1,6,Matches
64,Héctor Bellerín,es ESP,DF,es Barcelona,27,1995,2.0,98,79,18,1,0,1,5,17,0,0,0,0,79,1,4,Matches
65,Jude Bellingham,eng ENG,MF,de Dortmund,19,2003,7.0,335,329,5,3,3,7,5,1,0,0,0,0,274,1,4,Matches
66,Ismaël Bennacer,dz ALG,MF,it Milan,24,1997,6.5,343,328,14,11,1,3,6,1,2,0,2,0,289,1,4,Matches
67,Rodrigo Bentancur,uy URU,"MF,FW",eng Tottenham,25,1997,5.6,365,358,7,5,3,0,3,0,0,0,0,0,316,0,3,Matches
68,Karim Benzema,fr FRA,FW,es Real Madrid,34,1987,8.3,315,298,15,0,2,0,0,0,1,0,0,0,268,2,6,Matches
69,Steven Berghuis,nl NED,"MF,FW",nl Ajax,30,1991,5.1,274,244,26,6,0,6,24,5,15,11,0,0,204,4,4,Matches
70,Steven Bergwijn,nl NED,FW,nl Ajax,24,1997,5.8,205,198,7,0,2,3,3,3,4,0,0,0,184,0,4,Matches
71,Alexandro Bernabei,ar ARG,FW,sct Celtic,21,2000,0.1,4,4,0,0,0,0,0,0,0,0,0,0,4,0,0,Matches
72,Bernardo,br BRA,DF,at RB Salzburg,27,1995,3.0,73,67,5,5,0,1,0,0,0,0,0,0,49,1,1,Matches
73,Juan Bernat,es ESP,DF,fr Paris S-G,29,1993,3.1,200,185,15,2,0,0,2,13,0,0,0,0,183,0,2,Matches
74,Victor Bernth Kristiansen,dk DEN,"DF,MF",dk FC Copenhagen,19,2002,5.4,251,209,41,9,0,1,18,27,5,2,2,0,188,1,6,Matches
75,Modou Biramé Ndiaye,sn SEN,MF,cz Viktoria Plzeň,25,1996,2.0,61,61,0,0,0,1,0,0,0,0,0,0,46,0,2,Matches
76,Yves Bissouma,ml MLI,MF,eng Tottenham,25,1996,1.0,72,70,2,2,0,1,0,0,0,0,0,0,65,0,0,Matches
77,Janis Blaswich,de GER,GK,de RB Leipzig,31,1991,5.9,263,218,43,8,0,0,0,0,0,0,0,0,219,2,1,Matches
78,Daley Blind,nl NED,DF,nl Ajax,32,1990,4.5,333,288,43,4,0,1,4,34,1,0,0,0,277,2,7,Matches
79,Petar Bočkaj,hr CRO,"DF,FW",hr Dinamo Zagreb,26,1996,0.4,21,16,5,1,0,0,5,2,2,2,0,0,12,0,3,Matches
80,Nicolai Boilesen,dk DEN,DF,dk FC Copenhagen,30,1992,1.1,84,82,2,2,0,0,0,0,0,0,0,0,81,0,0,Matches
81,Valerii Bondar,ua UKR,DF,ua Shakhtar,23,1999,6.0,344,338,6,6,0,2,0,0,0,0,0,0,317,0,4,Matches
82,Artem Bondarenko,ua UKR,MF,ua Shakhtar,21,2000,5.4,277,268,9,6,1,0,2,1,2,2,0,0,242,0,5,Matches
83,Leonardo Bonucci,it ITA,DF,it Juventus,35,1987,4.9,303,274,26,11,1,1,1,2,0,0,0,0,262,3,0,Matches
84,Gonçalo Borges,pt POR,"MF,FW",pt Porto,21,2001,0.4,15,15,0,0,0,0,1,0,0,0,0,0,9,0,0,Matches
85,Rafael Borré,co COL,FW,de Eint Frankfurt,26,1995,2.5,70,66,4,0,0,0,2,2,0,0,0,0,56,0,2,Matches
86,Yassine Bounou,ma MAR,GK,es Sevilla,31,1991,4.0,208,156,52,9,0,1,0,0,0,0,0,0,166,0,0,Matches
87,Dedryck Boyata,be BEL,DF,be Club Brugge,31,1990,1.5,79,75,4,4,0,0,0,0,0,0,0,0,66,0,0,Matches
88,Julian Brandt,de GER,"MF,FW",de Dortmund,26,1996,5.3,247,225,20,4,1,2,18,3,12,2,9,0,199,2,7,Matches
89,Gleison Bremer,br BRA,DF,it Juventus,25,1997,3.0,143,141,2,2,0,0,0,0,0,0,0,0,122,0,2,Matches
90,Brian Brobbey,nl NED,FW,nl Ajax,20,2002,1.3,25,18,7,0,0,0,1,0,0,0,0,0,19,0,0,Matches
91,Armando Broja,al ALB,FW,eng Chelsea,20,2001,1.3,31,31,0,0,0,0,0,0,0,0,0,0,24,0,1,Matches
92,Marcelo Brozović,hr CRO,MF,it Inter,29,1992,6.1,417,390,26,19,1,7,11,1,6,1,5,0,372,1,7,Matches
93,Pavel Bucha,cz CZE,MF,cz Viktoria Plzeň,24,1998,4.0,132,131,1,0,0,0,4,0,1,1,0,0,115,0,4,Matches
94,Tajon Buchanan,ca CAN,"DF,MF",be Club Brugge,23,1999,5.8,147,126,21,1,0,1,12,20,0,0,0,0,112,0,4,Matches
95,Marko Bulat,hr CRO,MF,hr Dinamo Zagreb,20,2001,0.3,23,22,1,1,0,0,0,0,0,0,0,0,19,0,0,Matches
96,Sergio Busquets,es ESP,MF,es Barcelona,34,1988,3.2,166,155,11,11,0,2,0,0,0,0,0,0,138,0,4,Matches
97,Aurélio Buta,pt POR,DF,de Eint Frankfurt,25,1997,1.8,59,40,19,0,0,0,5,19,0,0,0,0,37,0,0,Matches
98,Jovane Cabral,cv CPV,MF,pt Sporting CP,24,1998,0.1,8,8,0,0,0,0,2,0,0,0,0,0,6,0,0,Matches
99,Davide Calabria,it ITA,DF,it Milan,25,1996,5.5,319,268,50,4,0,1,12,46,0,0,0,0,258,1,10,Matches
100,Hakan Çalhanoğlu,tr TUR,MF,it Inter,28,1994,8.9,451,394,55,23,1,8,47,3,29,10,17,0,377,2,8,Matches
101,Eduardo Camavinga,fr FRA,"MF,DF",es Real Madrid,19,2002,8.0,470,433,36,10,1,5,3,26,0,0,0,0,408,1,11,Matches
102,Emre Can,de GER,MF,de Dortmund,28,1994,6.3,297,287,10,8,1,4,1,2,0,0,0,0,252,0,7,Matches
103,João Cancelo,pt POR,DF,de Bayern Munich,28,1994,1.4,110,92,18,2,0,1,5,16,0,0,0,0,92,0,3,Matches
104,João Cancelo,pt POR,DF,eng Manchester City,28,1994,4.2,416,383,32,7,1,4,24,25,0,0,0,0,352,1,9,Matches
105,Nicolás Capaldo,ar ARG,MF,at RB Salzburg,24,1997,3.0,76,74,2,0,0,0,5,2,0,0,0,0,43,0,4,Matches
106,Valentin Carboni,ar ARG,FW,it Inter,17,2005,0.2,2,2,0,0,0,0,0,0,0,0,0,0,1,0,0,Matches
107,Fábio Cardoso,pt POR,DF,pt Porto,28,1994,4.0,213,208,5,5,0,1,1,0,0,0,0,0,189,0,1,Matches
108,David Carmo,ao ANG,DF,pt Porto,23,1999,5.0,214,197,16,11,0,2,2,0,0,0,0,0,166,1,1,Matches
109,Carmona,es ESP,DF,es Sevilla,20,2002,5.0,298,272,26,10,0,2,10,14,0,0,0,0,257,0,10,Matches
110,Yannick Carrasco,be BEL,"DF,MF",es Atlético Madrid,28,1993,3.0,180,142,38,7,1,1,23,20,10,8,2,0,137,0,3,Matches
111,Cameron Carter-Vickers,us USA,DF,sct Celtic,24,1997,4.0,299,297,2,2,1,2,0,0,0,0,0,0,285,0,0,Matches
112,Dani Carvajal,es ESP,DF,es Real Madrid,30,1992,9.7,624,540,84,9,1,0,20,74,1,0,0,0,536,0,11,Matches
113,Fabio Carvalho,pt POR,"MF,FW",eng Liverpool,19,2002,1.3,55,55,0,0,1,0,1,0,0,0,0,0,46,0,0,Matches
114,Marc Casado,es ESP,MF,es Barcelona,18,2003,0.3,29,28,1,1,0,0,0,0,0,0,0,0,26,0,1,Matches
115,Dani Ceballos,es ESP,MF,es Real Madrid,25,1996,1.0,87,84,3,1,0,1,1,0,2,0,1,0,79,0,2,Matches
116,Aleš Čermák,cz CZE,MF,cz Viktoria Plzeň,27,1994,0.4,30,27,2,0,0,0,2,0,2,1,0,0,24,1,0,Matches
117,El Chadaille Bitshiabu,fr FRA,DF,fr Paris S-G,17,2005,0.5,27,27,0,0,0,0,0,0,0,0,0,0,26,0,1,Matches
118,Trevoh Chalobah,eng ENG,DF,eng Chelsea,23,1999,4.9,297,289,8,6,1,2,0,2,0,0,0,0,268,0,0,Matches
119,Timothy Chandler,us USA,DF,de Eint Frankfurt,32,1990,0.1,6,4,2,0,0,0,0,2,0,0,0,0,5,0,1,Matches
120,Tjaronn Chery,sr SUR,"MF,FW",il Maccabi Haifa,34,1988,6.0,256,223,29,1,3,1,14,0,8,2,2,0,204,4,4,Matches
121,Federico Chiesa,it ITA,FW,it Juventus,24,1997,0.2,9,9,0,0,0,1,0,0,0,0,0,0,8,0,1,Matches
122,Ben Chilwell,eng ENG,"DF,MF",eng Chelsea,25,1996,6.2,378,318,60,13,0,2,34,29,18,11,7,0,296,0,9,Matches
123,Chiquinho,pt POR,MF,pt Benfica,27,1995,4.5,289,267,19,7,1,5,12,0,12,4,5,0,253,3,1,Matches
124,Tomáš Chorý,cz CZE,FW,cz Viktoria Plzeň,27,1995,4.0,60,57,3,0,0,0,0,0,0,0,0,0,35,0,1,Matches
125,Andreas Christensen,dk DEN,DF,es Barcelona,26,1996,2.4,229,221,8,7,0,1,0,1,0,0,0,0,217,0,0,Matches
126,Viktor Claesson,se SWE,"FW,MF",dk FC Copenhagen,30,1992,5.4,175,171,3,1,2,2,0,0,0,0,0,0,139,1,3,Matches
127,Jonathan Clauss,fr FRA,DF,fr Marseille,29,1992,4.6,220,175,42,1,2,2,12,41,0,0,0,0,164,3,11,Matches
128,William Clem,dk DEN,MF,dk FC Copenhagen,18,2004,1.9,74,73,1,1,0,0,0,0,0,0,0,0,66,0,0,Matches
129,Sebastián Coates,uy URU,DF,pt Sporting CP,31,1990,4.4,202,192,10,9,0,1,0,0,0,0,0,0,178,0,0,Matches
130,Josh Cohen,us USA,GK,il Maccabi Haifa,29,1992,6.0,145,98,45,6,0,0,0,0,0,0,0,0,107,2,0,Matches
131,Antonio Čolak,hr CRO,FW,sct Rangers,28,1993,3.2,42,32,10,0,0,0,1,0,0,0,0,0,27,0,0,Matches
132,Kingsley Coman,fr FRA,"FW,DF",de Bayern Munich,26,1996,5.9,286,278,7,0,1,3,27,7,0,0,0,0,224,1,6,Matches
133,Francisco Conceição,pt POR,"FW,MF",nl Ajax,19,2002,0.2,14,11,3,1,0,0,0,2,0,0,0,0,13,0,0,Matches
134,Rodrigo Conceição,pt POR,DF,pt Porto,22,2000,0.1,5,4,1,0,0,0,0,1,0,0,0,0,4,0,0,Matches
135,Andreas Cornelius,dk DEN,FW,dk FC Copenhagen,29,1993,1.2,30,30,0,0,0,1,0,0,0,0,0,0,18,0,0,Matches
136,Pierre Cornud,fr FRA,DF,il Maccabi Haifa,25,1996,4.1,202,177,24,4,1,0,21,20,0,0,0,0,161,1,1,Matches
137,Ángel Correa,ar ARG,"FW,MF",es Atlético Madrid,27,1995,3.5,114,109,5,1,0,0,8,0,2,0,1,0,92,0,3,Matches
138,Joaquín Correa,ar ARG,FW,it Inter,27,1994,3.4,93,90,3,1,1,0,0,1,0,0,0,0,76,0,4,Matches
139,Bruno Xavier Almeida Costa,pt POR,MF,pt Porto,25,1997,0.8,22,18,4,2,0,0,3,0,2,2,0,0,18,0,0,Matches
140,Diogo Costa,pt POR,GK,pt Porto,22,1999,8.0,380,311,67,19,0,3,0,0,0,0,0,0,276,2,0,Matches
141,Soumaïla Coulibaly,fr FRA,DF,de Dortmund,18,2003,0.2,15,15,0,0,0,0,0,0,0,0,0,0,14,0,1,Matches
142,Thibaut Courtois,be BEL,GK,es Real Madrid,30,1992,10.0,371,304,66,12,0,1,0,0,0,0,0,0,294,1,1,Matches
143,Juan Cuadrado,co COL,"DF,MF",it Juventus,34,1988,4.8,281,235,45,11,0,12,24,29,5,1,3,0,234,1,5,Matches
144,Marc Cucurella,es ESP,DF,eng Chelsea,24,1998,4.6,366,307,59,9,0,1,13,46,4,2,1,0,307,0,3,Matches
145,Matheus Cunha,br BRA,"FW,MF",es Atlético Madrid,23,1999,1.4,33,30,2,0,0,0,3,0,0,0,0,0,24,1,3,Matches
146,Danilo D'Ambrosio,it ITA,DF,it Inter,33,1988,1.8,97,93,3,0,0,0,2,3,0,0,0,0,80,1,0,Matches
147,Danilo,br BRA,DF,it Juventus,31,1991,4.7,274,253,20,2,0,3,8,18,0,0,0,0,232,1,3,Matches
148,Arnaut Danjuma,nl NED,MF,eng Tottenham,25,1997,0.1,2,2,0,0,0,0,0,0,0,0,0,0,2,0,0,Matches
149,Mohamed Daramy,dk DEN,FW,dk FC Copenhagen,20,2002,4.9,139,124,15,1,0,0,5,4,0,0,0,0,111,0,9,Matches
150,Matteo Darmian,it ITA,DF,it Inter,32,1989,9.1,360,330,30,7,0,1,10,23,0,0,0,0,291,0,5,Matches
151,Dean David,il ISR,"FW,DF",il Maccabi Haifa,26,1996,2.6,49,46,3,0,0,0,2,3,0,0,0,0,28,0,5,Matches
152,Alphonso Davies,ca CAN,DF,de Bayern Munich,21,2000,6.7,402,350,50,10,0,2,6,40,0,0,0,0,360,2,6,Matches
153,Ben Davies,wls WAL,DF,eng Tottenham,29,1993,4.4,228,216,12,5,0,1,2,7,0,0,0,0,187,0,2,Matches
154,Ben Davies,eng ENG,DF,sct Rangers,26,1995,2.9,152,147,5,5,0,0,0,0,0,0,0,0,121,0,0,Matches
155,Steven Davis,nir NIR,MF,sct Rangers,37,1985,2.8,114,110,3,2,0,3,0,0,1,0,0,0,91,1,0,Matches
156,Kevin De Bruyne,be BEL,MF,eng Manchester City,31,1991,8.0,431,368,60,16,11,7,77,10,32,5,11,3,294,3,15,Matches
157,Charles De Ketelaere,be BEL,"MF,FW",it Milan,21,2001,2.6,75,72,2,0,0,0,3,2,0,0,0,0,53,1,6,Matches
158,Rodrigo De Paul,ar ARG,MF,es Atlético Madrid,28,1994,2.8,244,221,19,7,0,3,20,7,5,2,1,0,189,4,3,Matches
159,Mattia De Sciglio,it ITA,DF,it Juventus,29,1992,1.1,60,53,7,0,0,2,6,7,0,0,0,0,45,0,3,Matches
160,Amar Dedić,ba BIH,DF,at RB Salzburg,19,2002,6.0,283,200,83,4,0,1,9,79,0,0,0,0,183,0,8,Matches
161,Thomas Delaney,dk DEN,MF,es Sevilla,30,1991,2.6,108,105,3,1,0,0,1,2,0,0,0,0,82,0,4,Matches
162,Ousmane Dembélé,fr FRA,FW,es Barcelona,25,1997,4.6,259,230,28,9,2,2,51,1,18,7,7,0,176,1,9,Matches
163,Kerem Demirbay,de GER,MF,de Leverkusen,29,1993,3.0,228,198,30,3,0,1,28,4,21,7,13,0,175,0,6,Matches
164,Sergiño Dest,us USA,DF,it Milan,21,2000,2.1,90,77,12,0,0,1,3,12,0,0,0,0,64,1,5,Matches
165,Giovanni Di Lorenzo,it ITA,DF,it Napoli,28,1993,9.9,591,507,79,17,6,7,23,61,1,0,0,0,496,5,8,Matches
166,Ángel Di María,ar ARG,FW,it Juventus,34,1988,1.6,78,65,11,2,4,2,10,1,8,5,2,0,53,2,1,Matches
167,Moussa Diaby,fr FRA,"FW,MF",de Leverkusen,23,1999,5.6,202,188,13,2,1,1,16,1,2,1,0,0,149,1,7,Matches
168,Abdou Diallo,sn SEN,"DF,MF",de RB Leipzig,26,1996,2.5,191,183,7,4,0,2,1,2,0,0,0,0,174,1,1,Matches
169,Rúben Dias,pt POR,DF,eng Manchester City,25,1997,11.7,959,938,19,16,0,3,2,1,0,0,0,0,908,2,2,Matches
170,Brahim Díaz,ma MAR,"MF,FW",it Milan,22,1999,6.7,183,174,8,4,2,1,7,0,0,0,0,0,152,1,4,Matches
171,Luis Díaz,co COL,FW,eng Liverpool,25,1997,3.0,99,97,2,0,0,1,2,2,0,0,0,0,79,0,2,Matches
172,Eric Dier,eng ENG,DF,eng Tottenham,28,1994,6.9,466,453,11,11,1,2,4,0,0,0,0,0,416,2,3,Matches
173,Kevin Diks,id IDN,DF,dk FC Copenhagen,25,1996,3.7,161,141,20,1,0,1,2,19,0,0,0,0,119,0,3,Matches
174,Federico Dimarco,it ITA,DF,it Inter,24,1997,8.1,399,324,70,8,0,8,63,40,21,6,10,0,273,5,10,Matches
175,Junior Dina Ebimbe,fr FRA,"MF,DF",de Eint Frankfurt,21,2000,2.7,110,90,19,1,0,2,3,18,0,0,0,0,86,1,3,Matches
176,Marko Dmitrović,rs SRB,GK,es Sevilla,30,1992,2.0,73,61,12,3,0,0,0,0,0,0,0,0,49,0,0,Matches
177,Matt Doherty,ie IRL,DF,eng Tottenham,30,1992,0.8,35,34,1,0,0,0,1,1,0,0,0,0,29,0,1,Matches
178,Kasper Dolberg,dk DEN,FW,es Sevilla,24,1997,1.2,19,15,4,0,0,0,0,0,0,0,0,0,15,0,1,Matches
179,Gianluigi Donnarumma,it ITA,GK,fr Paris S-G,23,1999,8.0,239,176,62,16,0,0,0,0,0,0,0,0,198,1,0,Matches
180,Julian Draxler,de GER,MF,pt Benfica,28,1993,0.4,15,15,0,0,0,0,0,0,0,0,0,0,13,0,0,Matches
181,Josip Drmić,ch SUI,FW,hr Dinamo Zagreb,29,1992,1.1,22,20,2,0,0,0,1,0,0,0,0,0,15,0,0,Matches
182,Denzel Dumfries,nl NED,DF,it Inter,26,1996,9.8,348,281,65,2,0,0,21,63,0,0,0,0,228,2,17,Matches
183,Edin Džeko,ba BIH,FW,it Inter,36,1986,9.2,239,226,10,1,0,3,7,2,0,0,0,0,150,3,9,Matches
184,Ederson,br BRA,GK,eng Manchester City,28,1993,11.0,347,285,61,15,0,4,0,0,0,0,0,0,292,1,0,Matches
185,Jorge Eduardo Sánchez,mx MEX,DF,nl Ajax,24,1997,3.0,136,114,22,1,0,0,3,21,0,0,0,0,115,0,5,Matches
186,Marcus Edwards,eng ENG,"FW,MF",pt Sporting CP,23,1998,3.9,113,105,8,0,2,0,6,1,3,3,0,0,85,0,4,Matches
187,Hugo Ekitike,fr FRA,"MF,FW",fr Paris S-G,20,2002,0.7,14,13,1,0,0,0,0,0,0,0,0,0,11,0,0,Matches
188,Harvey Elliott,eng ENG,MF,eng Liverpool,19,2003,4.4,239,231,7,0,0,1,5,2,0,0,0,0,190,1,8,Matches
189,Elif Elmas,mk MKD,"FW,MF",it Napoli,22,1999,3.2,175,169,6,2,0,0,1,1,2,0,1,0,158,0,2,Matches
190,Emerson,br BRA,"DF,MF",eng Tottenham,23,1999,6.0,322,270,50,4,0,3,15,45,1,0,0,0,248,2,13,Matches
191,Youssef En-Nesyri,ma MAR,FW,es Sevilla,25,1997,2.7,28,20,8,0,0,0,2,0,0,0,0,0,19,0,1,Matches
192,Ricardo Esgaio,pt POR,"DF,MF",pt Sporting CP,29,1993,1.2,49,43,6,0,0,1,1,6,0,0,0,0,34,0,2,Matches
193,Dario Essugo,pt POR,MF,pt Sporting CP,17,2005,0.3,10,10,0,0,0,0,1,0,0,0,0,0,7,0,0,Matches
194,Stephen Eustáquio,ca CAN,MF,pt Porto,25,1996,6.6,292,268,24,13,2,0,22,0,11,6,2,0,209,0,5,Matches
195,Evanilson,br BRA,FW,pt Porto,22,1999,5.7,134,129,5,1,1,0,1,1,0,0,0,0,109,0,2,Matches
196,Fabinho,br BRA,MF,eng Liverpool,28,1993,7.0,460,442,16,16,1,2,1,0,0,0,0,0,405,2,5,Matches
197,Nicolò Fagioli,it ITA,MF,it Juventus,21,2001,1.2,70,68,2,2,0,0,1,0,0,0,0,0,67,0,0,Matches
198,Rasmus Falk,dk DEN,MF,dk FC Copenhagen,30,1992,2.1,101,100,1,1,0,0,0,0,0,0,0,0,89,0,5,Matches
199,Abdul Fatawu Issahaku,gh GHA,"MF,DF",pt Sporting CP,18,2004,1.0,27,19,8,0,0,0,2,5,3,2,0,0,20,0,0,Matches
200,Ansu Fati,es ESP,FW,es Barcelona,19,2002,2.7,105,102,3,0,0,0,4,1,2,2,0,0,90,0,1,Matches
201,Felipe,br BRA,DF,es Atlético Madrid,33,1989,1.0,54,54,0,0,0,0,0,0,0,0,0,0,46,0,0,Matches
202,João Félix,pt POR,"FW,MF",eng Chelsea,22,1999,2.7,96,80,15,1,3,0,12,0,8,6,2,0,67,1,1,Matches
203,João Félix,pt POR,FW,es Atlético Madrid,22,1999,2.4,97,91,5,1,0,2,6,1,1,0,0,0,78,1,1,Matches
204,Mateus Fernandes,pt POR,MF,pt Sporting CP,18,2004,0.3,9,9,0,0,0,0,0,0,0,0,0,0,4,0,0,Matches
205,Enzo Fernández,ar ARG,MF,pt Benfica,21,2001,4.7,335,316,19,11,0,5,9,0,8,4,1,0,298,0,3,Matches
206,Enzo Fernández,ar ARG,MF,eng Chelsea,21,2001,3.7,269,261,6,5,1,2,5,0,1,1,0,0,226,2,3,Matches
207,Fernando,br BRA,FW,at RB Salzburg,23,1999,0.7,10,9,1,1,0,0,0,0,0,0,0,0,9,0,1,Matches
208,Fernando,br BRA,MF,es Sevilla,35,1987,1.0,72,70,2,2,0,2,0,0,0,0,0,0,69,0,1,Matches
209,Roberto Firmino,br BRA,"FW,MF",eng Liverpool,30,1991,4.6,203,195,8,0,0,0,1,2,0,0,0,0,164,0,6,Matches
210,Phil Foden,eng ENG,"MF,FW",eng Manchester City,22,2000,4.3,232,218,14,5,3,2,22,1,7,1,6,0,190,0,11,Matches
211,Wesley Fofana,fr FRA,DF,eng Chelsea,21,2000,4.4,214,202,12,8,0,0,1,4,0,0,0,0,192,0,2,Matches
212,Bernardo Folha,pt POR,MF,pt Porto,20,2002,0.1,10,9,1,1,0,0,0,0,0,0,0,0,8,0,0,Matches
213,James Forrest,sct SCO,FW,sct Celtic,31,1991,1.0,55,55,0,0,0,0,10,0,0,0,0,0,38,0,0,Matches
214,Emil Forsberg,se SWE,"MF,FW",de RB Leipzig,30,1991,4.5,150,141,9,1,3,1,2,1,2,0,2,0,132,0,3,Matches
215,Fraser Forster,eng ENG,GK,eng Tottenham,34,1988,2.0,55,43,12,2,0,0,0,0,0,0,0,0,47,0,0,Matches
216,Timothy Fosu-Mensah,nl NED,"MF,DF",de Leverkusen,24,1998,0.1,5,5,0,0,0,0,0,0,0,0,0,0,4,0,0,Matches
217,Lassina Franck Traoré,bf BFA,FW,ua Shakhtar,21,2001,2.7,49,42,6,0,1,0,0,0,0,0,0,0,35,1,3,Matches
218,André Franco,pt POR,MF,pt Porto,24,1998,0.2,19,15,4,1,0,0,6,0,3,2,1,0,12,0,0,Matches
219,Jeremie Frimpong,nl NED,"MF,FW",de Leverkusen,21,2000,4.2,153,133,20,2,0,0,10,18,0,0,0,0,114,0,8,Matches
220,Kyogo Furuhashi,jp JPN,FW,sct Celtic,27,1995,4.0,55,44,11,1,0,0,3,1,0,0,0,0,38,0,2,Matches
221,Matteo Gabbia,it ITA,DF,it Milan,22,1999,2.3,106,100,6,1,0,1,0,1,0,0,0,0,94,0,0,Matches
222,Gianluca Gaetano,it ITA,MF,it Napoli,22,2000,0.3,36,35,1,1,0,0,0,0,0,0,0,0,32,0,0,Matches
223,Roberto Gagliardini,it ITA,MF,it Inter,28,1994,1.3,51,50,0,0,0,0,1,0,0,0,0,0,43,1,2,Matches
224,Cody Gakpo,nl NED,"FW,MF",eng Liverpool,23,1999,1.7,45,41,4,0,0,0,4,1,0,0,0,0,35,0,1,Matches
225,Galeno,br BRA,"FW,MF",pt Porto,24,1997,6.3,179,166,11,0,0,1,13,10,1,0,0,0,122,2,13,Matches
226,Conor Gallagher,eng ENG,MF,eng Chelsea,22,2000,3.3,164,160,4,0,1,2,10,0,3,0,3,0,141,0,2,Matches
227,Eric García,es ESP,DF,es Barcelona,21,2001,2.5,190,184,6,6,1,2,2,0,0,0,0,0,183,0,0,Matches
228,Federico Gatti,it ITA,DF,it Juventus,24,1998,2.0,67,64,3,2,0,3,1,0,0,0,0,0,61,0,0,Matches
229,Gavi,es ESP,MF,es Barcelona,17,2004,3.7,168,160,8,3,0,0,7,0,0,0,0,0,141,0,6,Matches
230,Gerson,br BRA,MF,fr Marseille,25,1997,1.3,63,58,3,3,0,0,2,0,0,0,0,0,52,2,1,Matches
231,Giorgos Giakoumakis,gr GRE,FW,sct Celtic,27,1994,2.7,34,34,0,0,0,0,0,0,0,0,0,0,21,0,2,Matches
232,Samuel Gigot,fr FRA,DF,fr Marseille,28,1993,2.8,170,165,5,3,0,0,2,2,0,0,0,0,156,0,0,Matches
233,Bryan Gil,es ESP,MF,eng Tottenham,21,2001,0.4,20,20,0,0,0,1,3,0,0,0,0,0,13,0,2,Matches
234,Gilberto,br BRA,DF,pt Benfica,29,1993,2.2,172,153,18,3,0,0,6,15,0,0,0,0,140,1,9,Matches
235,Olivier Giroud,fr FRA,FW,it Milan,35,1986,10.4,221,207,12,1,1,1,2,0,0,0,0,0,141,2,7,Matches
236,Jamie Gittens,eng ENG,MF,de Dortmund,17,2004,0.4,12,11,1,0,0,0,1,1,0,0,0,0,8,0,1,Matches
237,Serge Gnabry,de GER,"FW,MF",de Bayern Munich,27,1995,3.8,166,158,7,2,3,2,4,0,2,1,0,1,135,1,3,Matches
238,Sean Goldberg,il ISR,DF,il Maccabi Haifa,27,1995,6.0,266,253,13,9,0,3,0,4,0,0,0,0,227,0,3,Matches
239,Connor Goldson,eng ENG,DF,sct Rangers,29,1992,3.5,152,141,10,10,0,1,0,0,0,0,0,0,115,1,3,Matches
240,Joe Gomez,eng ENG,DF,eng Liverpool,25,1997,3.3,214,205,9,1,3,3,2,8,0,0,0,0,170,0,5,Matches
241,Papu Gómez,ar ARG,"FW,MF",es Sevilla,34,1988,2.7,125,118,6,2,1,6,6,3,1,0,0,0,102,1,1,Matches
242,Sergio Gómez,es ESP,"DF,MF",eng Manchester City,21,2000,3.4,293,266,27,2,0,2,15,24,1,0,1,0,259,0,5,Matches
243,Diogo Gonçalves,pt POR,"FW,MF",pt Benfica,25,1997,0.4,19,16,2,0,0,0,2,0,2,2,0,0,14,1,0,Matches
244,Pedro Gonçalves,pt POR,"MF,FW",pt Sporting CP,24,1998,4.0,127,120,7,4,1,2,4,0,2,2,0,0,92,0,1,Matches
245,Leon Goretzka,de GER,MF,de Bayern Munich,27,1995,6.7,314,311,3,1,1,1,4,2,0,0,0,0,274,0,3,Matches
246,Robin Gosens,de GER,DF,it Inter,28,1994,4.7,231,203,27,1,0,2,12,26,0,0,0,0,182,1,5,Matches
247,Mario Götze,de GER,"MF,FW",de Eint Frankfurt,30,1992,5.8,252,228,21,6,1,0,12,2,4,3,1,0,189,3,4,Matches
248,Lucas Gourna-Douath,fr FRA,MF,at RB Salzburg,18,2003,3.5,154,152,1,1,0,0,1,0,0,0,0,0,118,1,2,Matches
249,Kamil Grabara,pl POL,GK,dk FC Copenhagen,23,1999,4.0,124,89,35,7,0,0,0,0,0,0,0,0,79,0,0,Matches
250,Ryan Gravenberch,nl NED,MF,de Bayern Munich,20,2002,2.8,143,138,4,1,2,0,3,1,1,0,1,0,118,1,4,Matches
251,Ivo Grbić,hr CRO,GK,es Atlético Madrid,26,1996,1.0,30,20,10,1,0,0,0,0,0,0,0,0,20,0,0,Matches
252,Jack Grealish,eng ENG,FW,eng Manchester City,26,1995,10.4,509,478,30,4,1,3,21,13,13,8,1,2,433,1,16,Matches
253,Antoine Griezmann,fr FRA,"FW,MF",es Atlético Madrid,31,1991,4.5,245,225,19,3,3,3,20,2,12,11,0,1,190,1,3,Matches
254,Florian Grillitsch,at AUT,MF,nl Ajax,26,1995,0.7,41,37,4,4,0,0,3,0,0,0,0,0,34,0,1,Matches
255,Álex Grimaldo,es ESP,DF,pt Benfica,26,1995,10.0,664,569,94,15,1,3,27,76,3,0,3,0,558,1,16,Matches
256,Marko Grujić,rs SRB,MF,pt Porto,26,1996,3.1,145,142,2,2,0,1,2,0,0,0,0,0,124,1,5,Matches
257,Nemanja Gudelj,rs SRB,"DF,MF",es Sevilla,30,1991,5.5,328,309,19,16,0,6,0,2,0,0,0,0,296,0,2,Matches
258,Gonçalo Guedes,pt POR,"FW,MF",pt Benfica,25,1996,0.5,19,19,0,0,0,0,1,0,0,0,0,0,13,0,2,Matches
259,Mattéo Guendouzi,fr FRA,MF,fr Marseille,23,1999,4.6,257,245,10,1,0,0,5,5,2,0,0,0,223,2,3,Matches
260,Raphaël Guerreiro,pt POR,DF,de Dortmund,28,1993,5.3,311,248,63,11,0,0,10,48,4,0,3,0,253,0,5,Matches
261,Pape Gueye,sn SEN,MF,fr Marseille,23,1999,0.4,51,50,1,1,0,2,0,0,0,0,0,0,47,0,0,Matches
262,Péter Gulácsi,hu HUN,GK,de RB Leipzig,32,1990,2.1,64,52,12,0,0,0,0,0,0,0,0,0,51,0,0,Matches
263,İlkay Gündoğan,de GER,MF,eng Manchester City,31,1990,11.0,755,732,21,13,2,4,8,1,3,1,1,1,672,2,12,Matches
264,Joško Gvardiol,hr CRO,DF,de RB Leipzig,20,2002,6.0,476,466,9,7,0,10,0,2,0,0,0,0,423,1,5,Matches
265,Erling Haaland,no NOR,FW,eng Manchester City,22,2000,9.3,123,116,7,0,0,0,1,0,0,0,0,0,91,0,7,Matches
266,Amadou Haidara,ml MLI,MF,de RB Leipzig,24,1998,3.8,191,190,0,0,1,0,0,0,0,0,0,0,173,1,2,Matches
267,Achraf Hakimi,ma MAR,"DF,MF",fr Paris S-G,23,1998,6.4,378,361,15,0,0,1,11,15,0,0,0,0,332,2,6,Matches
268,Sead Haksabanović,me MNE,"MF,FW",sct Celtic,23,1999,2.5,107,91,16,4,1,2,18,1,9,4,2,0,78,0,2,Matches
269,Sébastien Haller,ci CIV,FW,de Dortmund,28,1994,1.6,50,47,3,0,0,0,0,0,0,0,0,0,34,0,3,Matches
270,Marcel Halstenberg,de GER,DF,de RB Leipzig,30,1991,1.9,116,96,20,4,0,0,10,15,1,0,0,0,98,0,2,Matches
271,Amine Harit,ma MAR,MF,fr Marseille,25,1997,4.2,215,192,20,3,2,3,13,1,14,4,4,0,181,3,2,Matches
272,Joe Hart,eng ENG,GK,sct Celtic,35,1987,6.0,174,135,39,7,0,0,0,0,0,0,0,0,162,0,0,Matches
273,Makoto Hasebe,jp JPN,DF,de Eint Frankfurt,38,1984,2.9,153,148,5,5,0,2,0,0,0,0,0,0,125,0,0,Matches
274,Reo Hatate,jp JPN,MF,sct Celtic,24,1997,5.0,242,240,2,1,3,2,1,1,0,0,0,0,188,0,3,Matches
275,Milan Havel,cz CZE,DF,cz Viktoria Plzeň,27,1994,4.7,127,101,25,2,0,0,10,23,0,0,0,0,92,1,3,Matches
276,Kai Havertz,de GER,"FW,MF",eng Chelsea,23,1999,6.9,268,258,7,0,1,2,7,3,0,0,0,0,206,3,6,Matches
277,Eden Hazard,be BEL,"FW,MF",es Real Madrid,31,1991,1.5,66,63,3,0,0,0,0,2,0,0,0,0,58,0,1,Matches
278,Thorgan Hazard,be BEL,"DF,FW",de Dortmund,29,1993,2.2,98,81,17,4,0,1,7,9,4,3,1,0,75,0,3,Matches
279,Dolev Haziz,il ISR,DF,il Maccabi Haifa,27,1995,2.3,140,109,30,2,0,2,15,20,8,0,1,0,101,1,5,Matches
280,Lukáš Hejda,cz CZE,DF,cz Viktoria Plzeň,32,1990,5.7,84,80,3,3,0,0,1,0,0,0,0,0,73,1,2,Matches
281,Jordan Henderson,eng ENG,MF,eng Liverpool,32,1990,3.1,212,204,7,4,3,1,2,1,0,0,0,0,185,1,3,Matches
282,Jack Hendry,sct SCO,DF,be Club Brugge,27,1995,1.0,56,55,1,1,0,1,0,0,0,0,0,0,44,0,0,Matches
283,Benjamin Henrichs,de GER,"DF,MF",de RB Leipzig,25,1997,2.2,94,82,12,0,1,1,5,12,0,0,0,0,76,0,1,Matches
284,Mario Hermoso,es ESP,DF,es Atlético Madrid,27,1995,1.8,120,116,4,2,0,1,4,2,0,0,0,0,109,0,0,Matches
285,Lucas Hernández,fr FRA,DF,de Bayern Munich,26,1996,1.9,135,133,1,0,0,2,0,0,0,0,0,0,118,1,2,Matches
286,Theo Hernández,fr FRA,DF,it Milan,24,1997,10.5,532,422,109,20,1,4,20,81,8,2,6,0,444,1,19,Matches
287,Son Heung-min,kr KOR,"MF,FW",eng Tottenham,30,1992,6.9,201,160,38,12,0,1,33,3,23,15,2,0,135,3,9,Matches
288,Piero Hincapié,ec ECU,DF,de Leverkusen,20,2002,5.0,308,285,23,7,0,0,6,13,0,0,0,0,251,0,8,Matches
289,Adam Hložek,cz CZE,"MF,FW",de Leverkusen,20,2002,3.1,88,86,2,0,1,0,1,1,0,0,0,0,65,0,0,Matches
290,Libor Holík,cz CZE,DF,cz Viktoria Plzeň,24,1998,3.2,85,60,25,1,0,0,15,24,0,0,0,0,55,0,2,Matches
291,Lukáš Hrádecký,fi FIN,GK,de Leverkusen,32,1989,6.0,203,155,47,12,0,0,0,0,0,0,0,0,160,1,0,Matches
292,Callum Hudson-Odoi,eng ENG,FW,de Leverkusen,21,2000,5.1,215,198,13,5,2,4,11,2,5,3,0,0,173,4,3,Matches
293,Mats Hummels,de GER,DF,de Dortmund,33,1988,3.5,224,218,5,5,0,5,0,0,0,0,0,0,190,1,3,Matches
294,Pierre Højbjerg,dk DEN,MF,eng Tottenham,26,1995,6.9,449,434,12,4,0,6,7,3,0,0,0,0,396,3,3,Matches
295,Samuel Iling-Junior,eng ENG,DF,it Juventus,18,2003,0.2,8,8,0,0,0,0,4,0,0,0,0,0,4,0,0,Matches
296,Gonçalo Inácio,pt POR,DF,pt Sporting CP,20,2001,6.0,378,355,22,19,0,4,0,1,0,0,0,0,330,1,2,Matches
297,Isco,es ESP,"MF,FW",es Sevilla,30,1992,4.4,198,185,12,7,1,2,4,0,4,0,3,0,168,1,6,Matches
298,Franco Israel,uy URU,GK,pt Sporting CP,22,2000,1.7,70,40,30,8,0,0,0,0,0,0,0,0,43,0,0,Matches
299,Luka Ivanušec,hr CRO,MF,hr Dinamo Zagreb,23,1998,5.8,215,211,4,1,0,3,4,3,0,0,0,0,175,0,6,Matches
300,Ryan Jack,sct SCO,MF,sct Rangers,30,1992,2.1,77,77,0,0,0,0,3,0,0,0,0,0,61,0,1,Matches
301,Kristijan Jakić,hr CRO,DF,de Eint Frankfurt,25,1997,6.8,375,329,46,6,0,4,11,40,0,0,0,0,291,0,6,Matches
302,Reece James,eng ENG,"DF,MF",eng Chelsea,22,1999,7.7,528,461,65,9,0,5,40,52,4,2,1,0,435,2,18,Matches
303,Adnan Januzaj,be BEL,"FW,MF",es Sevilla,27,1995,0.6,19,18,1,0,0,0,1,0,1,1,0,0,15,0,1,Matches
304,Luis Javier Suárez,co COL,FW,fr Marseille,24,1997,1.3,32,31,1,0,0,0,1,0,0,0,0,0,21,0,1,Matches
305,Elias Jelert,dk DEN,"DF,MF",dk FC Copenhagen,19,2003,2.1,90,74,16,1,0,1,4,15,0,0,0,0,72,0,2,Matches
306,Václav Jemelka,cz CZE,DF,cz Viktoria Plzeň,27,1995,4.0,122,97,23,5,0,3,4,18,0,0,0,0,96,2,6,Matches
307,Moritz Jenz,de GER,DF,sct Celtic,23,1999,6.0,457,445,12,11,0,1,0,1,0,0,0,0,427,0,1,Matches
308,Juan Jesus,br BRA,DF,it Napoli,31,1991,2.3,151,146,4,4,0,0,0,0,0,0,0,0,137,1,2,Matches
309,Erik Jirka,sk SVK,"FW,MF",cz Viktoria Plzeň,24,1997,3.0,74,70,4,0,0,0,4,2,0,0,0,0,49,0,4,Matches
310,Ísak Jóhannesson,is ISL,"FW,MF",dk FC Copenhagen,19,2003,3.2,83,70,13,3,2,3,14,0,10,8,1,0,56,0,4,Matches
311,Curtis Jones,eng ENG,"FW,MF",eng Liverpool,21,2001,1.1,45,44,0,0,0,0,1,0,0,0,0,0,36,1,1,Matches
312,Frenkie de Jong,nl NED,MF,es Barcelona,25,1997,2.6,175,167,7,5,2,0,4,1,0,0,0,0,152,1,7,Matches
313,Joan Jordán,es ESP,MF,es Sevilla,28,1994,2.9,171,165,6,6,1,2,1,0,0,0,0,0,157,0,1,Matches
314,Jorginho,it ITA,MF,eng Chelsea,30,1991,4.6,361,345,14,14,2,0,1,0,0,0,0,0,334,2,2,Matches
315,Jota,pt POR,FW,sct Celtic,23,1999,3.2,111,99,12,0,1,0,15,7,5,2,0,0,84,0,4,Matches
316,Diogo Jota,pt POR,"FW,MF",eng Liverpool,25,1996,2.9,95,93,1,0,0,0,2,0,0,0,0,0,74,1,2,Matches
317,Vinicius Júnior,br BRA,FW,es Real Madrid,22,2000,10.8,432,422,9,2,2,8,21,4,2,0,0,0,333,1,21,Matches
318,Josip Juranović,hr CRO,DF,sct Celtic,26,1995,6.0,342,289,51,5,0,0,19,46,0,0,0,0,281,2,10,Matches
319,Ferran Jutglà,es ESP,FW,be Club Brugge,23,1999,5.7,131,117,14,0,0,1,1,0,2,0,0,0,94,0,4,Matches
320,Issa Kaboré,bf BFA,DF,fr Marseille,21,2001,1.3,51,45,6,0,0,0,5,6,0,0,0,0,44,0,2,Matches
321,Pierre Kalulu,fr FRA,DF,it Milan,22,2000,8.3,481,449,32,11,0,2,4,21,0,0,0,0,422,0,2,Matches
322,Lukáš Kalvach,cz CZE,MF,cz Viktoria Plzeň,27,1995,5.5,238,207,31,18,0,4,23,0,13,5,4,0,171,0,7,Matches
323,Daichi Kamada,jp JPN,"MF,FW",de Eint Frankfurt,25,1996,7.7,316,294,20,9,1,4,14,0,8,4,3,0,250,2,6,Matches
324,Glen Kamara,fi FIN,MF,sct Rangers,26,1995,1.4,40,37,3,3,0,0,0,0,0,0,0,0,39,0,0,Matches
325,Dijon Kameri,at AUT,MF,at RB Salzburg,18,2004,1.3,41,38,3,0,0,1,2,0,0,0,0,0,32,0,1,Matches
326,Kevin Kampl,si SVN,MF,de RB Leipzig,31,1990,3.0,185,179,5,4,1,0,0,1,0,0,0,0,174,1,0,Matches
327,Harry Kane,eng ENG,FW,eng Tottenham,29,1993,8.0,251,235,12,4,6,2,9,4,0,0,0,0,160,4,9,Matches
328,N'Golo Kanté,fr FRA,MF,eng Chelsea,31,1991,1.8,79,79,0,0,1,0,5,0,0,0,0,0,64,0,3,Matches
329,Mamoudou Karamoko,fr FRA,FW,dk FC Copenhagen,22,1999,0.5,3,3,0,0,0,0,0,0,0,0,0,0,2,0,0,Matches
330,Moise Kean,it ITA,"FW,MF",it Juventus,22,2000,1.2,18,17,1,0,0,1,2,0,0,0,0,0,12,0,1,Matches
331,Ryan Kent,eng ENG,"FW,MF",sct Rangers,25,1996,5.6,120,105,15,0,1,0,9,2,2,0,0,0,98,0,4,Matches
332,Franck Kessié,ci CIV,MF,es Barcelona,25,1996,3.0,185,180,5,4,0,1,6,1,0,0,0,0,160,0,3,Matches
333,Davit Khocholava,ge GEO,DF,dk FC Copenhagen,29,1993,4.8,222,219,3,3,0,1,0,0,0,0,0,0,191,0,1,Matches
334,Joshua Kimmich,de GER,MF,de Bayern Munich,27,1995,9.0,710,639,66,31,5,4,40,7,28,15,12,0,619,5,3,Matches
335,Presnel Kimpembe,fr FRA,DF,fr Paris S-G,26,1995,1.6,103,92,11,4,0,0,0,5,0,0,0,0,98,0,2,Matches
336,Leon King,sct SCO,DF,sct Rangers,18,2004,4.2,198,190,8,4,0,2,1,4,0,0,0,0,156,0,5,Matches
337,Simon Kjær,dk DEN,DF,it Milan,33,1989,5.6,276,265,10,9,0,1,0,0,0,0,0,0,237,1,0,Matches
338,Maurits Kjærgaard,dk DEN,MF,at RB Salzburg,19,2003,5.5,152,141,10,2,0,0,19,2,6,6,0,0,96,1,2,Matches
339,Davy Klaassen,nl NED,MF,nl Ajax,29,1993,2.4,66,65,1,1,0,0,1,0,0,0,0,0,59,0,1,Matches
340,Jan Kliment,cz CZE,FW,cz Viktoria Plzeň,28,1993,0.5,8,8,0,0,0,0,0,0,0,0,0,0,7,0,0,Matches
341,Lukas Klostermann,de GER,DF,de RB Leipzig,26,1996,0.6,21,18,1,0,0,0,0,1,0,0,0,0,17,2,0,Matches
342,Ansgar Knauff,de GER,"DF,FW",de Eint Frankfurt,20,2002,3.3,132,105,27,1,0,0,4,26,0,0,0,0,84,0,1,Matches
343,Gregor Kobel,ch SUI,GK,de Dortmund,24,1997,3.5,143,112,30,12,0,0,0,0,0,0,0,0,109,1,0,Matches
344,Philipp Köhn,ch SUI,GK,at RB Salzburg,24,1998,6.0,143,89,54,22,0,0,0,0,0,0,0,0,95,0,0,Matches
345,Sekou Koita,ml MLI,FW,at RB Salzburg,22,1999,0.2,8,7,1,0,0,0,0,1,0,0,0,0,7,0,0,Matches
346,Koke,es ESP,MF,es Atlético Madrid,30,1992,3.7,260,248,11,8,0,3,3,2,1,0,0,0,230,1,1,Matches
347,Sead Kolašinac,ba BIH,DF,fr Marseille,29,1993,1.7,118,108,10,6,0,0,0,4,0,0,0,0,102,0,1,Matches
348,Randal Kolo Muani,fr FRA,FW,de Eint Frankfurt,23,1998,5.7,95,86,6,0,0,0,4,0,0,0,0,0,61,3,1,Matches
349,Ibrahima Konaté,fr FRA,DF,eng Liverpool,23,1999,2.9,139,133,5,4,0,2,0,1,0,0,0,0,106,1,0,Matches
350,Geoffrey Kondogbia,cf CTA,MF,es Atlético Madrid,29,1993,2.5,210,206,2,1,0,9,2,1,0,0,0,0,182,2,1,Matches
351,Yukhym Konoplia,ua UKR,DF,ua Shakhtar,22,1999,4.6,212,177,32,3,0,2,5,29,0,0,0,0,175,3,9,Matches
352,Jan Kopic,cz CZE,"FW,MF",cz Viktoria Plzeň,32,1990,0.9,19,17,2,0,0,0,2,0,0,0,0,0,14,0,0,Matches
353,Odilon Kossounou,ci CIV,DF,de Leverkusen,21,2001,4.8,314,290,24,6,1,2,2,18,0,0,0,0,260,0,6,Matches
354,Filip Kostić,rs SRB,"DF,FW",it Juventus,29,1992,4.8,249,226,21,6,0,1,41,11,4,1,3,0,172,2,8,Matches
355,Kalidou Koulibaly,sn SEN,DF,eng Chelsea,31,1991,6.3,360,349,9,9,0,5,0,0,0,0,0,0,318,2,2,Matches
356,Jules Koundé,fr FRA,DF,es Barcelona,23,1998,2.7,221,207,14,2,0,2,2,12,0,0,0,0,200,0,0,Matches
357,Mateo Kovačić,hr CRO,MF,eng Chelsea,28,1994,6.9,498,484,11,10,1,2,0,1,0,0,0,0,435,3,9,Matches
358,Adam Kronus,,FW,cz Viktoria Plzeň,20,2002,0.0,4,4,0,0,0,0,0,0,0,0,0,0,2,0,0,Matches
359,Toni Kroos,de GER,MF,es Real Madrid,32,1990,9.4,909,830,75,40,0,11,28,3,32,11,8,0,831,4,11,Matches
360,Rade Krunić,ba BIH,"MF,FW",it Milan,28,1993,9.1,343,328,13,9,0,4,1,4,0,0,0,0,283,2,6,Matches
361,Dmytro Kryskiv,ua UKR,MF,ua Shakhtar,21,2000,0.1,4,4,0,0,0,0,0,0,0,0,0,0,4,0,0,Matches
362,Serhiy Kryvtsov,ua UKR,DF,ua Shakhtar,31,1991,0.1,0,0,0,0,0,0,0,0,0,0,0,0,0,0,0,Matches
363,Mohammed Kudus,gh GHA,FW,nl Ajax,21,2000,5.0,123,107,15,0,0,1,2,1,0,0,0,0,102,1,2,Matches
364,Dejan Kulusevski,se SWE,"MF,DF",eng Tottenham,22,2000,2.2,93,83,8,1,0,0,10,1,3,0,0,0,69,2,1,Matches
365,Khvicha Kvaratskhelia,ge GEO,FW,it Napoli,21,2001,7.7,288,270,16,3,7,6,17,7,6,3,0,0,212,2,10,Matches
366,Konrad Laimer,at AUT,"MF,FW",de RB Leipzig,25,1997,2.9,91,88,3,1,0,0,2,2,0,0,0,0,74,0,1,Matches
367,Érik Lamela,ar ARG,"FW,MF",es Sevilla,30,1992,3.1,121,118,2,0,1,1,3,1,0,0,0,0,97,1,1,Matches
368,Noa Lang,nl NED,FW,be Club Brugge,23,1999,3.2,150,123,24,4,0,1,20,7,10,7,0,0,103,3,8,Matches
369,Aymeric Laporte,es ESP,DF,eng Manchester City,28,1994,3.2,270,266,4,1,0,2,0,3,0,0,0,0,252,0,2,Matches
370,Cyle Larin,ca CAN,"FW,MF",be Club Brugge,27,1995,0.1,1,1,0,0,0,0,0,0,0,0,0,0,1,0,0,Matches
371,Rasmus Lauritsen,dk DEN,DF,hr Dinamo Zagreb,26,1996,0.2,0,0,0,0,0,0,0,0,0,0,0,0,0,0,0,Matches
372,Neta Lavi,il ISR,MF,il Maccabi Haifa,25,1996,5.2,274,266,7,7,1,0,2,0,0,0,0,0,229,1,5,Matches
373,Rafael Leão,pt POR,"FW,MF",it Milan,23,1999,10.1,250,243,7,0,1,4,25,5,0,0,0,0,175,0,13,Matches
374,Thomas Lemar,fr FRA,MF,es Atlético Madrid,26,1995,1.2,64,57,6,2,0,3,6,0,4,2,1,0,50,1,1,Matches
375,Clément Lenglet,fr FRA,DF,eng Tottenham,27,1995,5.6,347,335,12,6,0,1,5,6,0,0,0,0,293,0,2,Matches
376,Christopher Lenz,de GER,DF,de Eint Frankfurt,27,1994,2.5,118,85,32,5,0,0,9,24,3,2,0,1,84,1,4,Matches
377,Lukas Lerager,dk DEN,MF,dk FC Copenhagen,29,1993,5.0,164,160,4,2,1,2,4,2,0,0,0,0,127,0,3,Matches
378,Robert Lewandowski,pl POL,FW,es Barcelona,33,1988,4.9,131,124,5,0,5,0,6,0,0,0,0,0,86,2,5,Matches
379,Rico Lewis,eng ENG,DF,eng Manchester City,17,2004,1.3,97,92,5,1,0,0,1,4,0,0,0,0,88,0,0,Matches
380,Matthijs de Ligt,nl NED,DF,de Bayern Munich,22,1999,6.8,474,466,7,6,0,2,0,1,0,0,0,0,440,1,1,Matches
381,Jesper Lindstrøm,dk DEN,"MF,FW",de Eint Frankfurt,22,2000,5.6,133,122,11,2,1,0,10,3,5,1,4,0,87,0,8,Matches
382,Dominik Livaković,hr CRO,GK,hr Dinamo Zagreb,27,1995,6.0,253,150,103,27,0,0,0,0,0,0,0,0,172,0,0,Matches
383,Robert Ljubicic,at AUT,"FW,DF",hr Dinamo Zagreb,23,1999,6.0,363,299,64,14,0,8,9,50,0,0,0,0,272,0,14,Matches
384,Marcos Llorente,es ESP,"MF,FW",es Atlético Madrid,27,1995,2.4,117,108,7,0,0,0,3,7,0,0,0,0,98,2,5,Matches
385,Hugo Lloris,fr FRA,GK,eng Tottenham,35,1986,6.0,176,129,47,5,0,0,0,0,0,0,0,0,150,0,0,Matches
386,Danny Loader,cm CMR,"FW,MF",pt Porto,21,2000,0.6,25,20,3,0,0,0,1,0,0,0,0,0,19,2,0,Matches
387,Stanislav Lobotka,sk SVK,MF,it Napoli,27,1994,9.7,632,617,15,12,0,3,2,1,0,0,0,0,582,0,7,Matches
388,Manuel Locatelli,it ITA,MF,it Juventus,24,1998,2.5,196,186,9,5,1,2,6,1,3,3,0,0,170,1,1,Matches
389,Ruben Loftus-Cheek,eng ENG,MF,eng Chelsea,26,1996,3.2,189,184,3,2,0,2,1,0,0,0,0,0,166,2,1,Matches
390,Pau López,es ESP,GK,fr Marseille,27,1994,6.0,177,142,34,9,0,1,0,0,0,0,0,0,135,1,0,Matches
391,Alexander lowry,sct SCO,MF,sct Rangers,19,2003,0.1,3,3,0,0,0,0,0,0,0,0,0,0,2,0,0,Matches
392,Hirving Lozano,mx MEX,FW,it Napoli,27,1995,5.2,158,152,4,1,0,0,20,2,1,0,1,0,112,2,5,Matches
393,Florentino Luís,pt POR,MF,pt Benfica,22,1999,9.5,553,546,6,6,0,5,1,0,0,0,0,0,490,1,7,Matches
394,Romelu Lukaku,be BEL,FW,it Inter,29,1993,2.1,54,52,1,0,1,1,1,0,0,0,0,0,39,1,1,Matches
395,Valdemar Lund,dk DEN,DF,dk FC Copenhagen,19,2003,3.4,167,163,3,2,0,4,0,1,0,0,0,0,145,1,0,Matches
396,John Lundstram,eng ENG,"MF,DF",sct Rangers,28,1994,5.0,217,209,4,2,0,3,2,2,0,0,0,0,173,4,1,Matches
397,Andriy Lunin,ua UKR,GK,es Real Madrid,23,1999,2.0,43,32,11,2,0,0,0,0,0,0,0,0,41,0,0,Matches
398,Mahir Madatov,az AZE,FW,hr Dinamo Zagreb,25,1997,0.2,7,7,0,0,0,0,0,0,0,0,0,0,6,0,0,Matches
399,Daizen Maeda,jp JPN,FW,sct Celtic,24,1997,3.7,71,71,0,0,0,0,6,0,0,0,0,0,51,0,5,Matches
400,Riyad Mahrez,dz ALG,"FW,MF",eng Manchester City,31,1991,5.6,319,289,30,4,0,7,20,11,15,7,1,1,275,0,4,Matches
401,Mike Maignan,fr FRA,GK,it Milan,27,1995,7.0,260,197,63,14,0,0,0,0,0,0,0,0,217,0,1,Matches
402,Donyell Malen,nl NED,"FW,MF",de Dortmund,23,1999,2.8,54,49,5,0,0,0,1,1,2,0,1,0,41,0,2,Matches
403,Reinildo Mandava,mz MOZ,DF,es Atlético Madrid,28,1994,5.7,383,351,31,4,0,1,5,27,0,0,0,0,339,1,5,Matches
404,Sadio Mané,sn SEN,FW,de Bayern Munich,30,1992,6.1,206,198,7,0,4,0,5,4,0,0,0,0,161,1,10,Matches
405,Iván Marcano,es ESP,DF,pt Porto,35,1987,3.0,182,170,12,6,1,2,1,1,0,0,0,0,161,0,1,Matches
406,Marcão,br BRA,DF,es Sevilla,26,1996,2.5,164,162,2,2,0,1,0,0,0,0,0,0,141,0,1,Matches
407,José María Giménez,uy URU,DF,es Atlético Madrid,27,1995,4.5,288,281,6,6,0,2,1,0,0,0,0,0,253,1,1,Matches
408,Mariano,do DOM,FW,es Real Madrid,28,1993,0.1,4,4,0,0,0,0,0,0,0,0,0,0,2,0,0,Matches
409,Antonio Marin,hr CRO,FW,hr Dinamo Zagreb,21,2001,0.1,4,4,0,0,0,0,0,0,0,0,0,0,3,0,0,Matches
410,João Mário,pt POR,FW,pt Benfica,29,1993,9.6,503,479,24,8,2,3,25,5,11,5,3,0,429,0,10,Matches
411,João Mário Lopes,pt POR,DF,pt Porto,22,2000,3.0,104,83,21,2,0,1,8,19,0,0,0,0,78,0,2,Matches
412,Marquinhos,br BRA,DF,fr Paris S-G,28,1994,7.3,409,387,22,13,1,1,0,2,0,0,0,0,379,0,2,Matches
413,José Marsà,es ESP,DF,pt Sporting CP,20,2002,1.1,27,26,1,1,0,0,0,0,0,0,0,0,24,0,0,Matches
414,Lautaro Martínez,ar ARG,FW,it Inter,24,1997,11.1,229,213,15,0,2,0,3,0,0,0,0,0,161,1,8,Matches
415,Toni Martínez,es ESP,FW,pt Porto,25,1997,1.3,40,39,1,0,0,0,2,0,0,0,0,0,21,0,1,Matches
416,Clinton Mata,ao ANG,DF,be Club Brugge,29,1992,1.8,125,111,14,2,0,0,3,12,0,0,0,0,96,0,4,Matches
417,Pape Matar Sarr,sn SEN,MF,eng Tottenham,19,2002,1.0,60,56,4,3,0,0,0,1,0,0,0,0,50,0,3,Matches
418,Joël Matip,cm CMR,DF,eng Liverpool,30,1991,2.7,175,172,3,3,0,0,0,0,0,0,0,0,155,0,0,Matches
419,Rabbi Matondo,wls WAL,"MF,FW",sct Rangers,21,2000,1.1,18,18,0,0,0,0,1,0,0,0,0,0,9,0,2,Matches
420,Mykola Matviyenko,ua UKR,DF,ua Shakhtar,26,1996,6.0,444,399,44,11,0,2,0,0,0,0,0,0,393,1,3,Matches
421,Philipp Max,de GER,DF,de Eint Frankfurt,28,1993,1.3,54,40,13,4,0,0,11,6,3,1,1,0,36,1,2,Matches
422,Eric Maxim Choupo-Moting,cm CMR,FW,de Bayern Munich,33,1989,4.8,102,94,3,0,3,0,0,0,0,0,0,0,75,5,1,Matches
423,Noussair Mazraoui,ma MAR,DF,de Bayern Munich,24,1997,4.4,312,271,40,4,0,1,8,36,0,0,0,0,260,1,5,Matches
424,Kylian Mbappé,fr FRA,FW,fr Paris S-G,23,1998,7.2,280,267,12,1,1,1,22,1,2,0,0,0,211,1,7,Matches
425,Chancel Mbemba,cd COD,DF,fr Marseille,27,1994,4.5,278,269,6,4,0,3,9,2,0,0,0,0,226,3,5,Matches
426,James McCarthy,ie IRL,MF,sct Celtic,31,1990,0.1,10,10,0,0,0,0,0,0,0,0,0,0,8,0,1,Matches
427,Allan McGregor,sct SCO,GK,sct Rangers,40,1982,5.0,196,132,62,11,0,0,0,0,0,0,0,0,121,2,0,Matches
428,Callum McGregor,sct SCO,MF,sct Celtic,29,1993,2.4,157,155,1,1,0,0,1,0,0,0,0,0,139,1,3,Matches
429,Weston McKennie,us USA,MF,it Juventus,23,1998,4.0,152,145,5,0,0,0,3,5,0,0,0,0,115,2,6,Matches
430,Jon McLaughlin,sct SCO,GK,sct Rangers,34,1987,1.0,31,24,7,2,0,0,0,0,0,0,0,0,21,0,0,Matches
431,Brandon Mechele,be BEL,DF,be Club Brugge,29,1993,8.0,462,453,9,8,0,5,0,0,0,0,0,0,402,0,2,Matches
432,Bjorn Meijer,nl NED,DF,be Club Brugge,19,2003,6.4,308,252,54,2,2,1,8,52,0,0,0,0,226,2,8,Matches
433,Raz Meir,il ISR,"DF,MF",il Maccabi Haifa,25,1996,0.9,38,31,6,0,0,0,1,6,0,0,0,0,31,1,0,Matches
434,Arthur Melo,br BRA,MF,eng Liverpool,25,1996,0.2,13,12,1,1,0,0,0,0,0,0,0,0,11,0,0,Matches
435,Memphis,nl NED,FW,es Barcelona,28,1994,0.2,16,15,1,0,0,0,0,0,1,0,0,0,14,0,0,Matches
436,Sun Menachem,il ISR,DF,il Maccabi Haifa,28,1993,0.7,30,26,4,1,0,0,1,3,0,0,0,0,21,0,1,Matches
437,Nuno Mendes,pt POR,"DF,MF",fr Paris S-G,20,2002,4.9,220,183,36,2,1,4,12,33,1,0,1,0,162,1,11,Matches
438,Edouard Mendy,sn SEN,GK,eng Chelsea,30,1992,1.0,25,21,4,1,0,0,0,0,0,0,0,0,23,0,0,Matches
439,Ferland Mendy,fr FRA,DF,es Real Madrid,27,1995,3.9,304,284,20,1,0,1,2,19,0,0,0,0,289,0,3,Matches
440,Alex Meret,it ITA,GK,it Napoli,25,1997,10.0,316,229,86,16,0,0,0,0,0,0,0,0,279,1,0,Matches
441,Lionel Messi,ar ARG,"FW,MF",fr Paris S-G,35,1987,6.8,413,384,27,6,8,1,14,1,15,7,5,0,352,2,9,Matches
442,Junior Messias,br BRA,"FW,DF",it Milan,31,1991,3.5,104,96,8,0,0,0,9,8,0,0,0,0,76,0,2,Matches
443,Thomas Meunier,be BEL,DF,de Dortmund,30,1991,3.9,259,218,40,3,1,0,11,37,0,0,0,0,202,1,6,Matches
444,Alexander Meyer,de GER,GK,de Dortmund,31,1991,4.5,198,145,52,8,0,0,0,0,0,0,0,0,165,1,0,Matches
445,Simon Mignolet,be BEL,GK,be Club Brugge,34,1988,8.0,324,216,107,31,0,1,0,0,0,0,0,0,237,1,0,Matches
446,Arkadiusz Milik,pl POL,FW,it Juventus,28,1994,3.8,87,82,4,0,0,1,3,0,0,0,0,0,64,1,2,Matches
447,Éder Militão,br BRA,DF,es Real Madrid,24,1998,8.3,489,446,41,16,2,8,2,2,0,0,0,0,422,2,7,Matches
448,James Milner,eng ENG,MF,eng Liverpool,36,1986,2.7,153,148,4,2,1,2,7,1,0,0,0,0,124,1,4,Matches
449,Kim Min-jae,kr KOR,DF,it Napoli,25,1996,8.7,612,597,15,14,1,4,0,1,0,0,0,0,538,0,1,Matches
450,Rafa Mir,es ESP,"MF,FW",es Sevilla,25,1997,1.7,34,33,1,0,0,0,0,0,0,0,0,0,21,0,1,Matches
451,Fabio Miretti,it ITA,"MF,FW",it Juventus,18,2003,2.4,96,92,3,1,0,3,5,0,2,1,1,0,67,1,5,Matches
452,Josip Mišić,hr CRO,MF,hr Dinamo Zagreb,28,1994,5.8,285,270,14,11,0,8,3,1,0,0,0,0,255,1,1,Matches
453,Henrikh Mkhitaryan,am ARM,MF,it Inter,33,1989,10.1,384,376,6,3,1,3,8,2,1,1,0,0,308,2,17,Matches
454,Anthony Modeste,fr FRA,FW,de Dortmund,34,1988,3.8,44,44,0,0,0,0,3,0,0,0,0,0,27,0,1,Matches
455,Luka Modrić,hr CRO,MF,es Real Madrid,36,1985,8.3,598,566,32,14,3,6,21,1,14,3,6,0,526,0,3,Matches
456,Ali Mohamed,ne NIG,MF,il Maccabi Haifa,26,1995,4.0,224,219,4,2,0,3,1,0,1,0,0,0,190,1,5,Matches
457,Sadegh Moharrami,ir IRN,"FW,DF",hr Dinamo Zagreb,26,1996,4.5,183,171,12,1,0,0,15,11,0,0,0,0,148,0,4,Matches
458,Nahuel Molina,ar ARG,"DF,MF",es Atlético Madrid,24,1998,5.2,364,311,51,2,2,0,38,45,4,3,1,0,266,2,5,Matches
459,Gonzalo Montiel,ar ARG,DF,es Sevilla,25,1997,2.5,142,124,17,5,0,0,7,12,0,0,0,0,114,1,2,Matches
460,Aaron Mooy,au AUS,MF,sct Celtic,31,1990,1.7,139,131,8,1,0,1,13,2,5,1,1,0,111,0,4,Matches
461,Álvaro Morata,es ESP,FW,es Atlético Madrid,29,1992,3.3,59,53,6,0,0,0,2,0,0,0,0,0,39,0,3,Matches
462,Morato,br BRA,DF,pt Benfica,21,2001,1.2,108,106,2,2,0,1,1,0,0,0,0,0,99,0,1,Matches
463,Alfredo Morelos,co COL,FW,sct Rangers,26,1996,2.8,63,57,6,0,1,2,1,1,0,0,0,0,41,0,4,Matches
464,Hidemasa Morita,jp JPN,MF,pt Sporting CP,27,1995,3.7,149,145,4,3,0,3,0,1,0,0,0,0,116,0,5,Matches
465,Jhon Mosquera,co COL,"FW,MF",cz Viktoria Plzeň,32,1990,4.8,132,115,16,2,0,0,10,14,0,0,0,0,81,1,9,Matches
466,Youssoufa Moukoko,de GER,"FW,MF",de Dortmund,17,2004,2.7,43,39,3,0,0,0,1,0,0,0,0,0,35,1,2,Matches
467,Mason Mount,eng ENG,MF,eng Chelsea,23,1999,4.9,272,253,15,3,1,4,21,4,7,0,6,0,217,4,6,Matches
468,Lucas Moura,br BRA,"FW,MF",eng Tottenham,29,1992,1.9,61,58,2,0,0,1,4,2,0,0,0,0,37,1,2,Matches
469,Mykhailo Mudryk,ua UKR,"FW,DF",eng Chelsea,21,2001,1.0,24,24,0,0,1,0,3,0,0,0,0,0,14,0,3,Matches
470,Mykhailo Mudryk,ua UKR,MF,ua Shakhtar,21,2001,5.7,154,137,17,7,5,0,21,1,9,3,5,1,111,0,3,Matches
471,Paul Mukairu,ng NGA,FW,dk FC Copenhagen,22,2000,0.5,6,6,0,0,0,0,0,0,0,0,0,0,4,0,0,Matches
472,Nordi Mukiele,fr FRA,"DF,MF",fr Paris S-G,24,1997,1.2,48,48,0,0,0,0,2,0,0,0,0,0,36,0,4,Matches
473,Thomas Müller,de GER,"MF,FW",de Bayern Munich,32,1989,4.1,164,158,6,2,0,1,3,1,0,0,0,0,131,0,2,Matches
474,Petar Musa,hr CRO,FW,pt Benfica,24,1998,1.4,45,44,1,0,0,0,0,0,0,0,0,0,30,0,0,Matches
475,Jamal Musiala,de GER,"MF,FW",de Bayern Munich,19,2003,5.9,219,214,3,0,1,1,1,0,1,1,0,0,191,2,7,Matches
476,Bohdan Mykhaylychenko,ua UKR,DF,ua Shakhtar,25,1997,4.0,204,184,19,2,0,0,5,17,0,0,0,0,166,1,3,Matches
477,Obite N'Dicka,ci CIV,DF,de Eint Frankfurt,22,1999,8.0,412,400,12,9,0,1,1,3,0,0,0,0,346,0,5,Matches
478,Nacho,es ESP,DF,es Real Madrid,32,1990,4.9,314,278,36,4,0,1,0,32,0,0,0,0,286,0,5,Matches
479,Jesús Navas,es ESP,"DF,MF",es Sevilla,36,1985,2.5,112,91,20,1,0,0,10,19,0,0,0,0,85,1,5,Matches
480,Flávio Nazinho,pt POR,"DF,MF",pt Sporting CP,19,2003,1.3,22,19,3,0,0,0,1,3,0,0,0,0,14,0,0,Matches
481,Tanguy Ndombele,fr FRA,MF,it Napoli,25,1996,4.1,266,260,5,4,3,3,1,0,0,0,0,0,231,1,4,Matches
482,David Neres,br BRA,"FW,MF",pt Benfica,25,1997,4.9,218,201,17,2,2,2,21,2,13,6,0,0,159,0,11,Matches
483,Luís Neto,pt POR,DF,pt Sporting CP,34,1988,0.4,36,36,0,0,0,0,0,0,0,0,0,0,34,0,0,Matches
484,Manuel Neuer,de GER,GK,de Bayern Munich,36,1986,3.0,121,94,26,4,0,0,0,0,0,0,0,0,98,1,0,Matches
485,João Neves,pt POR,"FW,MF",pt Benfica,17,2004,0.3,42,41,1,1,0,0,1,0,0,0,0,0,37,0,1,Matches
486,Neymar,br BRA,"MF,FW",fr Paris S-G,30,1992,6.0,392,350,38,17,4,2,19,3,15,8,3,0,320,4,5,Matches
487,Tanguy Nianzou,fr FRA,DF,es Sevilla,20,2002,2.0,95,95,0,0,1,1,0,0,0,0,0,0,86,0,0,Matches
488,Casper Nielsen,dk DEN,MF,be Club Brugge,28,1994,7.2,187,169,17,7,1,0,20,1,9,7,2,0,123,1,10,Matches
489,Saúl Ñíguez,es ESP,"MF,DF",es Atlético Madrid,27,1994,3.1,143,126,15,0,0,0,6,15,0,0,0,0,114,2,2,Matches
490,Christopher Nkunku,fr FRA,"MF,FW",de RB Leipzig,24,1997,6.2,233,227,3,1,2,0,4,0,1,0,0,0,211,3,2,Matches
491,Hugo Novoa,es ESP,MF,de RB Leipzig,19,2003,0.0,4,4,0,0,0,0,0,0,0,0,0,0,3,0,1,Matches
492,Darwin Núñez,uy URU,FW,eng Liverpool,23,1999,4.4,98,96,2,0,1,0,11,1,0,0,0,0,62,0,6,Matches
493,Antonio Nusa,no NOR,FW,be Club Brugge,17,2005,0.6,18,18,0,0,0,0,0,0,0,0,0,0,15,0,0,Matches
494,Matt O'Riley,dk DEN,MF,sct Celtic,21,2000,5.3,274,254,20,5,2,1,11,2,7,2,2,0,224,0,4,Matches
495,Jan Oblak,si SVN,GK,es Atlético Madrid,29,1993,5.0,113,74,38,4,0,0,0,0,0,0,0,0,79,1,0,Matches
496,Lucas Ocampos,ar ARG,FW,nl Ajax,28,1994,0.2,13,12,0,0,0,0,0,0,0,0,0,0,11,1,0,Matches
497,Oleh Ocheretko,ua UKR,MF,ua Shakhtar,19,2003,0.2,6,6,0,0,0,0,0,0,0,0,0,0,4,0,0,Matches
498,Denis Odoi,gh GHA,"DF,MF",be Club Brugge,34,1988,5.8,337,280,54,6,0,5,3,48,0,0,0,0,271,3,9,Matches
499,Noah Okafor,ch SUI,FW,at RB Salzburg,22,2000,5.2,73,72,0,0,0,1,4,0,0,0,0,0,50,1,2,Matches
500,Mathías Olivera,uy URU,DF,it Napoli,24,1997,5.7,395,328,67,11,0,3,7,56,0,0,0,0,329,0,10,Matches
501,Dani Olmo,es ESP,"FW,MF",de RB Leipzig,24,1998,0.7,32,29,3,1,1,0,3,0,2,0,1,0,18,0,1,Matches
502,André Onana,cm CMR,GK,it Inter,26,1996,13.0,525,405,120,32,0,1,0,0,0,0,0,0,407,0,0,Matches
503,Raphael Onyedika,ng NGA,MF,be Club Brugge,21,2001,6.3,274,265,8,8,0,5,0,0,0,0,0,0,232,1,5,Matches
504,Willi Orban,hu HUN,DF,de RB Leipzig,29,1992,8.0,525,505,18,18,0,3,3,0,0,0,0,0,466,2,6,Matches
505,Divock Origi,be BEL,FW,it Milan,27,1995,1.7,47,45,2,1,1,0,2,0,0,0,0,0,33,0,2,Matches
506,Mislav Oršić,hr CRO,FW,hr Dinamo Zagreb,29,1992,5.4,172,151,21,3,2,1,16,3,13,3,3,0,121,0,9,Matches
507,Stefan Ortega,de GER,GK,eng Manchester City,29,1992,2.0,52,40,12,2,0,0,0,0,0,0,0,0,50,0,0,Matches
508,Victor Osimhen,ng NGA,FW,it Napoli,23,1998,4.7,51,49,2,0,0,0,3,0,0,0,0,0,34,0,1,Matches
509,Nicolás Otamendi,ar ARG,DF,pt Benfica,34,1988,8.8,539,528,10,8,0,13,0,2,0,0,0,0,482,1,4,Matches
510,Otávio,pt POR,MF,pt Porto,27,1995,5.8,263,215,47,20,2,2,14,10,11,4,4,0,200,1,11,Matches
511,Alex Oxlade-Chamberlain,eng ENG,MF,eng Liverpool,28,1993,0.2,11,10,1,0,0,0,0,1,0,0,0,0,9,0,1,Matches
512,Salih Özcan,tr TUR,MF,de Dortmund,24,1998,6.0,291,281,10,10,1,4,1,0,0,0,0,0,249,0,4,Matches
513,Exequiel Palacios,ar ARG,MF,de Leverkusen,23,1998,1.0,79,76,2,1,0,1,4,0,1,0,1,0,61,1,0,Matches
514,Cole Palmer,eng ENG,"MF,FW",eng Manchester City,20,2002,1.5,63,62,1,0,0,0,4,0,1,0,0,0,54,0,3,Matches
515,Antonios Papadopoulos,de GER,"MF,FW",de Dortmund,22,1999,0.1,6,6,0,0,0,0,0,0,0,0,0,0,2,0,1,Matches
516,Leandro Paredes,ar ARG,MF,it Juventus,28,1994,3.9,240,212,28,20,0,1,10,3,5,3,1,0,214,0,3,Matches
517,Felix Passlack,de GER,DF,de Dortmund,24,1998,1.0,69,60,9,0,0,1,2,9,0,0,0,0,57,0,0,Matches
518,Remko Pasveer,nl NED,GK,nl Ajax,38,1983,6.0,283,234,47,14,0,1,0,0,0,0,0,0,187,2,1,Matches
519,Paulinho,pt POR,FW,pt Sporting CP,29,1992,2.6,81,76,5,0,0,1,0,0,0,0,0,0,61,0,1,Matches
520,Paulinho,br BRA,FW,de Leverkusen,22,2000,0.5,17,16,1,0,0,0,1,0,1,0,0,0,13,0,0,Matches
521,Benjamin Pavard,fr FRA,DF,de Bayern Munich,26,1996,6.6,576,530,45,15,2,4,6,30,0,0,0,0,520,1,2,Matches
522,Strahinja Pavlović,rs SRB,DF,at RB Salzburg,21,2001,6.0,219,211,8,8,0,3,1,0,0,0,0,0,153,0,6,Matches
523,Dimitri Payet,fr FRA,MF,fr Marseille,35,1987,0.9,58,55,2,2,0,1,5,0,0,0,0,0,46,1,2,Matches
524,Pedri,es ESP,"MF,FW",es Barcelona,19,2002,4.5,287,279,8,1,3,6,3,2,0,0,0,0,253,0,2,Matches
525,Luca Pellegrini,it ITA,"DF,MF",de Eint Frankfurt,23,1999,2.2,118,92,21,2,0,2,15,16,3,3,0,0,78,5,5,Matches
526,Iñaki Peña,es ESP,GK,es Barcelona,23,1999,1.0,39,29,10,2,0,0,0,0,0,0,0,0,37,0,0,Matches
527,Pepe,pt POR,DF,pt Porto,39,1983,4.0,202,189,13,12,0,1,0,1,0,0,0,0,166,0,2,Matches
528,Pepê,br BRA,"DF,FW",pt Porto,25,1997,7.6,326,277,49,5,2,1,14,42,2,0,1,0,251,0,9,Matches
529,Danilo Pereira,pt POR,"DF,MF",fr Paris S-G,30,1991,5.0,339,309,30,6,1,2,0,15,0,0,0,0,317,0,2,Matches
530,Dino Perić,hr CRO,DF,hr Dinamo Zagreb,28,1994,6.0,304,291,13,13,0,0,1,0,0,0,0,0,260,0,1,Matches
531,Mattia Perin,it ITA,GK,it Juventus,29,1992,2.0,55,45,10,1,0,0,0,0,0,0,0,0,46,0,0,Matches
532,Ivan Perišić,hr CRO,"DF,MF",eng Tottenham,33,1989,6.4,284,221,62,6,0,4,54,41,15,11,3,0,189,1,7,Matches
533,Luděk Pernica,cz CZE,DF,cz Viktoria Plzeň,32,1990,5.5,139,128,11,4,0,1,0,3,0,0,0,0,121,0,0,Matches
534,Bruno Petković,hr CRO,FW,hr Dinamo Zagreb,27,1994,5.4,197,189,8,1,2,8,1,0,0,0,0,0,131,0,6,Matches
535,Ivan Petryak,ua UKR,MF,ua Shakhtar,28,1994,2.0,44,43,0,0,1,0,4,0,0,0,0,0,31,1,4,Matches
536,Kalvin Phillips,eng ENG,MF,eng Manchester City,26,1995,0.5,46,46,0,0,0,0,0,0,0,0,0,0,44,0,0,Matches
537,Frantzdy Pierrot,ht HAI,FW,il Maccabi Haifa,27,1995,5.3,78,74,4,0,0,0,2,1,0,0,0,0,56,0,3,Matches
538,Václav Pilař,cz CZE,"FW,MF",cz Viktoria Plzeň,33,1988,1.4,47,44,2,1,0,1,4,1,0,0,0,0,33,1,1,Matches
539,Rodrigo Pinho,br BRA,FW,pt Benfica,31,1991,0.2,1,1,0,0,0,0,0,0,0,0,0,0,1,0,0,Matches
540,Gerard Piqué,es ESP,DF,es Barcelona,35,1987,2.9,242,237,5,5,0,3,0,0,0,0,0,0,224,0,0,Matches
541,Tommaso Pobega,it ITA,MF,it Milan,23,1999,1.8,80,77,2,2,1,0,2,0,0,0,0,0,51,1,3,Matches
542,Suf Podgoreanu,il ISR,DF,il Maccabi Haifa,20,2002,0.1,0,0,0,0,0,0,0,0,0,0,0,0,0,0,0,Matches
543,Matteo Politano,it ITA,FW,it Napoli,28,1993,4.5,184,168,14,4,2,3,25,2,8,6,0,0,126,2,6,Matches
544,Pedro Porro,es ESP,"DF,MF",pt Sporting CP,22,1999,4.4,234,179,53,15,0,3,22,34,4,0,3,0,162,2,6,Matches
545,Pedro Porro,es ESP,DF,eng Tottenham,22,1999,0.4,32,21,11,2,0,0,8,6,3,0,3,0,23,0,0,Matches
546,Yussuf Poulsen,dk DEN,"FW,MF",de RB Leipzig,28,1994,0.8,14,14,0,0,0,0,1,0,0,0,0,0,6,0,1,Matches
547,Christian Pulisic,us USA,"DF,FW",eng Chelsea,23,1998,1.3,61,57,4,0,0,0,1,4,0,0,0,0,50,0,0,Matches
548,Adrien Rabiot,fr FRA,MF,it Juventus,27,1995,5.0,240,235,5,2,1,0,8,3,0,0,0,0,204,0,5,Matches
549,Ivan Rakitić,hr CRO,MF,es Sevilla,34,1988,4.6,245,238,6,4,1,6,4,1,0,0,0,0,207,1,7,Matches
550,Gonçalo Ramos,pt POR,FW,pt Benfica,21,2001,7.9,143,139,3,0,1,0,5,0,0,0,0,0,97,1,4,Matches
551,Sergio Ramos,es ESP,DF,fr Paris S-G,36,1986,8.0,550,522,25,16,1,3,1,9,0,0,0,0,511,3,0,Matches
552,Calvin Ramsay,sct SCO,DF,eng Liverpool,19,2003,0.0,3,2,1,1,0,0,0,0,0,0,0,0,3,0,0,Matches
553,Raphinha,br BRA,FW,es Barcelona,25,1996,3.3,180,155,24,7,1,0,30,2,15,11,4,0,127,1,3,Matches
554,Giacomo Raspadori,it ITA,FW,it Napoli,22,2000,2.8,108,97,11,1,1,2,9,0,6,3,2,0,83,0,3,Matches
555,David Raum,de GER,DF,de RB Leipzig,24,1998,5.9,350,291,59,10,0,1,39,41,8,1,6,0,289,0,6,Matches
556,Ante Rebić,hr CRO,"FW,MF",it Milan,28,1993,2.8,96,95,1,0,1,0,9,1,0,0,0,0,59,0,3,Matches
557,Matheus Reis,br BRA,DF,pt Sporting CP,27,1995,5.7,334,309,25,7,0,0,0,18,0,0,0,0,295,0,4,Matches
558,Karim Rekik,nl NED,DF,es Sevilla,27,1994,1.0,37,34,3,1,0,0,1,2,0,0,0,0,35,0,0,Matches
559,Devyne Rensch,nl NED,DF,nl Ajax,19,2003,3.2,130,105,23,4,0,0,1,19,0,0,0,0,106,2,5,Matches
560,Marco Reus,de GER,"MF,FW",de Dortmund,33,1989,2.9,99,92,7,2,0,0,4,0,0,0,0,0,80,0,4,Matches
561,Gio Reyna,us USA,"FW,MF",de Dortmund,19,2002,4.3,170,157,13,1,0,0,11,7,5,3,1,0,132,0,4,Matches
562,Richarlison,br BRA,"MF,FW",eng Tottenham,25,1997,4.1,109,108,1,0,1,1,1,0,0,0,0,0,77,0,7,Matches
563,Stefan Ristovski,mk MKD,DF,hr Dinamo Zagreb,30,1992,4.1,194,163,31,11,0,2,13,20,0,0,0,0,159,0,7,Matches
564,Mats Rits,be BEL,MF,be Club Brugge,29,1993,0.2,5,5,0,0,0,0,0,0,0,0,0,0,5,0,0,Matches
565,Sergi Roberto,es ESP,DF,es Barcelona,30,1992,2.3,189,174,15,1,0,1,3,13,0,0,0,0,173,0,1,Matches
566,Andrew Robertson,sct SCO,DF,eng Liverpool,28,1994,4.2,292,244,47,3,0,1,32,29,15,3,11,0,229,1,5,Matches
567,Rochinha,pt POR,"MF,FW",pt Sporting CP,27,1995,0.2,6,5,1,0,0,1,1,0,1,0,1,0,4,0,0,Matches
568,Sebastian Rode,de GER,MF,de Eint Frankfurt,31,1990,3.3,196,191,5,5,1,0,2,0,0,0,0,0,157,0,6,Matches
569,Rodri,es ESP,MF,eng Manchester City,26,1996,11.1,993,976,16,14,0,12,3,2,0,0,0,0,912,1,13,Matches
570,Rodrygo,br BRA,FW,es Real Madrid,21,2001,9.1,366,353,11,1,4,4,12,1,3,1,0,0,312,2,6,Matches
571,Cristian Romero,ar ARG,DF,eng Tottenham,24,1998,6.6,434,410,24,17,1,2,1,7,0,0,0,0,389,0,5,Matches
572,Valentin Rongier,fr FRA,MF,fr Marseille,27,1994,5.2,413,400,13,10,0,4,1,3,0,0,0,0,372,0,7,Matches
573,Tom Rothe,de GER,DF,de Dortmund,17,2004,0.7,55,43,12,0,0,0,1,12,0,0,0,0,39,0,2,Matches
574,Amir Rrahmani,xk KVX,DF,it Napoli,28,1994,6.8,492,472,19,19,1,7,2,0,0,0,0,0,438,1,2,Matches
575,Antonio Rüdiger,de GER,DF,es Real Madrid,29,1993,7.5,402,394,8,5,0,8,0,1,0,0,0,0,368,0,1,Matches
576,Daniele Rugani,it ITA,DF,it Juventus,28,1994,1.0,55,55,0,0,0,0,1,0,0,0,0,0,48,0,0,Matches
577,Mário Rui,pt POR,DF,it Napoli,31,1991,4.3,317,257,60,11,2,4,16,42,7,1,5,0,252,0,9,Matches
578,Fabián Ruiz Peña,es ESP,MF,fr Paris S-G,26,1996,2.6,209,198,11,1,1,1,0,10,0,0,0,0,186,0,3,Matches
579,Nikita Rukavytsya,au AUS,"FW,MF",il Maccabi Haifa,35,1987,0.5,15,13,2,0,0,0,1,0,0,0,0,0,12,0,0,Matches
580,Mathew Ryan,au AUS,GK,dk FC Copenhagen,30,1992,2.0,65,46,19,3,0,0,0,0,0,0,0,0,37,0,0,Matches
581,Julian Ryerson,no NOR,DF,de Dortmund,24,1997,0.2,3,2,1,0,0,0,0,1,0,0,0,0,2,0,0,Matches
582,Marcel Sabitzer,at AUT,MF,de Bayern Munich,28,1994,3.1,149,148,1,1,0,0,1,0,0,0,0,0,128,0,1,Matches
583,Alexis Saelemaekers,be BEL,"FW,DF",it Milan,23,1999,4.1,141,127,13,0,0,0,13,10,0,0,0,0,99,1,1,Matches
584,Fashion Sakala,zm ZAM,"FW,MF",sct Rangers,25,1997,2.6,52,48,4,0,0,0,8,2,0,0,0,0,36,0,6,Matches
585,Mohamed Salah,eg EGY,FW,eng Liverpool,30,1992,6.9,223,214,7,0,6,1,10,6,0,0,0,0,182,2,2,Matches
586,Kike Salas,es ESP,DF,es Sevilla,20,2002,2.0,153,153,0,0,0,1,1,0,0,0,0,0,124,0,1,Matches
587,Renato Sanches,pt POR,MF,fr Paris S-G,24,1997,1.6,106,104,2,2,0,0,0,0,0,0,0,0,102,0,2,Matches
588,Alexis Sánchez,cl CHI,FW,fr Marseille,33,1988,4.6,133,124,9,1,1,2,5,0,0,0,0,0,108,0,5,Matches
589,Davinson Sánchez,co COL,DF,eng Tottenham,26,1996,0.2,19,18,0,0,0,0,1,0,0,0,0,0,11,1,0,Matches
590,Cisse Sandra,be BEL,FW,be Club Brugge,18,2003,0.1,0,0,0,0,0,0,0,0,0,0,0,0,0,0,0,Matches
591,Alex Sandro,br BRA,DF,it Juventus,31,1991,2.7,196,181,14,2,0,3,5,12,0,0,0,0,175,1,1,Matches
592,James Sands,us USA,"DF,MF",sct Rangers,22,2000,3.6,189,184,4,3,0,3,0,0,0,0,0,0,159,1,2,Matches
593,Leroy Sané,de GER,"FW,MF",de Bayern Munich,26,1996,6.1,258,250,6,0,4,0,7,0,6,6,0,0,215,2,3,Matches
594,Nuno Santos,pt POR,"DF,MF",pt Sporting CP,27,1995,3.3,151,117,34,5,0,2,12,25,4,0,3,1,127,0,3,Matches
595,Zaidu Sanusi,ng NGA,DF,pt Porto,25,1997,6.5,305,235,70,6,0,1,8,62,2,2,0,0,221,0,6,Matches
596,Alvaro Sanz,es ESP,MF,es Barcelona,21,2001,0.2,12,12,0,0,0,0,0,0,0,0,0,0,10,0,0,Matches
597,Pablo Sarabia,es ESP,MF,fr Paris S-G,30,1992,1.0,26,20,6,1,0,0,5,0,5,0,5,0,17,0,3,Matches
598,Stefan Savić,me MNE,DF,es Atlético Madrid,31,1991,3.0,205,196,9,6,0,1,1,3,0,0,0,0,183,0,2,Matches
599,Patrik Schick,cz CZE,FW,de Leverkusen,26,1996,5.0,94,92,2,0,0,0,0,0,0,0,0,0,74,0,2,Matches
600,Andreas Schjelderup,no NOR,FW,pt Benfica,18,2004,0.0,6,6,0,0,0,0,0,0,0,0,0,0,6,0,0,Matches
601,Xaver Schlager,at AUT,MF,de RB Leipzig,24,1997,6.5,358,352,5,4,5,4,0,1,0,0,0,0,317,1,5,Matches
602,Nico Schlotterbeck,de GER,DF,de Dortmund,22,1999,6.2,389,378,11,11,0,15,0,0,0,0,0,0,338,0,0,Matches
603,Abdoulaye Seck,sn SEN,DF,il Maccabi Haifa,30,1992,4.4,188,178,8,4,0,2,0,4,0,0,0,0,158,2,2,Matches
604,Nicolas Seiwald,at AUT,MF,at RB Salzburg,21,2001,6.0,260,238,20,7,0,1,18,1,12,9,2,0,191,2,5,Matches
605,Benjamin Šeško,si SVN,FW,at RB Salzburg,19,2003,3.7,88,88,0,0,0,0,1,0,0,0,0,0,53,0,6,Matches
606,Ryan Sessegnon,eng ENG,"MF,DF",eng Tottenham,22,2000,1.7,48,37,10,1,1,0,3,9,0,0,0,0,33,1,0,Matches
607,Maryan Shved,ua UKR,MF,ua Shakhtar,25,1997,2.1,51,47,4,0,0,0,3,1,3,3,0,0,35,0,1,Matches
608,Danylo Sikan,ua UKR,FW,ua Shakhtar,21,2001,1.2,27,24,3,0,0,0,1,0,0,0,0,0,24,0,1,Matches
609,André Silva,pt POR,FW,de RB Leipzig,26,1995,5.9,170,151,18,1,3,0,3,3,0,0,0,0,133,1,5,Matches
610,António Silva,pt POR,DF,pt Benfica,18,2003,9.9,574,556,18,15,0,3,0,3,0,0,0,0,528,0,3,Matches
611,Bernardo Silva,pt POR,"FW,MF",eng Manchester City,27,1994,10.1,626,603,22,8,0,4,19,12,2,0,0,0,553,1,16,Matches
612,Rafa Silva,pt POR,MF,pt Benfica,29,1993,9.1,318,292,26,3,1,2,9,4,0,0,0,0,264,0,4,Matches
613,Thiago Silva,br BRA,DF,eng Chelsea,37,1984,7.1,433,419,14,13,0,5,0,1,0,0,0,0,388,0,2,Matches
614,Mohamed Simakan,fr FRA,DF,de RB Leipzig,22,2000,5.7,347,289,57,7,0,1,9,50,0,0,0,0,267,1,8,Matches
615,Giovanni Simeone,ar ARG,FW,it Napoli,27,1995,2.9,67,66,1,0,0,0,4,0,0,0,0,0,48,0,3,Matches
616,Roko Simic,hr CRO,FW,at RB Salzburg,18,2003,0.2,5,5,0,0,0,0,0,0,0,0,0,0,3,0,0,Matches
617,Oliver Skipp,eng ENG,MF,eng Tottenham,21,2000,2.3,123,121,2,1,0,0,2,1,0,0,0,0,108,0,0,Matches
618,Leo Skiri Østigård,no NOR,DF,it Napoli,22,1999,2.2,197,192,5,5,0,5,1,0,0,0,0,0,174,0,1,Matches
619,Andreas Skov Olsen,dk DEN,"FW,MF",be Club Brugge,22,1999,3.3,99,88,11,4,0,0,20,2,5,5,0,0,68,0,4,Matches
620,Milan Škriniar,sk SVK,DF,it Inter,27,1995,6.0,344,320,23,10,0,0,0,13,0,0,0,0,314,1,4,Matches
621,Hrvoje Smolčić,hr CRO,DF,de Eint Frankfurt,21,2000,1.4,51,47,4,4,0,1,0,0,0,0,0,0,38,0,1,Matches
622,Eduard Sobol,ua UKR,"FW,DF",be Club Brugge,27,1995,1.2,59,44,15,2,0,0,7,12,1,1,0,0,43,0,1,Matches
623,Carlos Soler,es ESP,MF,fr Paris S-G,25,1997,1.7,70,68,2,1,0,0,2,0,1,0,1,0,62,0,0,Matches
624,Oumar Solet,fr FRA,DF,at RB Salzburg,22,2000,3.0,132,126,6,6,0,0,0,0,0,0,0,0,114,0,0,Matches
625,Yann Sommer,ch SUI,GK,de Bayern Munich,33,1988,4.0,152,126,26,8,0,0,0,0,0,0,0,0,130,0,2,Matches
626,Matìas Soulé,ar ARG,"MF,FW",it Juventus,19,2003,0.5,18,16,2,1,0,0,0,1,0,0,0,0,17,0,0,Matches
627,Djibril Sow,ch SUI,MF,de Eint Frankfurt,25,1997,8.0,440,426,14,14,2,2,1,0,0,0,0,0,372,0,9,Matches
628,Kamal Sowah,gh GHA,"FW,MF",be Club Brugge,22,2000,6.6,221,217,2,1,0,2,7,0,1,0,0,0,166,2,7,Matches
629,Dario Špikić,hr CRO,"FW,DF",hr Dinamo Zagreb,23,1999,1.9,56,53,3,0,0,1,4,3,0,0,0,0,45,0,2,Matches
630,Jorne Spileers,be BEL,DF,be Club Brugge,17,2005,0.0,0,0,0,0,0,0,0,0,0,0,0,0,0,0,0,Matches
631,Jerry St. Juste,nl NED,DF,pt Sporting CP,25,1996,2.1,117,113,4,4,0,0,0,0,0,0,0,0,103,0,1,Matches
632,Marko Stamenic,nz NZL,MF,dk FC Copenhagen,20,2002,3.0,100,99,1,1,0,2,0,0,0,0,0,0,76,0,1,Matches
633,Jindřich Staněk,cz CZE,GK,cz Viktoria Plzeň,26,1996,5.0,141,89,52,12,0,0,0,0,0,0,0,0,92,0,0,Matches
634,Josip Stanišić,hr CRO,DF,de Bayern Munich,22,2000,3.9,309,279,30,1,0,1,2,29,0,0,0,0,283,0,6,Matches
635,Carl Starfelt,se SWE,DF,sct Celtic,27,1995,1.0,54,53,1,1,0,0,0,0,0,0,0,0,52,0,0,Matches
636,Orri Steinn Óskarsson,is ISL,"MF,FW",dk FC Copenhagen,17,2004,0.2,6,6,0,0,0,0,0,0,0,0,0,0,3,0,0,Matches
637,Taras Stepanenko,ua UKR,MF,ua Shakhtar,32,1989,5.9,277,264,13,10,0,5,0,3,0,0,0,0,240,0,6,Matches
638,Raheem Sterling,eng ENG,"FW,MF",eng Chelsea,27,1994,7.0,269,256,11,2,2,0,15,5,4,4,0,0,210,2,12,Matches
639,John Stones,eng ENG,"MF,DF",eng Manchester City,28,1994,7.6,430,408,20,1,0,3,3,19,0,0,0,0,387,2,5,Matches
640,Luka Sučić,hr CRO,MF,at RB Salzburg,19,2002,4.4,199,182,15,1,4,1,3,0,3,0,1,0,151,2,7,Matches
641,Heorhiy Sudakov,ua UKR,MF,ua Shakhtar,19,2002,5.3,315,305,9,5,6,0,1,1,0,0,0,0,277,1,2,Matches
642,Niklas Süle,de GER,DF,de Dortmund,26,1995,7.5,512,491,21,18,1,15,0,3,0,0,0,0,461,0,3,Matches
643,Daniel Sundgren,se SWE,DF,il Maccabi Haifa,31,1990,3.6,208,184,24,2,0,1,4,22,0,0,0,0,171,0,3,Matches
644,Suso,es ESP,"FW,MF",es Sevilla,28,1993,2.6,100,91,7,1,1,2,4,3,1,0,0,0,82,2,2,Matches
645,Josip Šutalo,hr CRO,DF,hr Dinamo Zagreb,22,2000,6.0,295,286,9,9,0,1,0,0,0,0,0,0,256,0,3,Matches
646,Jan Sýkora,cz CZE,"FW,DF",cz Viktoria Plzeň,28,1993,1.6,20,18,2,0,0,0,1,1,0,0,0,0,15,0,0,Matches
647,Abakar Sylla,ci CIV,DF,be Club Brugge,19,2002,5.5,308,301,7,7,0,1,1,0,0,0,0,0,271,0,1,Matches
648,Wojciech Szczęsny,pl POL,GK,it Juventus,32,1990,4.0,103,80,23,4,0,1,0,0,0,0,0,0,89,0,0,Matches
649,Dominik Szoboszlai,hu HUN,FW,de RB Leipzig,21,2000,7.3,333,292,38,11,0,4,29,10,17,6,10,0,268,3,5,Matches
650,Christian Sørensen,dk DEN,"DF,MF",dk FC Copenhagen,29,1992,1.1,73,53,18,4,0,0,9,12,2,1,0,1,52,2,2,Matches
651,Dušan Tadić,rs SRB,FW,nl Ajax,33,1988,4.8,208,197,10,1,3,0,10,4,5,0,3,0,161,1,5,Matches
652,Jonathan Tah,de GER,DF,de Leverkusen,26,1996,5.3,350,342,6,6,2,1,0,0,0,0,0,0,317,2,1,Matches
653,Japhet Tanganga,eng ENG,DF,eng Tottenham,23,1999,0.2,18,16,2,1,0,0,0,1,0,0,0,0,16,0,0,Matches
654,Edmond Tapsoba,bf BFA,DF,de Leverkusen,23,1999,3.9,282,268,13,8,1,2,0,4,0,0,0,0,257,1,0,Matches
655,Mehdi Taremi,ir IRN,FW,pt Porto,30,1992,6.8,177,171,3,1,3,0,1,0,0,0,0,0,129,3,6,Matches
656,Ciprian Tătărușanu,ro ROU,GK,it Milan,36,1986,5.0,173,127,46,13,0,1,0,0,0,0,0,0,136,0,0,Matches
657,Nuno Tavares,pt POR,DF,fr Marseille,22,2000,6.0,330,280,49,8,0,3,33,41,0,0,0,0,257,1,8,Matches
658,James Tavernier,eng ENG,DF,sct Rangers,30,1991,5.4,289,206,78,13,1,1,22,57,8,0,8,0,196,5,5,Matches
659,Greg Taylor,sct SCO,DF,sct Celtic,24,1997,6.0,399,339,59,6,0,0,8,52,1,0,0,0,338,1,9,Matches
660,Kenneth Taylor,nl NED,MF,nl Ajax,20,2002,4.6,240,228,8,3,1,0,6,4,1,0,0,0,205,4,2,Matches
661,Lucas Taylor,br BRA,DF,ua Shakhtar,27,1995,3.5,113,91,22,0,0,0,2,22,0,0,0,0,88,0,4,Matches
662,Mavis Tchibota,cg CGO,FW,il Maccabi Haifa,26,1996,1.0,27,27,0,0,0,0,3,0,0,0,0,0,15,0,3,Matches
663,Aurélien Tchouaméni,fr FRA,MF,es Real Madrid,22,2000,4.8,375,369,6,6,2,2,0,0,0,0,0,0,349,0,3,Matches
664,Mathys Tel,fr FRA,FW,de Bayern Munich,17,2005,1.6,46,43,3,0,0,0,4,2,0,0,0,0,35,0,1,Matches
665,Alex Telles,br BRA,"DF,FW",es Sevilla,29,1992,4.3,242,186,56,9,0,0,27,38,9,1,8,0,181,0,5,Matches
666,Marc-André ter Stegen,de GER,GK,es Barcelona,30,1992,5.0,162,125,37,9,0,0,0,0,0,0,0,0,149,0,0,Matches
667,Kévin Théophile-Catherine,fr FRA,DF,hr Dinamo Zagreb,32,1989,0.8,43,40,3,0,0,0,0,3,0,0,0,0,32,0,1,Matches
668,Malick Thiaw,de GER,DF,it Milan,20,2001,3.1,171,166,4,4,0,1,0,0,0,0,0,0,145,1,2,Matches
669,Mohamed Tijani,bj BEN,DF,cz Viktoria Plzeň,25,1997,1.9,71,63,8,6,0,2,0,0,0,0,0,0,55,0,0,Matches
670,Malik Tillman,us USA,MF,sct Rangers,20,2002,2.7,57,56,1,0,0,0,1,1,0,0,0,0,40,0,3,Matches
671,Jurriën Timber,nl NED,DF,nl Ajax,21,2001,5.9,420,406,13,11,0,1,1,1,0,0,0,0,393,1,0,Matches
672,Fikayo Tomori,eng ENG,DF,it Milan,24,1997,9.2,515,491,23,13,1,3,1,2,0,0,0,0,443,1,4,Matches
673,Sandro Tonali,it ITA,MF,it Milan,22,2000,11.7,514,435,75,42,4,4,47,5,26,13,10,0,375,4,14,Matches
674,Pablo Torre,es ESP,"MF,FW",es Barcelona,19,2003,1.1,78,78,0,0,0,0,0,0,0,0,0,0,70,0,0,Matches
675,Ferrán Torres,es ESP,"FW,MF",es Barcelona,22,2000,2.1,78,75,3,1,0,0,1,1,0,0,0,0,66,0,3,Matches
676,Andriy Totovytskyi,ua UKR,MF,ua Shakhtar,29,1993,0.2,6,5,1,0,0,0,1,0,1,0,1,0,5,0,0,Matches
677,Kevin Trapp,de GER,GK,de Eint Frankfurt,32,1990,8.0,227,164,62,20,0,1,0,0,0,0,0,0,146,1,0,Matches
678,Francisco Trincão,pt POR,"MF,FW",pt Sporting CP,22,1999,4.3,120,112,8,3,0,0,5,1,2,0,2,0,91,0,7,Matches
679,Anatolii Trubin,ua UKR,GK,ua Shakhtar,20,2001,6.0,260,196,63,9,0,1,0,0,0,0,0,0,200,1,0,Matches
680,Kostas Tsimikas,gr GRE,DF,eng Liverpool,26,1996,3.8,239,164,75,7,0,0,44,48,20,5,15,0,170,0,8,Matches
681,David Turnbull,sct SCO,MF,sct Celtic,23,1999,1.1,83,72,11,0,0,0,6,2,5,1,3,0,67,0,1,Matches
682,Tuta,br BRA,DF,de Eint Frankfurt,23,1999,6.7,333,318,15,13,0,1,1,2,0,0,0,0,266,0,4,Matches
683,Marián Tvrdoň,sk SVK,GK,cz Viktoria Plzeň,27,1994,1.0,50,26,24,11,0,0,0,0,0,0,0,0,31,0,0,Matches
684,Manuel Ugarte Ribeiro,uy URU,MF,pt Sporting CP,21,2001,5.2,238,229,8,6,0,2,1,1,0,0,0,0,201,1,2,Matches
685,Andreas Ulmer,at AUT,DF,at RB Salzburg,36,1985,4.2,187,139,48,3,0,0,11,42,3,3,0,0,123,0,4,Matches
686,Sven Ulreich,de GER,GK,de Bayern Munich,33,1988,3.0,116,90,26,5,0,0,0,0,0,0,0,0,102,0,0,Matches
687,Cengiz Ünder,tr TUR,MF,fr Marseille,25,1997,1.9,97,78,18,6,0,4,7,6,6,1,0,1,80,1,1,Matches
688,Dayot Upamecano,fr FRA,DF,de Bayern Munich,23,1998,7.9,605,587,17,14,0,8,0,3,0,0,0,0,550,1,4,Matches
689,Mateus Uribe,co COL,MF,pt Porto,31,1991,6.8,328,306,20,11,0,2,3,9,0,0,0,0,266,2,5,Matches
690,Jesús Vallejo,es ESP,DF,es Real Madrid,25,1997,0.2,17,16,1,0,0,1,0,0,0,0,0,0,16,0,1,Matches
691,Federico Valverde,uy URU,"MF,FW",es Real Madrid,24,1998,10.7,576,569,7,5,3,11,20,2,0,0,0,0,501,0,12,Matches
692,Virgil van Dijk,nl NED,DF,eng Liverpool,31,1991,8.0,505,493,12,11,0,5,0,1,0,0,0,0,439,0,2,Matches
693,Hans Vanaken,be BEL,MF,be Club Brugge,29,1992,7.8,452,434,17,15,2,15,2,2,0,0,0,0,378,1,9,Matches
694,Denis Vavro,sk SVK,DF,dk FC Copenhagen,26,1996,4.0,159,151,8,6,0,3,1,1,0,0,0,0,133,0,0,Matches
695,Lucas Vázquez,es ESP,DF,es Real Madrid,31,1991,2.2,159,141,18,1,0,3,9,17,0,0,0,0,145,0,0,Matches
696,Jordan Veretout,fr FRA,MF,fr Marseille,29,1993,5.4,411,383,26,15,0,2,15,3,8,2,5,0,362,2,2,Matches
697,Lucas Veríssimo,br BRA,DF,pt Benfica,27,1995,0.1,4,4,0,0,0,0,0,0,0,0,0,0,3,0,0,Matches
698,Gabriel Veron,br BRA,"MF,FW",pt Porto,19,2002,0.5,17,16,1,0,0,0,2,1,0,0,0,0,11,0,2,Matches
699,Marco Verratti,it ITA,MF,fr Paris S-G,29,1992,6.9,690,641,47,44,1,2,1,3,0,0,0,0,639,2,6,Matches
700,Vitinha,pt POR,MF,fr Paris S-G,22,2000,6.5,436,432,3,2,0,1,2,0,0,0,0,0,398,1,8,Matches
701,Odisseas Vlachodimos,gr GRE,GK,pt Benfica,28,1994,10.0,264,183,80,16,0,0,0,0,0,0,0,0,196,1,1,Matches
702,Dušan Vlahović,rs SRB,FW,it Juventus,22,2000,4.6,91,75,14,0,0,0,2,0,0,0,0,0,65,2,2,Matches
703,Adam Vlkanova,cz CZE,MF,cz Viktoria Plzeň,27,1994,5.1,135,106,29,2,0,1,14,2,6,1,4,0,99,0,2,Matches
704,Stefan de Vrij,nl NED,DF,it Inter,30,1992,3.3,77,73,3,1,0,0,0,0,0,0,0,0,64,1,0,Matches
705,Kyle Walker,eng ENG,"DF,FW",eng Manchester City,32,1990,3.1,191,167,24,0,0,0,5,24,0,0,0,0,152,0,4,Matches
706,Paul Wanner,de GER,"DF,FW",de Bayern Munich,16,2005,0.4,21,18,3,0,0,0,1,3,0,0,0,0,18,0,0,Matches
707,Stephen Welsh,sct SCO,DF,sct Celtic,22,2000,1.0,58,56,2,2,0,0,0,0,0,0,0,0,55,0,0,Matches
708,Wendell,br BRA,DF,pt Porto,29,1993,1.6,106,89,17,3,0,0,8,11,3,3,0,0,88,0,2,Matches
709,Timo Werner,de GER,FW,de RB Leipzig,26,1996,5.6,230,221,8,1,4,1,3,3,1,0,0,0,178,1,9,Matches
710,Owen Wijndal,nl NED,DF,nl Ajax,22,1999,0.8,49,48,1,0,0,0,3,1,0,0,0,0,42,0,0,Matches
711,Josh Wilson-Esbrand,eng ENG,DF,eng Manchester City,19,2002,0.5,35,31,4,0,0,0,1,4,0,0,0,0,30,0,0,Matches
712,Axel Witsel,be BEL,"DF,MF",es Atlético Madrid,33,1989,5.1,344,336,8,7,0,1,0,1,0,0,0,0,322,0,2,Matches
713,Maximilian Wöber,at AUT,DF,at RB Salzburg,24,1998,1.8,72,46,26,0,0,0,9,26,0,0,0,0,32,0,2,Matches
714,Marius Wolf,de GER,DF,de Dortmund,27,1995,2.0,98,80,18,2,0,0,9,16,0,0,0,0,73,0,3,Matches
715,Scott Wright,sct SCO,"FW,MF",sct Rangers,24,1997,1.5,37,37,0,0,0,0,2,0,0,0,0,0,25,0,1,Matches
716,Roman Yaremchuk,ua UKR,FW,be Club Brugge,26,1995,1.2,39,36,3,0,0,0,1,0,0,0,0,0,29,0,1,Matches
717,Rıdvan Yılmaz,tr TUR,DF,sct Rangers,21,2001,1.0,50,39,11,1,0,0,4,10,0,0,0,0,39,0,1,Matches
718,Warren Zaïre-Emery,fr FRA,MF,fr Paris S-G,16,2006,0.9,38,36,2,1,2,0,2,1,0,0,0,0,30,0,1,Matches
719,Denis Zakaria,ch SUI,MF,eng Chelsea,25,1996,0.8,44,43,1,1,0,1,0,0,0,0,0,0,42,0,0,Matches
720,Andre-Frank Zambo Anguissa,cm CMR,MF,it Napoli,26,1995,7.2,405,393,9,8,5,0,1,1,0,0,0,0,344,3,8,Matches
721,Alessandro Zanoli,it ITA,DF,it Napoli,21,2000,0.1,8,8,0,0,0,0,3,0,0,0,0,0,6,0,1,Matches
722,Zeca,gr GRE,MF,dk FC Copenhagen,33,1988,1.8,71,68,2,2,0,0,0,0,0,0,0,0,65,1,0,Matches
723,Alessio Zerbin,it ITA,FW,it Napoli,23,1999,0.6,34,33,0,0,0,0,0,0,0,0,0,0,25,1,1,Matches
724,Piotr Zieliński,pl POL,MF,it Napoli,28,1994,6.9,366,322,44,11,5,0,33,0,27,9,11,0,302,0,7,Matches
725,Hakim Ziyech,ma MAR,"FW,MF",eng Chelsea,29,1993,1.6,88,81,6,1,0,1,18,1,4,2,1,0,59,1,3,Matches
726,Oleksandr Zubkov,ua UKR,"FW,MF",ua Shakhtar,25,1996,4.1,104,98,6,0,2,0,0,2,0,0,0,0,81,0,2,Matches
727,Neven Đurasek,hr CRO,MF,ua Shakhtar,23,1998,1.0,36,36,0,0,0,0,0,0,0,0,0,0,33,0,0,Matches
