Rk,Player,Nation,Pos,Squad,Age,Born,90s,Standard_Gls,Standard_Sh,Standard_SoT,Standard_SoT%,Standard_Sh/90,Standard_SoT/90,Standard_G/Sh,Standard_G/SoT,Standard_Dist,Standard_FK,Standard_PK,Standard_PKatt,Expected_xG,Expected_npxG,Expected_npxG/Sh,Expected_G-xG,Expected_npG-xG,Matches
1,Brenden Aaronson,us USA,MF,at RB Salzburg,20,2000,7.9,0,9,3,33.3,1.13,0.38,0.00,0.00,23.0,1,0,0,0.5,0.5,0.05,-0.5,-0.5,Matches
2,Malik Abubakari,gh GHA,FW,se Malmö,21,2000,1.3,0,2,0,0.0,1.51,0.00,0.00,,29.2,0,0,0,0.1,0.1,0.03,-0.1,-0.1,Matches
3,Marcos Acuña,ar ARG,DF,es Sevilla,29,1991,4.2,0,0,0,,0.00,0.00,,,,0,0,0,0.0,0.0,,0.0,0.0,Matches
4,Tyler Adams,us USA,MF,de RB Leipzig,22,1999,3.3,0,0,0,,0.00,0.00,,,,0,0,0,0.0,0.0,,0.0,0.0,Matches
5,Junior Adamu,at AUT,FW,at RB Salzburg,20,2001,2.6,1,4,2,50.0,1.52,0.76,0.25,0.50,17.2,0,0,0,0.6,0.6,0.16,+0.4,+0.4,Matches
6,Antonio Adán,es ESP,GK,pt Sporting CP,34,1987,7.0,0,0,0,,0.00,0.00,,,,0,0,0,0.0,0.0,,0.0,0.0,Matches
7,Edmund Addo,gh GHA,MF,md Sheriff Tiraspol,21,2000,5.4,0,1,0,0.0,0.18,0.00,0.00,,31.8,0,0,0,0.0,0.0,0.03,0.0,0.0,Matches
8,Karim Adeyemi,de GER,FW,at RB Salzburg,19,2002,6.7,3,13,8,61.5,1.94,1.20,0.08,0.13,19.0,0,2,3,4.6,2.2,0.17,-1.6,-1.2,Matches
9,Michel Aebischer,ch SUI,MF,ch Young Boys,24,1997,5.6,0,7,1,14.3,1.25,0.18,0.00,0.00,25.6,0,0,0,0.2,0.2,0.04,-0.2,-0.2,Matches
10,Sergio Agüero,ar ARG,FW,es Barcelona,33,1988,0.2,0,1,0,0.0,5.63,0.00,0.00,,29.3,0,0,0,0.0,0.0,0.03,0.0,0.0,Matches
11,Anel Ahmedhodžić,ba BIH,DF,se Malmö,22,1999,4.6,0,0,0,,0.00,0.00,,,,0,0,0,0.0,0.0,,0.0,0.0,Matches
12,Manuel Akanji,ch SUI,DF,de Dortmund,26,1995,5.0,0,1,0,0.0,0.20,0.00,0.00,,16.8,0,0,0,0.0,0.0,0.04,0.0,0.0,Matches
13,Nathan Aké,nl NED,DF,eng Manchester City,26,1995,3.6,1,4,1,25.0,1.10,0.28,0.25,1.00,8.4,0,0,0,0.4,0.4,0.09,+0.6,+0.6,Matches
14,David Alaba,at AUT,DF,es Real Madrid,29,1992,11.5,1,5,1,20.0,0.43,0.09,0.20,1.00,24.0,2,0,0,0.2,0.2,0.05,+0.8,+0.8,Matches
15,Jordi Alba,es ESP,"DF,FW",es Barcelona,32,1989,4.1,0,3,2,66.7,0.72,0.48,0.00,0.00,25.6,0,0,0,0.4,0.4,0.13,-0.4,-0.4,Matches
16,Raúl Albiol,es ESP,DF,es Villarreal,35,1985,11.6,0,2,0,0.0,0.17,0.00,0.00,,16.9,0,0,0,0.1,0.1,0.04,-0.1,-0.1,Matches
17,Paco Alcácer,es ESP,FW,es Villarreal,27,1993,0.8,1,4,2,50.0,4.86,2.43,0.25,0.50,11.5,0,0,0,1.0,1.0,0.26,0.0,0.0,Matches
18,Thiago Alcántara,es ESP,MF,eng Liverpool,30,1991,6.7,1,9,3,33.3,1.35,0.45,0.11,0.33,27.1,0,0,0,0.3,0.3,0.03,+0.7,+0.7,Matches
19,Trent Alexander-Arnold,eng ENG,DF,eng Liverpool,22,1998,8.8,0,13,1,7.7,1.48,0.11,0.00,0.00,26.7,3,0,0,0.5,0.5,0.04,-0.5,-0.5,Matches
20,Alisson,br BRA,GK,eng Liverpool,28,1992,13.0,0,0,0,,0.00,0.00,,,,0,0,0,0.0,0.0,,0.0,0.0,Matches
21,André Almeida,pt POR,"DF,MF",pt Benfica,30,1990,2.6,0,0,0,,0.00,0.00,,,,0,0,0,0.0,0.0,,0.0,0.0,Matches
22,Marcos Alonso,es ESP,"DF,MF",eng Chelsea,30,1990,6.1,0,12,4,33.3,1.97,0.66,0.00,0.00,16.5,3,0,0,1.0,1.0,0.09,-1.0,-1.0,Matches
23,Éder Álvarez Balanta,co COL,MF,be Club Brugge,28,1993,4.5,0,0,0,,0.00,0.00,,,,0,0,0,0.0,0.0,,0.0,0.0,Matches
24,Edson Álvarez,mx MEX,MF,nl Ajax,23,1997,6.2,0,7,1,14.3,1.13,0.16,0.00,0.00,17.1,0,0,0,0.5,0.5,0.07,-0.5,-0.5,Matches
25,Mohamed Aly Camara,gn GUI,DF,ch Young Boys,23,1997,3.8,0,2,1,50.0,0.52,0.26,0.00,0.00,12.2,0,0,0,0.1,0.1,0.05,-0.1,-0.1,Matches
26,Benjamin André,fr FRA,MF,fr Lille,30,1990,7.0,0,5,1,20.0,0.71,0.14,0.00,0.00,19.4,0,0,0,0.2,0.2,0.05,-0.2,-0.2,Matches
27,Oleksandr Andriyevskyi,ua UKR,MF,ua Dynamo Kyiv,27,1994,1.1,0,0,0,,0.00,0.00,,,,0,0,0,0.0,0.0,,0.0,0.0,Matches
28,Angeliño,es ESP,DF,de RB Leipzig,24,1997,4.8,0,5,0,0.0,1.05,0.00,0.00,,15.0,0,0,0,0.3,0.3,0.05,-0.3,-0.3,Matches
29,Marcos Antônio,br BRA,MF,ua Shakhtar,21,2000,2.8,0,1,0,0.0,0.35,0.00,0.00,,20.5,0,0,0,0.0,0.0,0.03,0.0,0.0,Matches
30,Antony,br BRA,FW,nl Ajax,21,2000,6.4,2,26,10,38.5,4.08,1.57,0.08,0.20,18.0,0,0,0,1.9,1.9,0.07,+0.1,+0.1,Matches
31,Ronald Araújo,uy URU,DF,es Barcelona,22,1999,4.1,0,3,0,0.0,0.74,0.00,0.00,,19.9,0,0,0,0.1,0.1,0.05,-0.1,-0.1,Matches
32,Danilo Arboleda,co COL,DF,md Sheriff Tiraspol,26,1995,6.0,0,1,0,0.0,0.17,0.00,0.00,,9.5,0,0,0,0.1,0.1,0.08,-0.1,-0.1,Matches
33,Maximilian Arnold,de GER,MF,de Wolfsburg,27,1994,6.0,0,5,1,20.0,0.83,0.17,0.00,0.00,34.8,3,0,0,0.2,0.2,0.04,-0.2,-0.2,Matches
34,Kepa Arrizabalaga,es ESP,GK,eng Chelsea,26,1994,1.0,0,0,0,,0.00,0.00,,,,0,0,0,0.0,0.0,,0.0,0.0,Matches
35,Marco Asensio,es ESP,"FW,MF",es Real Madrid,25,1996,2.3,1,6,3,50.0,2.58,1.29,0.17,0.33,18.2,0,0,0,0.7,0.7,0.12,+0.3,+0.3,Matches
36,Giorgos Athanasiadis,gr GRE,GK,md Sheriff Tiraspol,28,1993,5.0,0,0,0,,0.00,0.00,,,,0,0,0,0.0,0.0,,0.0,0.0,Matches
37,Ludwig Augustinsson,se SWE,DF,es Sevilla,27,1994,0.9,0,0,0,,0.00,0.00,,,,0,0,0,0.0,0.0,,0.0,0.0,Matches
38,Serge Aurier,ci CIV,DF,es Villarreal,28,1992,1.5,0,1,0,0.0,0.68,0.00,0.00,,29.2,0,0,0,0.0,0.0,0.03,0.0,0.0,Matches
39,Sardar Azmoun,ir IRN,FW,ru Zenit,26,1995,3.4,2,8,6,75.0,2.37,1.78,0.25,0.33,12.5,0,0,0,1.8,1.8,0.23,+0.2,+0.2,Matches
40,César Azpilicueta,es ESP,DF,eng Chelsea,31,1989,7.5,1,3,3,100.0,0.40,0.40,0.33,0.33,15.9,0,0,0,0.3,0.3,0.09,+0.7,+0.7,Matches
41,Eric Bailly,ci CIV,DF,eng Manchester Utd,27,1994,2.0,0,0,0,,0.00,0.00,,,,0,0,0,0.0,0.0,,0.0,0.0,Matches
42,Tiemoué Bakayoko,fr FRA,"MF,FW",it Milan,26,1994,0.7,0,2,0,0.0,3.05,0.00,0.00,,12.4,0,0,0,0.1,0.1,0.06,-0.1,-0.1,Matches
43,Ridle Baku,de GER,"FW,DF",de Wolfsburg,23,1998,4.6,1,2,1,50.0,0.44,0.22,0.50,1.00,15.4,0,0,0,0.6,0.6,0.28,+0.4,+0.4,Matches
44,Alejandro Balde,es ESP,"DF,FW",es Barcelona,17,2003,0.2,0,1,0,0.0,4.29,0.00,0.00,,11.9,0,0,0,0.0,0.0,0.04,0.0,0.0,Matches
45,Gareth Bale,wls WAL,FW,es Real Madrid,32,1989,0.1,0,0,0,,0.00,0.00,,,,0,0,0,0.0,0.0,,0.0,0.0,Matches
46,David von Ballmoos,ch SUI,GK,ch Young Boys,26,1994,3.0,0,0,0,,0.00,0.00,,,,0,0,0,0.0,0.0,,0.0,0.0,Matches
47,Fodé Ballo-Touré,sn SEN,"DF,MF",it Milan,24,1997,1.0,0,0,0,,0.00,0.00,,,,0,0,0,0.0,0.0,,0.0,0.0,Matches
48,Jonathan Bamba,ci CIV,"MF,FW",fr Lille,25,1996,5.2,0,4,1,25.0,0.77,0.19,0.00,0.00,16.0,0,0,0,0.3,0.3,0.07,-0.3,-0.3,Matches
49,Nicolò Barella,it ITA,MF,it Inter,24,1997,5.5,0,8,0,0.0,1.46,0.00,0.00,,22.8,0,0,0,0.4,0.4,0.04,-0.4,-0.4,Matches
50,Ross Barkley,eng ENG,MF,eng Chelsea,27,1993,1.1,0,3,1,33.3,2.78,0.93,0.00,0.00,25.1,0,0,0,0.1,0.1,0.04,-0.1,-0.1,Matches
51,Wílmar Barrios,co COL,"MF,DF",ru Zenit,27,1993,6.0,0,1,0,0.0,0.17,0.00,0.00,,28.5,0,0,0,0.0,0.0,0.02,0.0,0.0,Matches
52,Gil Bastião Dias,pt POR,FW,pt Benfica,24,1996,0.0,0,0,0,,0.00,0.00,,,,0,0,0,0.0,0.0,,0.0,0.0,Matches
53,Alessandro Bastoni,it ITA,DF,it Inter,22,1999,7.4,0,1,0,0.0,0.13,0.00,0.00,,22.6,0,0,0,0.0,0.0,0.02,0.0,0.0,Matches
54,Michy Batshuayi,be BEL,FW,tr Beşiktaş,27,1993,4.3,0,10,2,20.0,2.34,0.47,0.00,0.00,13.5,0,0,0,1.7,1.7,0.17,-1.7,-1.7,Matches
55,Donny van de Beek,nl NED,MF,eng Manchester Utd,24,1997,2.3,0,1,1,100.0,0.44,0.44,0.00,0.00,10.1,0,0,0,0.1,0.1,0.07,-0.1,-0.1,Matches
56,Jude Bellingham,eng ENG,"MF,FW",de Dortmund,18,2003,5.6,1,14,4,28.6,2.52,0.72,0.07,0.25,22.0,0,0,0,1.3,1.3,0.09,-0.3,-0.3,Matches
57,Hatem Ben Arfa,fr FRA,"FW,MF",fr Lille,34,1987,0.3,0,1,0,0.0,3.91,0.00,0.00,,20.5,0,0,0,0.0,0.0,0.03,0.0,0.0,Matches
58,Ismaël Bennacer,dz ALG,MF,it Milan,23,1997,4.2,0,2,1,50.0,0.48,0.24,0.00,0.00,25.7,1,0,0,0.1,0.1,0.06,-0.1,-0.1,Matches
59,Rodrigo Bentancur,uy URU,"MF,FW",it Juventus,24,1997,4.2,0,2,0,0.0,0.48,0.00,0.00,,27.3,0,0,0,0.1,0.1,0.03,-0.1,-0.1,Matches
60,Karim Benzema,fr FRA,FW,es Real Madrid,33,1987,12.2,15,43,20,46.5,3.51,1.63,0.28,0.60,17.4,4,3,3,8.5,6.1,0.14,+6.5,+5.9,Matches
61,Steven Berghuis,nl NED,MF,nl Ajax,29,1991,6.9,3,16,5,31.3,2.32,0.72,0.19,0.60,16.4,0,0,0,1.4,1.4,0.09,+1.6,+1.6,Matches
62,Federico Bernardeschi,it ITA,"FW,MF",it Juventus,27,1994,3.2,0,7,5,71.4,2.18,1.56,0.00,0.00,19.1,1,0,0,0.8,0.8,0.11,-0.8,-0.8,Matches
63,Bernardo,br BRA,"DF,MF",at RB Salzburg,26,1995,0.3,0,1,0,0.0,3.60,0.00,0.00,,14.9,0,0,0,0.0,0.0,0.04,0.0,0.0,Matches
64,Paulo Bernardo,pt POR,MF,pt Benfica,19,2002,0.5,0,0,0,,0.00,0.00,,,,0,0,0,0.0,0.0,,0.0,0.0,Matches
65,Veljko Birmančević,rs SRB,"MF,FW",se Malmö,23,1998,3.9,0,5,0,0.0,1.28,0.00,0.00,,26.1,1,0,0,0.2,0.2,0.04,-0.2,-0.2,Matches
66,Antonio Blanco,es ESP,MF,es Real Madrid,21,2000,0.1,0,0,0,,0.00,0.00,,,,0,0,0,0.0,0.0,,0.0,0.0,Matches
67,Daley Blind,nl NED,DF,nl Ajax,31,1990,6.3,1,4,2,50.0,0.63,0.32,0.25,0.50,19.9,0,0,0,0.2,0.2,0.04,+0.8,+0.8,Matches
68,Valerii Bondar,ua UKR,DF,ua Shakhtar,22,1999,1.0,0,1,0,0.0,1.00,0.00,0.00,,4.9,0,0,0,0.2,0.2,0.17,-0.2,-0.2,Matches
69,Artem Bondarenko,ua UKR,MF,ua Shakhtar,20,2000,0.9,0,2,0,0.0,2.14,0.00,0.00,,16.3,0,0,0,0.1,0.1,0.05,-0.1,-0.1,Matches
70,Solomon Bonnah,nl NED,DF,de RB Leipzig,17,2003,0.1,0,0,0,,0.00,0.00,,,,0,0,0,0.0,0.0,,0.0,0.0,Matches
71,Leonardo Bonucci,it ITA,DF,it Juventus,34,1987,6.4,0,0,0,,0.00,0.00,,,,0,0,0,0.0,0.0,,0.0,0.0,Matches
72,Sebastiaan Bornauw,be BEL,DF,de Wolfsburg,22,1999,2.3,0,1,0,0.0,0.44,0.00,0.00,,10.6,0,0,0,0.1,0.1,0.06,-0.1,-0.1,Matches
73,Sven Botman,nl NED,DF,fr Lille,21,2000,4.6,0,3,1,33.3,0.65,0.22,0.00,0.00,9.0,0,0,0,0.2,0.2,0.08,-0.2,-0.2,Matches
74,Yassine Bounou,ma MAR,GK,es Sevilla,30,1991,6.0,0,0,0,,0.00,0.00,,,,0,0,0,0.0,0.0,,0.0,0.0,Matches
75,Denys Boyko,ua UKR,GK,ua Dynamo Kyiv,33,1988,1.0,0,0,0,,0.00,0.00,,,,0,0,0,0.0,0.0,,0.0,0.0,Matches
76,Can Bozdogan,de GER,MF,tr Beşiktaş,20,2001,2.4,0,2,0,0.0,0.82,0.00,0.00,,23.8,0,0,0,0.1,0.1,0.04,-0.1,-0.1,Matches
77,Domagoj Bradarić,hr CRO,DF,fr Lille,21,1999,0.2,0,0,0,,0.00,0.00,,,,0,0,0,0.0,0.0,,0.0,0.0,Matches
78,Conor Bradley,nir NIR,FW,eng Liverpool,18,2003,0.0,0,0,0,,0.00,0.00,,,,0,0,0,0.0,0.0,,0.0,0.0,Matches
79,Daniel Bragança,pt POR,MF,pt Sporting CP,22,1999,1.5,0,3,1,33.3,2.03,0.68,0.00,0.00,15.3,0,0,0,0.5,0.5,0.18,-0.5,-0.5,Matches
80,Julian Brandt,de GER,"MF,FW",de Dortmund,25,1996,4.4,0,4,0,0.0,0.91,0.00,0.00,,17.5,0,0,0,0.3,0.3,0.08,-0.3,-0.3,Matches
81,Brian Brobbey,nl NED,FW,nl Ajax,19,2002,0.1,0,0,0,,0.00,0.00,,,,0,0,0,0.0,0.0,,0.0,0.0,Matches
82,Brian Brobbey,nl NED,"FW,MF",de RB Leipzig,19,2002,1.2,0,1,0,0.0,0.83,0.00,0.00,,18.8,0,0,0,0.0,0.0,0.03,0.0,0.0,Matches
83,John Brooks,us USA,DF,de Wolfsburg,28,1993,3.7,0,0,0,,0.00,0.00,,,,0,0,0,0.0,0.0,,0.0,0.0,Matches
84,Franz Brorsson,se SWE,DF,se Malmö,25,1996,5.0,0,0,0,,0.00,0.00,,,,0,0,0,0.0,0.0,,0.0,0.0,Matches
85,Marcelo Brozović,hr CRO,MF,it Inter,28,1992,7.0,1,11,1,9.1,1.57,0.14,0.09,1.00,23.1,0,0,0,0.4,0.4,0.04,+0.6,+0.6,Matches
86,Nicolas Bürgy,ch SUI,DF,ch Young Boys,25,1995,2.0,0,1,1,100.0,0.50,0.50,0.00,0.00,9.2,0,0,0,0.3,0.3,0.28,-0.3,-0.3,Matches
87,Heorhiy Bushchan,ua UKR,GK,ua Dynamo Kyiv,27,1994,5.0,0,0,0,,0.00,0.00,,,,0,0,0,0.0,0.0,,0.0,0.0,Matches
88,Sergio Busquets,es ESP,MF,es Barcelona,33,1988,5.4,0,2,0,0.0,0.37,0.00,0.00,,31.1,0,0,0,0.0,0.0,0.02,0.0,0.0,Matches
89,Vitaliy Buyalskyi,ua UKR,"FW,MF",ua Dynamo Kyiv,28,1993,4.8,0,4,4,100.0,0.83,0.83,0.00,0.00,14.2,0,0,0,0.5,0.5,0.14,-0.5,-0.5,Matches
90,Jovane Cabral,cv CPV,"FW,MF",pt Sporting CP,23,1998,0.9,0,0,0,,0.00,0.00,,,,0,0,0,0.0,0.0,,0.0,0.0,Matches
91,Davide Calabria,it ITA,DF,it Milan,24,1996,3.5,0,1,0,0.0,0.29,0.00,0.00,,25.3,0,0,0,0.0,0.0,0.03,0.0,0.0,Matches
92,Hakan Çalhanoğlu,tr TUR,MF,it Inter,27,1994,4.6,0,5,1,20.0,1.08,0.22,0.00,0.00,19.9,1,0,0,0.3,0.3,0.06,-0.3,-0.3,Matches
93,Mohamed Camara,ml MLI,MF,at RB Salzburg,21,2000,7.4,0,3,0,0.0,0.40,0.00,0.00,,29.0,0,0,0,0.1,0.1,0.04,-0.1,-0.1,Matches
94,Eduardo Camavinga,fr FRA,MF,es Real Madrid,18,2002,3.4,0,2,0,0.0,0.59,0.00,0.00,,24.1,0,0,0,0.1,0.1,0.05,-0.1,-0.1,Matches
95,Emre Can,de GER,DF,de Dortmund,27,1994,0.8,0,0,0,,0.00,0.00,,,,0,0,0,0.0,0.0,,0.0,0.0,Matches
96,João Cancelo,pt POR,DF,eng Manchester City,27,1994,9.3,2,11,4,36.4,1.18,0.43,0.18,0.50,22.2,0,0,0,1.3,1.3,0.12,+0.7,+0.7,Matches
97,Nicolás Capaldo,ar ARG,MF,at RB Salzburg,23,1997,3.2,0,1,0,0.0,0.31,0.00,0.00,,11.2,0,0,0,0.2,0.2,0.16,-0.2,-0.2,Matches
98,Étienne Capoue,fr FRA,MF,es Villarreal,33,1988,11.6,2,10,3,30.0,0.86,0.26,0.20,0.67,13.8,0,0,0,2.0,2.0,0.24,0.0,0.0,Matches
99,Fábio Cardoso,pt POR,DF,pt Porto,27,1994,1.7,0,2,0,0.0,1.15,0.00,0.00,,18.4,0,0,0,0.1,0.1,0.05,-0.1,-0.1,Matches
100,Diego Carlos,br BRA,DF,es Sevilla,28,1993,6.0,0,4,1,25.0,0.67,0.17,0.00,0.00,14.3,0,0,0,0.2,0.2,0.04,-0.2,-0.2,Matches
101,Yannick Carrasco,be BEL,"FW,MF",es Atlético Madrid,27,1993,5.2,0,6,2,33.3,1.15,0.38,0.00,0.00,16.9,1,0,0,0.9,0.9,0.15,-0.9,-0.9,Matches
102,Scott Carson,eng ENG,GK,eng Manchester City,35,1985,0.2,0,0,0,,0.00,0.00,,,,0,0,0,0.0,0.0,,0.0,0.0,Matches
103,Dani Carvajal,es ESP,DF,es Real Madrid,29,1992,10.6,0,5,2,40.0,0.47,0.19,0.00,0.00,18.3,0,0,0,0.3,0.3,0.07,-0.3,-0.3,Matches
104,Casemiro,br BRA,MF,es Real Madrid,29,1992,10.1,0,10,2,20.0,0.99,0.20,0.00,0.00,23.7,0,0,0,0.5,0.5,0.05,-0.5,-0.5,Matches
105,Frank Castañeda,co COL,"FW,MF",md Sheriff Tiraspol,27,1994,3.9,0,4,2,50.0,1.01,0.51,0.00,0.00,24.4,0,0,0,0.2,0.2,0.06,-0.2,-0.2,Matches
106,Koen Casteels,be BEL,GK,de Wolfsburg,29,1992,5.0,0,0,0,,0.00,0.00,,,,0,0,0,0.0,0.0,,0.0,0.0,Matches
107,Edinson Cavani,uy URU,FW,eng Manchester Utd,34,1987,0.9,0,1,0,0.0,1.14,0.00,0.00,,7.3,0,0,0,0.3,0.3,0.33,-0.3,-0.3,Matches
108,Dani Ceballos,es ESP,"MF,FW",es Real Madrid,24,1996,0.5,0,0,0,,0.00,0.00,,,,0,0,0,0.0,0.0,,0.0,0.0,Matches
109,Dumitru Celeadnic,md MDA,GK,md Sheriff Tiraspol,29,1992,1.0,0,0,0,,0.00,0.00,,,,0,0,0,0.0,0.0,,0.0,0.0,Matches
110,Zeki Çelik,tr TUR,DF,fr Lille,24,1997,6.5,0,4,0,0.0,0.61,0.00,0.00,,21.1,0,0,0,0.2,0.2,0.04,-0.2,-0.2,Matches
111,Trevoh Chalobah,eng ENG,DF,eng Chelsea,22,1999,2.0,1,3,1,33.3,1.53,0.51,0.33,1.00,17.7,0,0,0,0.4,0.4,0.14,+0.6,+0.6,Matches
112,Giorgio Chiellini,it ITA,DF,it Juventus,36,1984,0.1,0,0,0,,0.00,0.00,,,,0,0,0,0.0,0.0,,0.0,0.0,Matches
113,Federico Chiesa,it ITA,"FW,MF",it Juventus,23,1997,3.7,2,13,3,23.1,3.50,0.81,0.15,0.67,17.0,0,0,0,0.8,0.8,0.06,+1.2,+1.2,Matches
114,Ben Chilwell,eng ENG,DF,eng Chelsea,24,1996,2.1,0,8,1,12.5,3.85,0.48,0.00,0.00,18.8,0,0,0,0.4,0.4,0.05,-0.4,-0.4,Matches
115,Dmitri Chistyakov,ru RUS,DF,ru Zenit,27,1994,4.9,0,5,1,20.0,1.02,0.20,0.00,0.00,8.7,0,0,0,0.6,0.6,0.13,-0.6,-0.6,Matches
116,Andreas Christensen,dk DEN,DF,eng Chelsea,25,1996,6.7,1,3,2,66.7,0.45,0.30,0.33,0.50,26.5,0,0,0,0.1,0.1,0.04,+0.9,+0.9,Matches
117,Anders Christiansen,dk DEN,MF,se Malmö,31,1990,3.6,0,5,1,20.0,1.38,0.28,0.00,0.00,16.5,0,0,0,0.3,0.3,0.06,-0.3,-0.3,Matches
118,Samuel Chukwueze,ng NGA,"MF,FW",es Villarreal,22,1999,3.1,2,3,2,66.7,0.97,0.65,0.67,1.00,10.0,0,0,0,1.1,1.1,0.38,+0.9,+0.9,Matches
119,Claudinho,br BRA,"MF,FW",ru Zenit,24,1997,5.1,2,13,4,30.8,2.57,0.79,0.15,0.50,19.4,0,0,0,1.3,1.3,0.10,+0.7,+0.7,Matches
120,Sebastián Coates,uy URU,DF,pt Sporting CP,30,1990,6.0,2,7,2,28.6,1.17,0.33,0.29,1.00,9.3,0,0,0,1.2,1.2,0.17,+0.8,+0.8,Matches
121,Serafim Cojocari,md MDA,FW,md Sheriff Tiraspol,20,2001,0.0,0,0,0,,0.00,0.00,,,,0,0,0,0.0,0.0,,0.0,0.0,Matches
122,Maxim Cojocaru,md MDA,"FW,MF",md Sheriff Tiraspol,23,1998,0.2,0,0,0,,0.00,0.00,,,,0,0,0,0.0,0.0,,0.0,0.0,Matches
123,Antonio Čolak,hr CRO,FW,se Malmö,27,1993,5.5,0,8,1,12.5,1.45,0.18,0.00,0.00,17.1,0,0,0,0.4,0.4,0.05,-0.4,-0.4,Matches
124,Kingsley Coman,fr FRA,FW,de Bayern Munich,25,1996,7.0,2,21,6,28.6,3.01,0.86,0.10,0.33,18.7,0,0,0,1.7,1.7,0.08,+0.3,+0.3,Matches
125,Francisco Conceição,pt POR,MF,pt Porto,18,2002,0.4,0,1,0,0.0,2.31,0.00,0.00,,21.8,0,0,0,0.0,0.0,0.05,0.0,0.0,Matches
126,Francis Coquelin,fr FRA,MF,es Villarreal,30,1991,5.1,1,3,2,66.7,0.59,0.39,0.33,0.50,12.2,0,0,0,0.5,0.5,0.18,+0.5,+0.5,Matches
127,Jesús Corona,mx MEX,"DF,FW",pt Porto,28,1993,2.4,0,0,0,,0.00,0.00,,,,0,0,0,0.0,0.0,,0.0,0.0,Matches
128,Ángel Correa,ar ARG,"FW,MF",es Atlético Madrid,26,1995,4.5,1,10,3,30.0,2.22,0.67,0.10,0.33,21.0,0,0,0,0.9,0.9,0.09,+0.1,+0.1,Matches
129,Joaquín Correa,ar ARG,FW,it Inter,26,1994,1.2,0,1,1,100.0,0.81,0.81,0.00,0.00,25.4,0,0,0,0.0,0.0,0.03,0.0,0.0,Matches
130,Bruno Xavier Almeida Costa,pt POR,MF,pt Porto,24,1997,0.1,0,0,0,,0.00,0.00,,,,0,0,0,0.0,0.0,,0.0,0.0,Matches
131,Diogo Costa,pt POR,GK,pt Porto,21,1999,6.0,0,0,0,,0.00,0.00,,,,0,0,0,0.0,0.0,,0.0,0.0,Matches
132,Fernando Costanza,br BRA,DF,md Sheriff Tiraspol,22,1998,6.0,0,2,0,0.0,0.33,0.00,0.00,,23.2,0,0,0,0.1,0.1,0.04,-0.1,-0.1,Matches
133,Thibaut Courtois,be BEL,GK,es Real Madrid,29,1992,13.7,0,0,0,,0.00,0.00,,,,0,0,0,0.0,0.0,,0.0,0.0,Matches
134,Philippe Coutinho,br BRA,"FW,MF",es Barcelona,29,1992,1.2,0,4,1,25.0,3.24,0.81,0.00,0.00,22.2,0,0,0,0.1,0.1,0.04,-0.1,-0.1,Matches
135,Juan Cuadrado,co COL,"DF,MF",it Juventus,33,1988,5.2,0,3,0,0.0,0.57,0.00,0.00,,21.1,0,0,0,0.1,0.1,0.05,-0.1,-0.1,Matches
136,Matheus Cunha,br BRA,FW,es Atlético Madrid,22,1999,1.6,0,4,0,0.0,2.47,0.00,0.00,,8.2,0,0,0,1.4,1.4,0.36,-1.4,-1.4,Matches
137,Danilo D'Ambrosio,it ITA,DF,it Inter,32,1988,1.6,0,1,0,0.0,0.61,0.00,0.00,,22.8,0,0,0,0.1,0.1,0.07,-0.1,-0.1,Matches
138,Cosimo Marco Da Graca,it ITA,FW,it Juventus,19,2002,0.0,0,0,0,,0.00,0.00,,,,0,0,0,0.0,0.0,,0.0,0.0,Matches
139,Johan Dahlin,se SWE,GK,se Malmö,34,1986,3.5,0,0,0,,0.00,0.00,,,,0,0,0,0.0,0.0,,0.0,0.0,Matches
140,Mahmoud Dahoud,de GER,MF,de Dortmund,25,1996,2.4,0,6,1,16.7,2.55,0.42,0.00,0.00,21.7,1,0,0,0.3,0.3,0.05,-0.3,-0.3,Matches
141,Diogo Dalot,pt POR,DF,eng Manchester Utd,22,1999,2.6,0,4,1,25.0,1.54,0.38,0.00,0.00,23.3,0,0,0,0.1,0.1,0.04,-0.1,-0.1,Matches
142,Danilo,br BRA,DF,it Juventus,30,1991,5.0,0,1,0,0.0,0.20,0.00,0.00,,8.9,0,0,0,0.1,0.1,0.08,-0.1,-0.1,Matches
143,Arnaut Danjuma,nl NED,FW,es Villarreal,24,1997,10.0,6,24,13,54.2,2.39,1.30,0.21,0.38,15.3,0,1,1,4.9,4.3,0.18,+1.1,+0.7,Matches
144,Mohamed Daramy,dk DEN,FW,nl Ajax,19,2002,0.6,0,4,1,25.0,6.79,1.70,0.00,0.00,15.9,0,0,0,0.3,0.3,0.07,-0.3,-0.3,Matches
145,Matteo Darmian,it ITA,DF,it Inter,31,1989,2.2,0,2,0,0.0,0.91,0.00,0.00,,15.7,0,0,0,0.1,0.1,0.06,-0.1,-0.1,Matches
146,Jonathan David,ca CAN,FW,fr Lille,21,2000,7.5,3,11,4,36.4,1.47,0.53,0.18,0.50,17.6,0,1,1,2.9,2.2,0.20,+0.1,-0.2,Matches
147,Alphonso Davies,ca CAN,DF,de Bayern Munich,20,2000,5.3,0,6,2,33.3,1.14,0.38,0.00,0.00,24.6,0,0,0,0.2,0.2,0.04,-0.2,-0.2,Matches
148,Kevin De Bruyne,be BEL,MF,eng Manchester City,30,1991,8.1,2,24,7,29.2,2.96,0.86,0.08,0.29,21.1,5,0,0,1.8,1.8,0.07,+0.2,+0.2,Matches
149,Charles De Ketelaere,be BEL,FW,be Club Brugge,20,2001,5.5,0,9,6,66.7,1.63,1.09,0.00,0.00,13.6,0,0,0,1.0,1.0,0.11,-1.0,-1.0,Matches
150,Rodrigo De Paul,ar ARG,MF,es Atlético Madrid,27,1994,6.4,1,13,4,30.8,2.02,0.62,0.08,0.25,23.8,1,0,0,1.1,1.1,0.09,-0.1,-0.1,Matches
151,Mattia De Sciglio,it ITA,DF,it Juventus,28,1992,3.2,0,0,0,,0.00,0.00,,,,0,0,0,0.0,0.0,,0.0,0.0,Matches
152,Koni De Winter,be BEL,DF,it Juventus,19,2002,0.9,0,0,0,,0.00,0.00,,,,0,0,0,0.0,0.0,,0.0,0.0,Matches
153,Thomas Delaney,dk DEN,MF,es Sevilla,29,1991,2.2,0,1,0,0.0,0.45,0.00,0.00,,17.3,0,0,0,0.0,0.0,0.05,0.0,0.0,Matches
154,Liam Delap,eng ENG,FW,eng Manchester City,18,2003,0.1,0,0,0,,0.00,0.00,,,,0,0,0,0.0,0.0,,0.0,0.0,Matches
155,Ousmane Dembélé,fr FRA,"FW,DF",es Barcelona,24,1997,1.4,0,4,1,25.0,2.93,0.73,0.00,0.00,18.1,0,0,0,0.3,0.3,0.06,-0.3,-0.3,Matches
156,Yusuf Demir,at AUT,"DF,FW",es Barcelona,18,2003,1.1,0,2,1,50.0,1.76,0.88,0.00,0.00,18.8,0,0,0,0.1,0.1,0.04,-0.1,-0.1,Matches
157,Merih Demiral,tr TUR,DF,it Atalanta,23,1998,4.1,1,2,2,100.0,0.49,0.49,0.50,0.50,7.7,0,0,0,0.5,0.5,0.25,+0.5,+0.5,Matches
158,Dentinho,br BRA,FW,ua Shakhtar,32,1989,0.1,0,0,0,,0.00,0.00,,,,0,0,0,0.0,0.0,,0.0,0.0,Matches
159,Sergiño Dest,us USA,"DF,FW",es Barcelona,20,2000,2.6,0,3,1,33.3,1.17,0.39,0.00,0.00,6.7,0,0,0,1.0,1.0,0.32,-1.0,-1.0,Matches
160,Ersin Destanoğlu,tr TUR,GK,tr Beşiktaş,20,2001,5.0,0,0,0,,0.00,0.00,,,,0,0,0,0.0,0.0,,0.0,0.0,Matches
161,Ángel Di María,ar ARG,FW,fr Paris S-G,33,1988,2.9,0,8,2,25.0,2.78,0.69,0.00,0.00,18.0,0,0,0,1.0,1.0,0.12,-1.0,-1.0,Matches
162,Boulaye Dia,sn SEN,FW,es Villarreal,24,1996,2.9,1,5,2,40.0,1.74,0.69,0.20,0.50,9.6,0,0,0,2.1,2.1,0.47,-1.1,-1.1,Matches
163,Abdou Diallo,sn SEN,DF,fr Paris S-G,25,1996,1.8,0,0,0,,0.00,0.00,,,,0,0,0,0.0,0.0,,0.0,0.0,Matches
164,Amad Diallo,ci CIV,MF,eng Manchester Utd,19,2002,0.7,0,2,1,50.0,2.69,1.34,0.00,0.00,17.8,0,0,0,0.1,0.1,0.07,-0.1,-0.1,Matches
165,Rúben Dias,pt POR,DF,eng Manchester City,24,1997,7.4,0,4,1,25.0,0.54,0.14,0.00,0.00,15.2,0,0,0,0.3,0.3,0.08,-0.3,-0.3,Matches
166,Ismael Diawara,ml MLI,GK,se Malmö,26,1994,2.5,0,0,0,,0.00,0.00,,,,0,0,0,0.0,0.0,,0.0,0.0,Matches
167,Brahim Díaz,ma MAR,MF,it Milan,21,1999,3.9,1,5,2,40.0,1.29,0.52,0.20,0.50,21.3,0,0,0,1.1,1.1,0.22,-0.1,-0.1,Matches
168,Luis Díaz,co COL,"MF,FW",pt Porto,24,1997,5.8,2,10,4,40.0,1.73,0.69,0.20,0.50,16.8,0,0,0,0.9,0.9,0.09,+1.1,+1.1,Matches
169,Luis Díaz,co COL,FW,eng Liverpool,24,1997,4.3,2,19,7,36.8,4.45,1.64,0.11,0.29,16.2,0,0,0,2.5,2.5,0.13,-0.5,-0.5,Matches
170,Federico Dimarco,it ITA,DF,it Inter,23,1997,3.1,0,7,2,28.6,2.23,0.64,0.00,0.00,22.3,3,0,0,0.3,0.3,0.04,-0.3,-0.3,Matches
171,Junior Dina Ebimbe,fr FRA,MF,fr Paris S-G,20,2000,0.1,0,1,0,0.0,12.86,0.00,0.00,,18.7,0,0,0,0.1,0.1,0.05,-0.1,-0.1,Matches
172,Tiago Djaló,pt POR,DF,fr Lille,21,2000,5.9,0,1,0,0.0,0.17,0.00,0.00,,7.2,0,0,0,0.1,0.1,0.09,-0.1,-0.1,Matches
173,Berat Djimsiti,al ALB,DF,it Atalanta,28,1993,2.9,0,0,0,,0.00,0.00,,,,0,0,0,0.0,0.0,,0.0,0.0,Matches
174,Dodô,br BRA,DF,ua Shakhtar,22,1998,6.0,0,6,1,16.7,1.00,0.17,0.00,0.00,16.9,0,0,0,0.6,0.6,0.10,-0.6,-0.6,Matches
175,Gianluigi Donnarumma,it ITA,GK,fr Paris S-G,22,1999,5.0,0,0,0,,0.00,0.00,,,,0,0,0,0.0,0.0,,0.0,0.0,Matches
176,Bas Dost,nl NED,FW,be Club Brugge,32,1989,0.8,0,2,1,50.0,2.57,1.29,0.00,0.00,9.1,0,0,0,0.2,0.2,0.08,-0.2,-0.2,Matches
177,Julian Draxler,de GER,"MF,FW",fr Paris S-G,27,1993,1.6,0,2,0,0.0,1.26,0.00,0.00,,13.3,0,0,0,0.1,0.1,0.07,-0.1,-0.1,Matches
178,Gustavo Dulanto,pe PER,DF,md Sheriff Tiraspol,25,1995,6.0,0,3,0,0.0,0.50,0.00,0.00,,8.0,0,0,0,0.7,0.7,0.24,-0.7,-0.7,Matches
179,Denzel Dumfries,nl NED,DF,it Inter,25,1996,5.2,0,6,1,16.7,1.16,0.19,0.00,0.00,12.4,0,0,0,0.4,0.4,0.07,-0.4,-0.4,Matches
180,Paulo Dybala,ar ARG,"FW,MF",it Juventus,27,1993,2.8,3,10,3,30.0,3.54,1.06,0.10,0.33,22.9,0,2,2,2.4,0.8,0.08,+0.6,+0.2,Matches
181,Edin Džeko,ba BIH,FW,it Inter,35,1986,6.0,3,24,11,45.8,4.02,1.84,0.13,0.27,14.1,0,0,0,4.1,4.1,0.17,-1.1,-1.1,Matches
182,Artem Dzyuba,ru RUS,FW,ru Zenit,32,1988,3.1,0,5,0,0.0,1.62,0.00,0.00,,9.5,0,0,1,2.1,1.3,0.26,-2.1,-1.3,Matches
183,Ederson,br BRA,GK,eng Manchester City,27,1993,11.1,0,0,0,,0.00,0.00,,,,0,0,0,0.0,0.0,,0.0,0.0,Matches
184,Marcus Edwards,eng ENG,MF,pt Sporting CP,22,1998,0.4,0,1,1,100.0,2.73,2.73,0.00,0.00,12.6,0,0,0,0.1,0.1,0.13,-0.1,-0.1,Matches
185,CJ Egan-Riley,eng ENG,DF,eng Manchester City,18,2003,1.0,0,0,0,,0.00,0.00,,,,0,0,0,0.0,0.0,,0.0,0.0,Matches
186,Noah Eile,se SWE,DF,se Malmö,19,2002,0.0,0,0,0,,0.00,0.00,,,,0,0,0,0.0,0.0,,0.0,0.0,Matches
187,Anthony Elanga,se SWE,"FW,MF",eng Manchester Utd,19,2002,1.9,1,4,3,75.0,2.09,1.57,0.25,0.33,11.6,0,0,0,1.1,1.1,0.27,-0.1,-0.1,Matches
188,Meschak Elia,cd COD,FW,ch Young Boys,23,1997,5.4,1,10,3,30.0,1.85,0.56,0.10,0.33,16.6,0,0,0,1.5,1.5,0.15,-0.5,-0.5,Matches
189,Harvey Elliott,eng ENG,MF,eng Liverpool,18,2003,0.6,0,0,0,,0.00,0.00,,,,0,0,0,0.0,0.0,,0.0,0.0,Matches
190,Youssef En-Nesyri,ma MAR,FW,es Sevilla,24,1997,0.9,0,3,0,0.0,3.25,0.00,0.00,,9.4,0,0,0,0.3,0.3,0.10,-0.3,-0.3,Matches
191,Aleksandr Erokhin,ru RUS,MF,ru Zenit,31,1989,1.2,0,4,0,0.0,3.30,0.00,0.00,,18.5,0,0,0,0.2,0.2,0.04,-0.2,-0.2,Matches
192,Ricardo Esgaio,pt POR,DF,pt Sporting CP,28,1993,4.3,0,2,0,0.0,0.47,0.00,0.00,,19.2,0,0,0,0.1,0.1,0.05,-0.1,-0.1,Matches
193,Dario Essugo,pt POR,MF,pt Sporting CP,16,2005,0.1,0,0,0,,0.00,0.00,,,,0,0,0,0.0,0.0,,0.0,0.0,Matches
194,Gonçalo Esteves,pt POR,DF,pt Sporting CP,17,2004,0.8,0,1,0,0.0,1.25,0.00,0.00,,19.1,0,0,0,0.0,0.0,0.04,0.0,0.0,Matches
195,Pervis Estupiñán,ec ECU,DF,es Villarreal,23,1998,7.2,0,1,0,0.0,0.14,0.00,0.00,,24.5,0,0,0,0.0,0.0,0.03,0.0,0.0,Matches
196,Evanilson,br BRA,FW,pt Porto,21,1999,3.4,0,4,1,25.0,1.16,0.29,0.00,0.00,12.8,0,0,0,0.7,0.7,0.17,-0.7,-0.7,Matches
197,Fabinho,br BRA,MF,eng Liverpool,27,1993,9.4,1,5,1,20.0,0.53,0.11,0.20,1.00,18.2,0,0,0,0.3,0.3,0.06,+0.7,+0.7,Matches
198,Guillaume Faivre,ch SUI,GK,ch Young Boys,34,1987,3.0,0,0,0,,0.00,0.00,,,,0,0,0,0.0,0.0,,0.0,0.0,Matches
199,Christian Fassnacht,ch SUI,"MF,FW",ch Young Boys,27,1993,3.0,0,8,3,37.5,2.68,1.00,0.00,0.00,14.2,0,0,0,1.1,1.1,0.14,-1.1,-1.1,Matches
200,Ansu Fati,es ESP,FW,es Barcelona,18,2002,1.7,1,4,1,25.0,2.34,0.58,0.25,1.00,13.1,0,0,0,0.4,0.4,0.11,+0.6,+0.6,Matches
201,Zouhair Feddal,ma MAR,DF,pt Sporting CP,32,1989,5.0,0,1,0,0.0,0.20,0.00,0.00,,8.8,0,0,0,0.1,0.1,0.07,-0.1,-0.1,Matches
202,Felipe,br BRA,DF,es Atlético Madrid,32,1989,5.2,0,1,0,0.0,0.19,0.00,0.00,,11.3,0,0,0,0.1,0.1,0.05,-0.1,-0.1,Matches
203,João Félix,pt POR,"FW,MF",es Atlético Madrid,21,1999,6.3,1,10,3,30.0,1.58,0.48,0.10,0.33,18.8,0,0,0,0.7,0.7,0.07,+0.3,+0.3,Matches
204,Bruno Fernandes,pt POR,MF,eng Manchester Utd,26,1994,5.8,0,10,2,20.0,1.74,0.35,0.00,0.00,22.3,0,0,0,0.5,0.5,0.05,-0.5,-0.5,Matches
205,Fernandinho,br BRA,"MF,DF",eng Manchester City,36,1985,3.9,0,4,0,0.0,1.02,0.00,0.00,,13.1,0,0,0,0.8,0.8,0.21,-0.8,-0.8,Matches
206,Fernando,br BRA,MF,es Sevilla,34,1987,6.0,0,0,0,,0.00,0.00,,,,0,0,0,0.0,0.0,,0.0,0.0,Matches
207,Fernando,br BRA,FW,ua Shakhtar,22,1999,3.8,2,12,5,41.7,3.12,1.30,0.17,0.40,16.0,0,0,0,1.6,1.6,0.13,+0.4,+0.4,Matches
208,Roberto Firmino,br BRA,FW,eng Liverpool,29,1991,3.6,5,12,5,41.7,3.32,1.38,0.42,1.00,16.1,0,0,0,1.8,1.8,0.15,+3.2,+3.2,Matches
209,Alessandro Florenzi,it ITA,"DF,FW",it Milan,30,1991,1.0,0,3,0,0.0,2.93,0.00,0.00,,26.0,0,0,0,0.1,0.1,0.03,-0.1,-0.1,Matches
210,Phil Foden,eng ENG,FW,eng Manchester City,21,2000,7.3,3,21,9,42.9,2.87,1.23,0.14,0.33,14.9,0,0,0,3.6,3.6,0.17,-0.6,-0.6,Matches
211,José Fonte,pt POR,DF,fr Lille,37,1983,8.0,0,4,0,0.0,0.50,0.00,0.00,,12.7,0,0,0,0.3,0.3,0.08,-0.3,-0.3,Matches
212,Emil Forsberg,se SWE,"MF,FW",de RB Leipzig,29,1991,4.3,2,10,3,30.0,2.35,0.70,0.10,0.33,22.0,1,1,1,1.3,0.5,0.05,+0.7,+0.5,Matches
213,Juan Foyth,ar ARG,DF,es Villarreal,23,1998,9.9,0,4,0,0.0,0.40,0.00,0.00,,14.9,0,0,0,0.3,0.3,0.08,-0.3,-0.3,Matches
214,Lassina Franck Traoré,bf BFA,FW,ua Shakhtar,20,2001,1.1,0,1,1,100.0,0.90,0.90,0.00,0.00,14.5,0,0,0,0.1,0.1,0.05,-0.1,-0.1,Matches
215,Fred,br BRA,MF,eng Manchester Utd,28,1993,4.8,0,5,2,40.0,1.04,0.42,0.00,0.00,19.1,0,0,0,0.3,0.3,0.05,-0.3,-0.3,Matches
216,Remo Freuler,ch SUI,MF,it Atalanta,29,1992,5.8,1,2,2,100.0,0.34,0.34,0.50,0.50,19.8,0,0,0,0.1,0.1,0.06,+0.9,+0.9,Matches
217,Roberto Gagliardini,it ITA,MF,it Inter,27,1994,0.8,0,0,0,,0.00,0.00,,,,0,0,0,0.0,0.0,,0.0,0.0,Matches
218,Idrissa Gana Gueye,sn SEN,MF,fr Paris S-G,31,1989,4.4,1,3,2,66.7,0.68,0.45,0.33,0.50,17.9,0,0,0,0.2,0.2,0.07,+0.8,+0.8,Matches
219,Eric García,es ESP,DF,es Barcelona,20,2001,2.7,0,2,0,0.0,0.73,0.00,0.00,,22.3,0,0,0,0.1,0.1,0.04,-0.1,-0.1,Matches
220,Ulisses Garcia,ch SUI,DF,ch Young Boys,25,1996,4.8,0,5,1,20.0,1.04,0.21,0.00,0.00,25.3,0,0,0,0.2,0.2,0.03,-0.2,-0.2,Matches
221,Mario Gaspar,es ESP,DF,es Villarreal,30,1990,1.0,0,0,0,,0.00,0.00,,,,0,0,0,0.0,0.0,,0.0,0.0,Matches
222,Gavi,es ESP,"MF,FW",es Barcelona,16,2004,4.4,0,4,0,0.0,0.91,0.00,0.00,,15.4,0,0,0,0.5,0.5,0.14,-0.5,-0.5,Matches
223,David de Gea,es ESP,GK,eng Manchester Utd,30,1990,7.0,0,0,0,,0.00,0.00,,,,0,0,0,0.0,0.0,,0.0,0.0,Matches
224,Yannick Gerhardt,de GER,FW,de Wolfsburg,27,1994,2.1,0,1,0,0.0,0.47,0.00,0.00,,25.9,0,0,0,0.0,0.0,0.04,0.0,0.0,Matches
225,Rachid Ghezzal,dz ALG,"FW,MF",tr Beşiktaş,29,1992,3.8,1,7,1,14.3,1.84,0.26,0.00,0.00,18.5,0,1,1,1.6,0.8,0.11,-0.6,-0.8,Matches
226,Gilberto,br BRA,"DF,MF",pt Benfica,28,1993,7.9,1,3,1,33.3,0.38,0.13,0.33,1.00,13.8,0,0,0,0.4,0.4,0.12,+0.6,+0.6,Matches
227,Daniel Ginczek,de GER,FW,de Wolfsburg,30,1991,0.0,0,0,0,,0.00,0.00,,,,0,0,0,0.0,0.0,,0.0,0.0,Matches
228,Olivier Giroud,fr FRA,FW,it Milan,34,1986,2.9,0,5,3,60.0,1.73,1.04,0.00,0.00,17.9,0,0,0,0.4,0.4,0.09,-0.4,-0.4,Matches
229,Serge Gnabry,de GER,"FW,MF",de Bayern Munich,26,1995,4.3,3,18,8,44.4,4.16,1.85,0.17,0.38,14.1,0,0,0,3.1,3.1,0.17,-0.1,-0.1,Matches
230,Angel Gomes,eng ENG,MF,fr Lille,20,2000,1.9,1,3,1,33.3,1.61,0.54,0.33,1.00,22.0,0,0,0,0.4,0.4,0.14,+0.6,+0.6,Matches
231,Joe Gomez,eng ENG,DF,eng Liverpool,24,1997,2.8,0,1,1,100.0,0.36,0.36,0.00,0.00,18.4,0,0,0,0.0,0.0,0.04,0.0,0.0,Matches
232,Moi Gómez,es ESP,"MF,FW",es Villarreal,27,1994,2.5,0,4,2,50.0,1.61,0.80,0.00,0.00,20.6,0,0,0,0.2,0.2,0.04,-0.2,-0.2,Matches
233,Papu Gómez,ar ARG,"FW,MF",es Sevilla,33,1988,3.6,0,5,1,20.0,1.41,0.28,0.00,0.00,21.2,0,0,0,0.2,0.2,0.04,-0.2,-0.2,Matches
234,Diogo Gonçalves,pt POR,"MF,FW",pt Benfica,24,1997,1.5,0,2,1,50.0,1.34,0.67,0.00,0.00,20.1,0,0,0,0.1,0.1,0.04,-0.1,-0.1,Matches
235,Pedro Gonçalves,pt POR,MF,pt Sporting CP,23,1998,3.6,4,11,5,45.5,3.03,1.38,0.27,0.60,23.5,0,1,2,2.4,0.8,0.08,+1.6,+2.2,Matches
236,Nicolás González,es ESP,MF,es Barcelona,19,2002,2.8,0,3,0,0.0,1.09,0.00,0.00,,18.4,0,0,0,0.2,0.2,0.05,-0.2,-0.2,Matches
237,Leon Goretzka,de GER,MF,de Bayern Munich,26,1995,5.2,0,16,3,18.8,3.09,0.58,0.00,0.00,17.8,0,0,0,1.1,1.1,0.07,-1.1,-1.1,Matches
238,Robin Gosens,de GER,DF,it Atalanta,27,1994,1.1,1,3,2,66.7,2.70,1.80,0.33,0.50,16.3,0,0,0,0.9,0.9,0.29,+0.1,+0.1,Matches
239,Ryan Gravenberch,nl NED,MF,nl Ajax,19,2002,7.8,0,8,5,62.5,1.03,0.64,0.00,0.00,18.7,0,0,0,0.8,0.8,0.09,-0.8,-0.8,Matches
240,Ivo Grbić,hr CRO,GK,fr Lille,25,1996,6.0,0,0,0,,0.00,0.00,,,,0,0,0,0.0,0.0,,0.0,0.0,Matches
241,Jack Grealish,eng ENG,FW,eng Manchester City,25,1995,5.1,1,10,3,30.0,1.96,0.59,0.10,0.33,13.7,0,0,0,0.7,0.7,0.07,+0.3,+0.3,Matches
242,Mason Greenwood,eng ENG,FW,eng Manchester Utd,19,2001,3.4,1,3,3,100.0,0.89,0.89,0.33,0.33,16.0,0,0,0,0.2,0.2,0.06,+0.8,+0.8,Matches
243,Antoine Griezmann,fr FRA,"FW,MF",es Atlético Madrid,30,1991,5.7,4,14,5,35.7,2.44,0.87,0.29,0.80,11.8,0,0,0,3.9,3.9,0.28,+0.1,+0.1,Matches
244,Álex Grimaldo,es ESP,"DF,MF",pt Benfica,25,1995,9.6,0,3,1,33.3,0.31,0.10,0.00,0.00,28.4,2,0,0,0.2,0.2,0.05,-0.2,-0.2,Matches
245,Marko Grujić,rs SRB,MF,pt Porto,25,1996,3.6,0,7,6,85.7,1.97,1.69,0.00,0.00,14.5,0,0,0,0.7,0.7,0.10,-0.7,-0.7,Matches
246,Gabriel Gudmundsson,se SWE,"MF,DF",fr Lille,22,1999,2.7,0,2,0,0.0,0.75,0.00,0.00,,20.2,0,0,0,0.1,0.1,0.04,-0.1,-0.1,Matches
247,Raphaël Guerreiro,pt POR,DF,de Dortmund,27,1993,2.0,0,2,0,0.0,0.99,0.00,0.00,,18.0,0,0,0,0.1,0.1,0.05,-0.1,-0.1,Matches
248,Josuha Guilavogui,fr FRA,"MF,DF",de Wolfsburg,30,1990,4.7,0,1,0,0.0,0.21,0.00,0.00,,8.6,0,0,0,0.1,0.1,0.09,-0.1,-0.1,Matches
249,Daouda Guindo,ml MLI,DF,at RB Salzburg,18,2002,0.1,0,0,0,,0.00,0.00,,,,0,0,0,0.0,0.0,,0.0,0.0,Matches
250,Péter Gulácsi,hu HUN,GK,de RB Leipzig,31,1990,5.0,0,0,0,,0.00,0.00,,,,0,0,0,0.0,0.0,,0.0,0.0,Matches
251,İlkay Gündoğan,de GER,MF,eng Manchester City,30,1990,7.4,0,14,1,7.1,1.90,0.14,0.00,0.00,16.2,0,0,0,1.5,1.5,0.11,-1.5,-1.5,Matches
252,Mert Günok,tr TUR,GK,tr Beşiktaş,32,1989,1.0,0,0,0,,0.00,0.00,,,,0,0,0,0.0,0.0,,0.0,0.0,Matches
253,Miguel Gutiérrez,es ESP,DF,es Real Madrid,20,2001,0.7,0,1,0,0.0,1.38,0.00,0.00,,20.6,0,0,0,0.0,0.0,0.04,0.0,0.0,Matches
254,Joško Gvardiol,hr CRO,DF,de RB Leipzig,19,2002,3.7,0,5,0,0.0,1.34,0.00,0.00,,20.4,0,0,0,0.2,0.2,0.05,-0.2,-0.2,Matches
255,Erling Haaland,no NOR,FW,de Dortmund,21,2000,2.3,3,12,7,58.3,5.32,3.10,0.25,0.43,11.2,0,0,0,3.3,3.3,0.27,-0.3,-0.3,Matches
256,Munir El Haddadi,ma MAR,"FW,MF",es Sevilla,25,1995,2.3,0,5,0,0.0,2.20,0.00,0.00,,19.6,1,0,0,0.7,0.7,0.14,-0.7,-0.7,Matches
257,Amadou Haidara,ml MLI,MF,de RB Leipzig,23,1998,2.0,0,1,0,0.0,0.49,0.00,0.00,,26.9,0,0,0,0.0,0.0,0.03,0.0,0.0,Matches
258,Achraf Hakimi,ma MAR,DF,fr Paris S-G,22,1998,8.0,0,1,0,0.0,0.13,0.00,0.00,,25.9,0,0,0,0.0,0.0,0.03,0.0,0.0,Matches
259,Sébastien Haller,ci CIV,FW,nl Ajax,27,1994,7.4,11,23,13,56.5,3.10,1.75,0.43,0.77,9.7,0,1,1,9.3,8.5,0.37,+1.7,+1.5,Matches
260,Samir Handanović,si SVN,GK,it Inter,37,1984,8.0,0,0,0,,0.00,0.00,,,,0,0,0,0.0,0.0,,0.0,0.0,Matches
261,Denys Harmash,ua UKR,FW,ua Dynamo Kyiv,31,1990,3.6,1,7,3,42.9,1.94,0.83,0.14,0.33,15.1,0,0,0,0.8,0.8,0.11,+0.2,+0.2,Matches
262,Hans Hateboer,nl NED,DF,it Atalanta,27,1994,1.0,0,0,0,,0.00,0.00,,,,0,0,0,0.0,0.0,,0.0,0.0,Matches
263,Kai Havertz,de GER,"FW,MF",eng Chelsea,22,1999,7.5,3,26,11,42.3,3.47,1.47,0.12,0.27,14.5,0,0,0,3.4,3.4,0.13,-0.4,-0.4,Matches
264,Eden Hazard,be BEL,FW,es Real Madrid,30,1991,0.9,0,3,3,100.0,3.18,3.18,0.00,0.00,15.1,0,0,0,0.2,0.2,0.06,-0.2,-0.2,Matches
265,Thorgan Hazard,be BEL,FW,de Dortmund,28,1993,1.6,0,3,0,0.0,1.91,0.00,0.00,,14.6,1,0,0,0.3,0.3,0.09,-0.3,-0.3,Matches
266,Tom Heaton,eng ENG,GK,eng Manchester Utd,35,1986,0.3,0,0,0,,0.00,0.00,,,,0,0,0,0.0,0.0,,0.0,0.0,Matches
267,Silvan Hefti,ch SUI,DF,ch Young Boys,23,1997,4.3,1,2,1,50.0,0.47,0.23,0.50,1.00,22.4,0,0,0,0.1,0.1,0.03,+0.9,+0.9,Matches
268,Dean Henderson,eng ENG,GK,eng Manchester Utd,24,1997,0.7,0,0,0,,0.00,0.00,,,,0,0,0,0.0,0.0,,0.0,0.0,Matches
269,Jordan Henderson,eng ENG,MF,eng Liverpool,31,1990,7.4,1,11,4,36.4,1.49,0.54,0.09,0.25,25.8,2,0,0,0.4,0.4,0.04,+0.6,+0.6,Matches
270,Jack Hendry,sct SCO,DF,be Club Brugge,26,1995,6.0,0,2,1,50.0,0.33,0.17,0.00,0.00,13.6,0,0,0,0.1,0.1,0.07,-0.1,-0.1,Matches
271,Benjamin Henrichs,de GER,DF,de RB Leipzig,24,1997,0.6,0,2,0,0.0,3.27,0.00,0.00,,21.2,0,0,0,0.1,0.1,0.04,-0.1,-0.1,Matches
272,Mario Hermoso,es ESP,DF,es Atlético Madrid,26,1995,4.7,0,2,0,0.0,0.43,0.00,0.00,,24.8,0,0,0,0.1,0.1,0.03,-0.1,-0.1,Matches
273,Lucas Hernández,fr FRA,DF,de Bayern Munich,25,1996,6.3,0,6,1,16.7,0.95,0.16,0.00,0.00,21.9,0,0,0,0.3,0.3,0.04,-0.3,-0.3,Matches
274,Theo Hernández,fr FRA,DF,it Milan,23,1997,5.0,0,3,0,0.0,0.60,0.00,0.00,,16.2,0,0,0,0.6,0.6,0.20,-0.6,-0.6,Matches
275,Ander Herrera,es ESP,MF,fr Paris S-G,31,1989,3.6,1,3,2,66.7,0.83,0.55,0.33,0.50,22.2,0,0,0,0.1,0.1,0.05,+0.9,+0.9,Matches
276,Héctor Herrera,mx MEX,MF,es Atlético Madrid,31,1990,2.5,0,1,0,0.0,0.39,0.00,0.00,,16.2,0,0,0,0.1,0.1,0.09,-0.1,-0.1,Matches
277,Callum Hudson-Odoi,eng ENG,"MF,DF",eng Chelsea,20,2000,3.2,1,6,2,33.3,1.87,0.62,0.17,0.50,16.7,0,0,0,1.2,1.2,0.20,-0.2,-0.2,Matches
278,Mats Hummels,de GER,DF,de Dortmund,32,1988,3.9,0,3,0,0.0,0.76,0.00,0.00,,17.1,0,0,0,0.1,0.1,0.05,-0.1,-0.1,Matches
279,Atiba Hutchinson,ca CAN,MF,tr Beşiktaş,38,1983,1.7,0,4,2,50.0,2.31,1.15,0.00,0.00,23.3,0,0,0,0.1,0.1,0.04,-0.1,-0.1,Matches
280,Vicente Iborra,es ESP,MF,es Villarreal,33,1988,0.1,0,0,0,,0.00,0.00,,,,0,0,0,0.0,0.0,,0.0,0.0,Matches
281,Zlatan Ibrahimović,se SWE,FW,it Milan,39,1981,1.8,0,3,0,0.0,1.66,0.00,0.00,,26.0,2,0,0,0.2,0.2,0.06,-0.2,-0.2,Matches
282,Mauro Icardi,ar ARG,FW,fr Paris S-G,28,1993,0.5,0,1,0,0.0,1.84,0.00,0.00,,4.8,0,0,0,0.5,0.5,0.54,-0.5,-0.5,Matches
283,Jonathan Ikone,fr FRA,MF,fr Lille,23,1998,3.3,1,11,4,36.4,3.33,1.21,0.09,0.25,19.5,0,0,0,1.2,1.2,0.11,-0.2,-0.2,Matches
284,Josip Iličić,si SVN,"FW,MF",it Atalanta,33,1988,2.8,1,3,1,33.3,1.09,0.36,0.33,1.00,18.8,0,0,0,0.1,0.1,0.05,+0.9,+0.9,Matches
285,Gonçalo Inácio,pt POR,DF,pt Sporting CP,19,2001,6.2,0,1,0,0.0,0.16,0.00,0.00,,8.5,0,0,0,0.1,0.1,0.08,-0.1,-0.1,Matches
286,Jo Inge Berget,no NOR,DF,se Malmö,30,1990,4.9,0,0,0,,0.00,0.00,,,,0,0,0,0.0,0.0,,0.0,0.0,Matches
287,Bonke Innocent,ng NGA,MF,se Malmö,25,1996,5.5,0,1,0,0.0,0.18,0.00,0.00,,26.9,0,0,0,0.0,0.0,0.03,0.0,0.0,Matches
288,Zidane Iqbal,iq IRQ,MF,eng Manchester Utd,18,2003,0.0,0,0,0,,0.00,0.00,,,,0,0,0,0.0,0.0,,0.0,0.0,Matches
289,Ismaily,br BRA,DF,ua Shakhtar,31,1990,3.9,0,3,0,0.0,0.76,0.00,0.00,,12.3,0,0,0,0.2,0.2,0.06,-0.2,-0.2,Matches
290,José Izquierdo,co COL,DF,be Club Brugge,29,1992,0.1,0,1,0,0.0,10.00,0.00,0.00,,19.8,0,0,0,0.0,0.0,0.04,0.0,0.0,Matches
291,Reece James,eng ENG,"DF,MF",eng Chelsea,21,1999,5.6,1,13,5,38.5,2.31,0.89,0.08,0.20,24.0,2,0,0,0.5,0.5,0.04,+0.5,+0.5,Matches
292,Léo Jardim,br BRA,GK,fr Lille,26,1995,2.0,0,0,0,,0.00,0.00,,,,0,0,0,0.0,0.0,,0.0,0.0,Matches
293,Gabriel Jesus,br BRA,FW,eng Manchester City,24,1997,3.9,4,9,7,77.8,2.28,1.77,0.44,0.57,14.6,0,0,0,1.5,1.5,0.17,+2.5,+2.5,Matches
294,Curtis Jones,eng ENG,"MF,FW",eng Liverpool,20,2001,2.1,0,7,4,57.1,3.39,1.94,0.00,0.00,23.8,0,0,0,0.4,0.4,0.06,-0.4,-0.4,Matches
295,Frenkie de Jong,nl NED,MF,es Barcelona,24,1997,5.8,0,3,1,33.3,0.52,0.17,0.00,0.00,9.0,0,0,0,0.7,0.7,0.22,-0.7,-0.7,Matches
296,Luuk de Jong,nl NED,FW,es Barcelona,30,1990,2.0,0,6,1,16.7,3.05,0.51,0.00,0.00,12.8,0,0,0,1.0,1.0,0.17,-1.0,-1.0,Matches
297,Joan Jordán,es ESP,"MF,FW",es Sevilla,27,1994,3.6,1,3,2,66.7,0.83,0.55,0.33,0.50,20.2,2,0,0,0.6,0.6,0.21,+0.4,+0.4,Matches
298,Jorginho,it ITA,MF,eng Chelsea,29,1991,6.2,2,2,0,0.0,0.32,0.00,0.00,,26.8,0,2,2,1.9,0.3,0.14,+0.1,-0.3,Matches
299,Diogo Jota,pt POR,FW,eng Liverpool,24,1996,6.4,1,16,7,43.8,2.49,1.09,0.06,0.14,13.1,0,0,0,3.5,3.1,0.19,-2.5,-2.1,Matches
300,Luka Jović,rs SRB,FW,es Real Madrid,23,1997,1.3,0,4,1,25.0,3.16,0.79,0.00,0.00,9.0,0,0,0,0.9,0.9,0.23,-0.9,-0.9,Matches
301,Keston Julien,tt TRI,FW,md Sheriff Tiraspol,22,1998,0.6,0,1,1,100.0,1.64,1.64,0.00,0.00,30.3,0,0,0,0.0,0.0,0.03,0.0,0.0,Matches
302,Vinicius Júnior,br BRA,FW,es Real Madrid,21,2000,13.3,4,27,8,29.6,2.04,0.60,0.15,0.50,13.7,0,0,0,4.1,4.1,0.15,-0.1,-0.1,Matches
303,Pierre Kalulu,fr FRA,DF,it Milan,21,2000,2.4,0,2,1,50.0,0.84,0.42,0.00,0.00,11.8,0,0,0,0.1,0.1,0.06,-0.1,-0.1,Matches
304,Kevin Kampl,si SVN,MF,de RB Leipzig,30,1990,3.0,0,1,0,0.0,0.33,0.00,0.00,,28.4,0,0,0,0.0,0.0,0.03,0.0,0.0,Matches
305,Wilfried Kanga,ci CIV,FW,ch Young Boys,23,1998,0.9,0,3,0,0.0,3.42,0.00,0.00,,11.2,0,0,0,0.2,0.2,0.05,-0.2,-0.2,Matches
306,N'Golo Kanté,fr FRA,MF,eng Chelsea,30,1991,4.7,0,3,0,0.0,0.64,0.00,0.00,,23.7,0,0,0,0.1,0.1,0.04,-0.1,-0.1,Matches
307,Kenan Karaman,tr TUR,"FW,MF",tr Beşiktaş,27,1994,3.0,0,2,0,0.0,0.68,0.00,0.00,,19.9,0,0,0,0.1,0.1,0.05,-0.1,-0.1,Matches
308,Oleksandr Karavayev,ua UKR,"DF,MF",ua Dynamo Kyiv,29,1992,1.8,0,3,0,0.0,1.70,0.00,0.00,,21.4,0,0,0,0.1,0.1,0.03,-0.1,-0.1,Matches
309,Vyacheslav Karavayev,ru RUS,DF,ru Zenit,26,1995,3.3,0,3,0,0.0,0.91,0.00,0.00,,17.3,0,0,0,0.2,0.2,0.06,-0.2,-0.2,Matches
310,Moise Kean,it ITA,FW,it Juventus,21,2000,1.9,1,9,4,44.4,4.71,2.09,0.11,0.25,11.9,0,0,0,2.4,2.4,0.26,-1.4,-1.4,Matches
311,Tomasz Kędziora,pl POL,DF,ua Dynamo Kyiv,27,1994,4.0,0,0,0,,0.00,0.00,,,,0,0,0,0.0,0.0,,0.0,0.0,Matches
312,Thilo Kehrer,de GER,DF,fr Paris S-G,24,1996,0.7,0,0,0,,0.00,0.00,,,,0,0,0,0.0,0.0,,0.0,0.0,Matches
313,Naby Keïta,gn GUI,MF,eng Liverpool,26,1995,5.4,1,14,2,14.3,2.58,0.37,0.07,0.50,20.3,0,0,0,1.2,1.2,0.08,-0.2,-0.2,Matches
314,Mikhail Kerzhakov,ru RUS,GK,ru Zenit,34,1987,2.0,0,0,0,,0.00,0.00,,,,0,0,0,0.0,0.0,,0.0,0.0,Matches
315,Franck Kessié,ci CIV,MF,it Milan,24,1996,3.6,0,4,1,25.0,1.12,0.28,0.00,0.00,15.6,0,0,0,0.6,0.6,0.14,-0.6,-0.6,Matches
316,Joshua Kimmich,de GER,MF,de Bayern Munich,26,1995,7.8,0,8,2,25.0,1.03,0.26,0.00,0.00,24.6,2,0,0,0.5,0.5,0.06,-0.5,-0.5,Matches
317,Presnel Kimpembe,fr FRA,DF,fr Paris S-G,25,1995,7.0,0,0,0,,0.00,0.00,,,,0,0,0,0.0,0.0,,0.0,0.0,Matches
318,Simon Kjær,dk DEN,DF,it Milan,32,1989,3.0,0,2,1,50.0,0.67,0.33,0.00,0.00,8.5,0,0,0,0.4,0.4,0.22,-0.4,-0.4,Matches
319,Maurits Kjærgaard,dk DEN,"FW,MF",at RB Salzburg,18,2003,0.5,1,1,1,100.0,2.14,2.14,1.00,1.00,15.6,0,0,0,0.1,0.1,0.12,+0.9,+0.9,Matches
320,Davy Klaassen,nl NED,MF,nl Ajax,28,1993,2.6,1,1,1,100.0,0.38,0.38,1.00,1.00,7.3,0,0,0,0.6,0.6,0.57,+0.4,+0.4,Matches
321,Lukas Klostermann,de GER,DF,de RB Leipzig,25,1996,3.9,0,0,0,,0.00,0.00,,,,0,0,0,0.0,0.0,,0.0,0.0,Matches
322,Ansgar Knauff,de GER,"FW,MF",de Dortmund,19,2002,0.3,0,1,0,0.0,3.91,0.00,0.00,,7.8,0,0,0,0.4,0.4,0.35,-0.4,-0.4,Matches
323,Gregor Kobel,ch SUI,GK,de Dortmund,23,1997,6.0,0,0,0,,0.00,0.00,,,,0,0,0,0.0,0.0,,0.0,0.0,Matches
324,Philipp Köhn,ch SUI,GK,at RB Salzburg,23,1998,8.0,0,0,0,,0.00,0.00,,,,0,0,0,0.0,0.0,,0.0,0.0,Matches
325,Koke,es ESP,MF,es Atlético Madrid,29,1992,7.3,0,4,0,0.0,0.55,0.00,0.00,,24.4,0,0,0,0.3,0.3,0.08,-0.3,-0.3,Matches
326,Aleksandar Kolarov,rs SRB,DF,it Inter,35,1985,0.1,0,0,0,,0.00,0.00,,,,0,0,0,0.0,0.0,,0.0,0.0,Matches
327,Dimitris Kolovos,gr GRE,"MF,FW",md Sheriff Tiraspol,28,1993,4.5,0,2,0,0.0,0.45,0.00,0.00,,14.4,0,0,0,0.1,0.1,0.06,-0.1,-0.1,Matches
328,Ibrahima Konaté,fr FRA,DF,eng Liverpool,22,1999,8.0,2,7,2,28.6,0.87,0.25,0.29,1.00,10.7,0,0,0,0.4,0.4,0.06,+1.6,+1.6,Matches
329,Geoffrey Kondogbia,cf CTA,"MF,DF",es Atlético Madrid,28,1993,6.4,0,6,1,16.7,0.93,0.16,0.00,0.00,25.0,0,0,0,0.2,0.2,0.04,-0.2,-0.2,Matches
330,Teun Koopmeiners,nl NED,MF,it Atalanta,23,1998,2.4,0,4,1,25.0,1.70,0.42,0.00,0.00,26.7,0,0,0,0.1,0.1,0.03,-0.1,-0.1,Matches
331,Viktor Korniienko,ua UKR,DF,ua Shakhtar,22,1999,0.9,0,1,0,0.0,1.08,0.00,0.00,,37.0,1,0,0,0.0,0.0,0.04,0.0,0.0,Matches
332,Jules Koundé,fr FRA,DF,es Sevilla,22,1998,5.0,0,5,2,40.0,1.00,0.40,0.00,0.00,13.1,0,0,0,0.3,0.3,0.05,-0.3,-0.3,Matches
333,Mateo Kovačić,hr CRO,MF,eng Chelsea,27,1994,4.7,0,4,0,0.0,0.85,0.00,0.00,,25.6,0,0,0,0.1,0.1,0.04,-0.1,-0.1,Matches
334,Kirill Kravtsov,ru RUS,MF,ru Zenit,19,2002,0.2,0,0,0,,0.00,0.00,,,,0,0,0,0.0,0.0,,0.0,0.0,Matches
335,Rasmus Kristensen,dk DEN,DF,at RB Salzburg,24,1997,8.0,0,9,2,22.2,1.13,0.25,0.00,0.00,14.2,0,0,0,0.4,0.4,0.05,-0.4,-0.4,Matches
336,Stanislav Kritsyuk,ru RUS,GK,ru Zenit,30,1990,4.0,0,0,0,,0.00,0.00,,,,0,0,0,0.0,0.0,,0.0,0.0,Matches
337,Toni Kroos,de GER,MF,es Real Madrid,31,1990,10.0,2,12,7,58.3,1.20,0.70,0.17,0.29,26.0,2,0,0,0.4,0.4,0.04,+1.6,+1.6,Matches
338,Danil Krugovoy,ru RUS,"DF,MF",ru Zenit,23,1998,0.8,0,1,0,0.0,1.23,0.00,0.00,,25.4,0,0,0,0.0,0.0,0.03,0.0,0.0,Matches
339,Rade Krunić,ba BIH,"FW,MF",it Milan,27,1993,2.8,0,2,0,0.0,0.72,0.00,0.00,,18.6,0,0,0,0.1,0.1,0.05,-0.1,-0.1,Matches
340,Serhiy Kryvtsov,ua UKR,DF,ua Shakhtar,30,1991,2.1,0,0,0,,0.00,0.00,,,,0,0,0,0.0,0.0,,0.0,0.0,Matches
341,Mohammed Kudus,gh GHA,MF,nl Ajax,20,2000,0.3,0,1,0,0.0,3.60,0.00,0.00,,4.9,0,0,0,0.1,0.1,0.13,-0.1,-0.1,Matches
342,Dejan Kulusevski,se SWE,"FW,MF",it Juventus,21,2000,0.9,1,1,1,100.0,1.06,1.06,1.00,1.00,9.8,0,0,0,0.3,0.3,0.29,+0.7,+0.7,Matches
343,Daniil Kuznetsov,ru RUS,MF,ru Zenit,18,2003,0.0,0,1,0,0.0,30.00,0.00,0.00,,11.0,0,0,0,0.1,0.1,0.06,-0.1,-0.1,Matches
344,Daler Kuzyaev,ru RUS,MF,ru Zenit,28,1993,2.8,1,3,1,33.3,1.06,0.35,0.33,1.00,17.9,0,0,0,0.2,0.2,0.05,+0.8,+0.8,Matches
345,Maxence Lacroix,fr FRA,DF,de Wolfsburg,21,2000,6.0,0,2,0,0.0,0.33,0.00,0.00,,5.9,0,0,0,0.3,0.3,0.14,-0.3,-0.3,Matches
346,Konrad Laimer,at AUT,MF,de RB Leipzig,24,1997,4.5,0,5,3,60.0,1.12,0.67,0.00,0.00,15.0,0,0,0,0.3,0.3,0.06,-0.3,-0.3,Matches
347,Érik Lamela,ar ARG,"FW,MF",es Sevilla,29,1992,1.4,0,3,2,66.7,2.20,1.46,0.00,0.00,13.9,0,0,0,0.2,0.2,0.06,-0.2,-0.2,Matches
348,Noa Lang,nl NED,"MF,FW",be Club Brugge,22,1999,5.9,0,10,5,50.0,1.71,0.85,0.00,0.00,16.7,0,0,0,1.1,1.1,0.11,-1.1,-1.1,Matches
349,Aymeric Laporte,es ESP,DF,eng Manchester City,27,1994,8.8,0,5,1,20.0,0.57,0.11,0.00,0.00,10.3,0,0,0,0.8,0.8,0.16,-0.8,-0.8,Matches
350,Cyle Larin,ca CAN,"FW,MF",tr Beşiktaş,26,1995,3.9,1,8,5,62.5,2.06,1.29,0.13,0.20,11.2,0,0,0,1.5,1.5,0.19,-0.5,-0.5,Matches
351,Eric Larsson,se SWE,DF,se Malmö,30,1991,3.1,0,1,0,0.0,0.33,0.00,0.00,,25.9,0,0,0,0.0,0.0,0.02,0.0,0.0,Matches
352,Sandro Lauper,ch SUI,DF,ch Young Boys,24,1996,5.1,0,3,3,100.0,0.58,0.58,0.00,0.00,26.7,0,0,0,0.1,0.1,0.03,-0.1,-0.1,Matches
353,Valentino Lazaro,at AUT,"DF,MF",pt Benfica,25,1996,1.3,0,0,0,,0.00,0.00,,,,0,0,0,0.0,0.0,,0.0,0.0,Matches
354,Rafael Leão,pt POR,FW,it Milan,22,1999,3.2,1,1,1,100.0,0.31,0.31,1.00,1.00,16.8,0,0,0,0.0,0.0,0.04,+1.0,+1.0,Matches
355,Jordan Lefort,fr FRA,DF,ch Young Boys,27,1993,1.9,0,1,0,0.0,0.54,0.00,0.00,,19.5,0,0,0,0.0,0.0,0.04,0.0,0.0,Matches
356,Thomas Lemar,fr FRA,MF,es Atlético Madrid,25,1995,4.2,0,4,3,75.0,0.96,0.72,0.00,0.00,18.5,0,0,0,0.7,0.7,0.18,-0.7,-0.7,Matches
357,Clément Lenglet,fr FRA,DF,es Barcelona,26,1995,3.8,0,4,1,25.0,1.05,0.26,0.00,0.00,10.4,0,0,0,0.4,0.4,0.10,-0.4,-0.4,Matches
358,Robert Lewandowski,pl POL,FW,de Bayern Munich,32,1988,9.7,13,27,15,55.6,2.78,1.54,0.37,0.67,15.7,1,3,4,10.2,7.1,0.26,+2.8,+2.9,Matches
359,Oscar Lewicki,se SWE,MF,se Malmö,29,1992,1.4,0,0,0,,0.00,0.00,,,,0,0,0,0.0,0.0,,0.0,0.0,Matches
360,Bohdan Liedniev,ua UKR,MF,ua Dynamo Kyiv,23,1998,0.1,0,0,0,,0.00,0.00,,,,0,0,0,0.0,0.0,,0.0,0.0,Matches
361,Matthijs de Ligt,nl NED,DF,it Juventus,21,1999,6.9,0,2,0,0.0,0.29,0.00,0.00,,10.0,0,0,0,0.2,0.2,0.08,-0.2,-0.2,Matches
362,Isaac Lihadji,fr FRA,"MF,FW",fr Lille,19,2002,0.3,0,0,0,,0.00,0.00,,,,0,0,0,0.0,0.0,,0.0,0.0,Matches
363,Victor Lindelöf,se SWE,DF,eng Manchester Utd,27,1994,4.7,0,0,0,,0.00,0.00,,,,0,0,0,0.0,0.0,,0.0,0.0,Matches
364,Jesse Lingard,eng ENG,"MF,FW",eng Manchester Utd,28,1992,1.3,0,2,2,100.0,1.53,1.53,0.00,0.00,18.2,0,0,0,0.2,0.2,0.08,-0.2,-0.2,Matches
365,Marcos Llorente,es ESP,"DF,MF",es Atlético Madrid,26,1995,7.8,0,2,1,50.0,0.26,0.13,0.00,0.00,18.0,0,0,0,0.1,0.1,0.06,-0.1,-0.1,Matches
366,Giovani Lo Celso,ar ARG,"MF,FW",es Villarreal,25,1996,5.8,0,5,0,0.0,0.86,0.00,0.00,,20.8,0,0,0,0.4,0.4,0.08,-0.4,-0.4,Matches
367,Manuel Locatelli,it ITA,MF,it Juventus,23,1998,5.9,0,8,0,0.0,1.35,0.00,0.00,,24.5,0,0,0,0.3,0.3,0.04,-0.3,-0.3,Matches
368,Renan Lodi,br BRA,"DF,FW",es Atlético Madrid,23,1998,5.4,1,4,2,50.0,0.75,0.37,0.25,0.50,15.3,0,0,0,0.3,0.3,0.08,+0.7,+0.7,Matches
369,Ruben Loftus-Cheek,eng ENG,"MF,DF",eng Chelsea,25,1996,4.0,0,5,1,20.0,1.24,0.25,0.00,0.00,16.1,0,0,0,0.4,0.4,0.07,-0.4,-0.4,Matches
370,Matteo Lovato,it ITA,DF,it Atalanta,21,2000,0.5,0,0,0,,0.00,0.00,,,,0,0,0,0.0,0.0,,0.0,0.0,Matches
371,Dejan Lovren,hr CRO,DF,ru Zenit,32,1989,3.5,0,1,0,0.0,0.29,0.00,0.00,,11.7,0,0,0,0.0,0.0,0.04,0.0,0.0,Matches
372,José Luis Palomino,ar ARG,DF,it Atalanta,31,1990,5.0,1,3,1,33.3,0.60,0.20,0.33,1.00,12.8,0,0,0,0.4,0.4,0.12,+0.6,+0.6,Matches
373,Romelu Lukaku,be BEL,FW,eng Chelsea,28,1993,3.6,2,12,3,25.0,3.38,0.84,0.17,0.67,11.2,0,0,0,2.0,2.0,0.17,0.0,0.0,Matches
374,Dodi Lukebakio,be BEL,"FW,MF",de Wolfsburg,23,1997,3.3,0,2,0,0.0,0.60,0.00,0.00,,23.1,0,0,0,0.1,0.1,0.05,-0.1,-0.1,Matches
375,Fabian Lustenberger,ch SUI,DF,ch Young Boys,33,1988,1.0,0,1,0,0.0,1.00,0.00,0.00,,12.8,0,0,0,0.1,0.1,0.06,-0.1,-0.1,Matches
376,Quentin Maceiras,ch SUI,"DF,MF",ch Young Boys,25,1995,1.3,0,1,0,0.0,0.78,0.00,0.00,,13.1,0,0,0,0.4,0.4,0.40,-0.4,-0.4,Matches
377,Harry Maguire,eng ENG,DF,eng Manchester Utd,28,1993,5.9,1,4,2,50.0,0.68,0.34,0.25,0.50,11.0,0,0,0,0.4,0.4,0.10,+0.6,+0.6,Matches
378,Riyad Mahrez,dz ALG,FW,eng Manchester City,30,1991,10.9,7,35,16,45.7,3.20,1.46,0.14,0.31,16.4,5,2,2,6.8,5.2,0.15,+0.2,-0.2,Matches
379,Nico Maier,ch SUI,FW,ch Young Boys,21,2000,0.0,0,1,0,0.0,22.50,0.00,0.00,,22.5,0,0,0,0.0,0.0,0.04,0.0,0.0,Matches
380,Mike Maignan,fr FRA,GK,it Milan,26,1995,3.0,0,0,0,,0.00,0.00,,,,0,0,0,0.0,0.0,,0.0,0.0,Matches
381,Malcom,br BRA,"MF,FW",ru Zenit,24,1997,4.8,0,11,3,27.3,2.29,0.62,0.00,0.00,18.5,0,0,0,1.1,1.1,0.10,-1.1,-1.1,Matches
382,Daniel Maldini,it ITA,"FW,MF",it Milan,19,2001,0.3,0,0,0,,0.00,0.00,,,,0,0,0,0.0,0.0,,0.0,0.0,Matches
383,Donyell Malen,nl NED,FW,de Dortmund,22,1999,4.3,3,11,5,45.5,2.54,1.15,0.27,0.60,17.8,0,0,0,1.6,1.6,0.14,+1.4,+1.4,Matches
384,Ruslan Malinovskyi,ua UKR,"MF,FW",it Atalanta,28,1993,3.3,1,11,4,36.4,3.29,1.20,0.09,0.25,24.5,2,0,0,0.4,0.4,0.04,+0.6,+0.6,Matches
385,Felix Mambimbi,ch SUI,"FW,MF",ch Young Boys,20,2001,0.7,0,1,0,0.0,1.43,0.00,0.00,,10.3,0,0,0,0.1,0.1,0.06,-0.1,-0.1,Matches
386,Reinildo Mandava,mz MOZ,DF,fr Lille,27,1994,5.1,0,0,0,,0.00,0.00,,,,0,0,0,0.0,0.0,,0.0,0.0,Matches
387,Reinildo Mandava,mz MOZ,DF,es Atlético Madrid,27,1994,4.0,0,0,0,,0.00,0.00,,,,0,0,0,0.0,0.0,,0.0,0.0,Matches
388,Aïssa Mandi,dz ALG,DF,es Villarreal,29,1991,0.3,0,0,0,,0.00,0.00,,,,0,0,0,0.0,0.0,,0.0,0.0,Matches
389,Sadio Mané,sn SEN,FW,eng Liverpool,29,1992,9.1,5,21,8,38.1,2.31,0.88,0.24,0.63,12.2,0,0,0,4.5,4.5,0.21,+0.5,+0.5,Matches
390,Faitout Maouassa,fr FRA,MF,be Club Brugge,23,1998,0.0,0,0,0,,0.00,0.00,,,,0,0,0,0.0,0.0,,0.0,0.0,Matches
391,Iván Marcano,es ESP,DF,pt Porto,34,1987,1.4,0,0,0,,0.00,0.00,,,,0,0,0,0.0,0.0,,0.0,0.0,Matches
392,Marcelo,br BRA,DF,es Real Madrid,33,1988,1.1,0,2,0,0.0,1.87,0.00,0.00,,22.5,0,0,0,0.1,0.1,0.04,-0.1,-0.1,Matches
393,José María Giménez,uy URU,DF,es Atlético Madrid,26,1995,6.5,0,5,0,0.0,0.77,0.00,0.00,,13.3,0,0,0,0.4,0.4,0.08,-0.4,-0.4,Matches
394,Mariano,do DOM,FW,es Real Madrid,27,1993,0.1,0,0,0,,0.00,0.00,,,,0,0,0,0.0,0.0,,0.0,0.0,Matches
395,João Mário,pt POR,MF,pt Benfica,28,1993,5.4,0,1,1,100.0,0.18,0.18,0.00,0.00,8.6,0,0,0,0.5,0.5,0.49,-0.5,-0.5,Matches
396,João Mário Lopes,pt POR,DF,pt Porto,21,2000,3.9,0,0,0,,0.00,0.00,,,,0,0,0,0.0,0.0,,0.0,0.0,Matches
397,Marlon,br BRA,DF,ua Shakhtar,25,1995,5.0,0,3,0,0.0,0.60,0.00,0.00,,12.6,0,0,0,0.2,0.2,0.05,-0.2,-0.2,Matches
398,Marlos,ua UKR,"FW,MF",ua Shakhtar,33,1988,2.3,0,3,2,66.7,1.29,0.86,0.00,0.00,13.0,0,0,0,0.6,0.6,0.20,-0.6,-0.6,Matches
399,Marquinhos,br BRA,DF,fr Paris S-G,27,1994,8.0,0,0,0,,0.00,0.00,,,,0,0,0,0.0,0.0,,0.0,0.0,Matches
400,Anthony Martial,fr FRA,FW,eng Manchester Utd,25,1995,0.7,0,0,0,,0.00,0.00,,,,0,0,0,0.0,0.0,,0.0,0.0,Matches
401,Josep Martinez,es ESP,GK,de RB Leipzig,23,1998,1.0,0,0,0,,0.00,0.00,,,,0,0,0,0.0,0.0,,0.0,0.0,Matches
402,Lautaro Martínez,ar ARG,FW,it Inter,23,1997,6.4,1,28,7,25.0,4.34,1.09,0.04,0.14,15.6,0,0,0,2.4,2.4,0.09,-1.4,-1.4,Matches
403,Lisandro Martínez,ar ARG,DF,nl Ajax,23,1998,8.0,0,7,2,28.6,0.87,0.25,0.00,0.00,16.4,0,0,0,0.4,0.4,0.06,-0.4,-0.4,Matches
404,Toni Martínez,es ESP,FW,pt Porto,24,1997,1.6,0,1,0,0.0,0.62,0.00,0.00,,24.0,0,0,0,0.0,0.0,0.04,0.0,0.0,Matches
405,Christopher Martins,lu LUX,MF,ch Young Boys,24,1997,4.6,0,5,1,20.0,1.08,0.22,0.00,0.00,26.5,0,0,0,0.2,0.2,0.04,-0.2,-0.2,Matches
406,Clinton Mata,ao ANG,DF,be Club Brugge,28,1992,5.9,0,2,1,50.0,0.34,0.17,0.00,0.00,16.6,0,0,0,0.1,0.1,0.05,-0.1,-0.1,Matches
407,Juan Mata,es ESP,MF,eng Manchester Utd,33,1988,1.1,0,2,1,50.0,1.87,0.94,0.00,0.00,19.0,1,0,0,0.5,0.5,0.24,-0.5,-0.5,Matches
408,Nemanja Matić,rs SRB,"MF,DF",eng Manchester Utd,32,1988,2.2,0,1,0,0.0,0.45,0.00,0.00,,28.0,0,0,0,0.0,0.0,0.03,0.0,0.0,Matches
409,Joël Matip,cm CMR,DF,eng Liverpool,29,1991,7.0,0,5,2,40.0,0.71,0.29,0.00,0.00,11.0,0,0,0,0.7,0.7,0.13,-0.7,-0.7,Matches
410,Mykola Matviyenko,ua UKR,DF,ua Shakhtar,25,1996,4.0,0,2,0,0.0,0.50,0.00,0.00,,17.5,0,0,0,0.1,0.1,0.05,-0.1,-0.1,Matches
411,Eric Maxim Choupo-Moting,cm CMR,FW,de Bayern Munich,32,1989,0.6,1,3,1,33.3,5.19,1.73,0.33,1.00,12.8,0,0,0,0.5,0.5,0.17,+0.5,+0.5,Matches
412,Maycon,br BRA,MF,ua Shakhtar,24,1997,5.3,0,5,0,0.0,0.95,0.00,0.00,,25.6,0,0,0,0.2,0.2,0.03,-0.2,-0.2,Matches
413,Noussair Mazraoui,ma MAR,DF,nl Ajax,23,1997,7.3,0,9,3,33.3,1.23,0.41,0.00,0.00,19.0,0,0,0,0.6,0.6,0.06,-0.6,-0.6,Matches
414,Kevin Mbabu,ch SUI,DF,de Wolfsburg,26,1995,3.6,0,1,0,0.0,0.27,0.00,0.00,,13.7,0,0,0,0.0,0.0,0.05,0.0,0.0,Matches
415,Noah Mbamba,be BEL,MF,be Club Brugge,16,2005,0.6,0,0,0,,0.00,0.00,,,,0,0,0,0.0,0.0,,0.0,0.0,Matches
416,Kylian Mbappé,fr FRA,FW,fr Paris S-G,22,1998,7.5,6,26,15,57.7,3.49,2.01,0.23,0.40,14.2,0,0,1,5.0,4.2,0.16,+1.0,+1.8,Matches
417,Chancel Mbemba,cd COD,DF,pt Porto,26,1994,5.0,0,2,0,0.0,0.40,0.00,0.00,,6.1,0,0,0,0.4,0.4,0.22,-0.4,-0.4,Matches
418,Luke Mbete-Tatu,eng ENG,DF,eng Manchester City,17,2003,0.1,0,0,0,,0.00,0.00,,,,0,0,0,0.0,0.0,,0.0,0.0,Matches
419,James Mcatee,eng ENG,MF,eng Manchester City,18,2002,0.5,0,0,0,,0.00,0.00,,,,0,0,0,0.0,0.0,,0.0,0.0,Matches
420,Weston McKennie,us USA,MF,it Juventus,22,1998,4.3,0,7,3,42.9,1.62,0.69,0.00,0.00,13.2,0,0,0,0.9,0.9,0.13,-0.9,-0.9,Matches
421,Scott McTominay,sct SCO,MF,eng Manchester Utd,24,1996,4.4,0,4,1,25.0,0.91,0.23,0.00,0.00,12.8,0,0,0,0.8,0.8,0.20,-0.8,-0.8,Matches
422,Brandon Mechele,be BEL,DF,be Club Brugge,28,1993,1.5,0,0,0,,0.00,0.00,,,,0,0,0,0.0,0.0,,0.0,0.0,Matches
423,Soualiho Meïté,fr FRA,MF,pt Benfica,27,1994,1.7,0,0,0,,0.00,0.00,,,,0,0,0,0.0,0.0,,0.0,0.0,Matches
424,Arthur Melo,br BRA,MF,it Juventus,24,1996,3.0,0,2,0,0.0,0.67,0.00,0.00,,24.2,0,0,0,0.1,0.1,0.05,-0.1,-0.1,Matches
425,Memphis,nl NED,FW,es Barcelona,27,1994,5.8,0,6,0,0.0,1.03,0.00,0.00,,21.0,0,0,0,0.5,0.5,0.08,-0.5,-0.5,Matches
426,Nuno Mendes,pt POR,DF,fr Paris S-G,19,2002,6.4,0,2,2,100.0,0.31,0.31,0.00,0.00,25.2,0,0,0,0.1,0.1,0.03,-0.1,-0.1,Matches
427,Edouard Mendy,sn SEN,GK,eng Chelsea,29,1992,9.3,0,0,0,,0.00,0.00,,,,0,0,0,0.0,0.0,,0.0,0.0,Matches
428,Ferland Mendy,fr FRA,DF,es Real Madrid,26,1995,9.6,0,2,0,0.0,0.21,0.00,0.00,,33.8,0,0,0,0.0,0.0,0.02,0.0,0.0,Matches
429,Teden Mengi,eng ENG,DF,eng Manchester Utd,19,2002,0.3,0,0,0,,0.00,0.00,,,,0,0,0,0.0,0.0,,0.0,0.0,Matches
430,Umut Meraş,tr TUR,DF,tr Beşiktaş,25,1995,2.8,0,0,0,,0.00,0.00,,,,0,0,0,0.0,0.0,,0.0,0.0,Matches
431,Lionel Messi,ar ARG,FW,fr Paris S-G,34,1987,7.0,5,23,7,30.4,3.29,1.00,0.13,0.43,20.5,2,2,3,4.8,2.5,0.13,+0.2,+0.5,Matches
432,Junior Messias,br BRA,"FW,MF",it Milan,30,1991,1.3,1,1,1,100.0,0.78,0.78,1.00,1.00,8.4,0,0,0,0.3,0.3,0.33,+0.7,+0.7,Matches
433,Thomas Meunier,be BEL,DF,de Dortmund,29,1991,5.4,0,1,1,100.0,0.19,0.19,0.00,0.00,14.5,0,0,0,0.1,0.1,0.08,-0.1,-0.1,Matches
434,Simon Mignolet,be BEL,GK,be Club Brugge,33,1988,6.0,0,0,0,,0.00,0.00,,,,0,0,0,0.0,0.0,,0.0,0.0,Matches
435,Éder Militão,br BRA,DF,es Real Madrid,23,1998,11.9,0,9,4,44.4,0.75,0.34,0.00,0.00,13.8,0,0,0,0.7,0.7,0.08,-0.7,-0.7,Matches
436,James Milner,eng ENG,"MF,DF",eng Liverpool,35,1986,2.4,0,2,1,50.0,0.85,0.42,0.00,0.00,26.4,0,0,0,0.1,0.1,0.03,-0.1,-0.1,Matches
437,Takumi Minamino,jp JPN,"FW,MF",eng Liverpool,26,1995,2.4,0,3,0,0.0,1.24,0.00,0.00,,22.9,0,0,0,0.1,0.1,0.03,-0.1,-0.1,Matches
438,Óscar Mingueza,es ESP,DF,es Barcelona,22,1999,2.5,0,0,0,,0.00,0.00,,,,0,0,0,0.0,0.0,,0.0,0.0,Matches
439,Rafa Mir,es ESP,"FW,DF",es Sevilla,24,1997,3.0,1,10,4,40.0,3.31,1.32,0.10,0.25,17.7,0,0,0,1.0,1.0,0.10,0.0,0.0,Matches
440,Aleksei Miranchuk,ru RUS,FW,it Atalanta,25,1995,0.4,0,1,0,0.0,2.57,0.00,0.00,,17.8,0,0,0,0.0,0.0,0.04,0.0,0.0,Matches
441,Fabio Miretti,it ITA,MF,it Juventus,17,2003,0.0,0,0,0,,0.00,0.00,,,,0,0,0,0.0,0.0,,0.0,0.0,Matches
442,Luka Modrić,hr CRO,MF,es Real Madrid,35,1985,11.9,0,14,5,35.7,1.17,0.42,0.00,0.00,22.1,0,0,0,1.4,1.4,0.10,-1.4,-1.4,Matches
443,Niklas Moisander,fi FIN,DF,se Malmö,35,1985,2.1,0,0,0,,0.00,0.00,,,,0,0,0,0.0,0.0,,0.0,0.0,Matches
444,Javi Montero,es ESP,DF,tr Beşiktaş,22,1999,3.4,1,1,1,100.0,0.30,0.30,1.00,1.00,10.7,0,0,0,0.3,0.3,0.28,+0.7,+0.7,Matches
445,Gonzalo Montiel,ar ARG,DF,es Sevilla,24,1997,2.1,0,1,1,100.0,0.48,0.48,0.00,0.00,14.4,0,0,0,0.1,0.1,0.06,-0.1,-0.1,Matches
446,Wesley Moraes,br BRA,FW,be Club Brugge,24,1996,0.3,0,0,0,,0.00,0.00,,,,0,0,0,0.0,0.0,,0.0,0.0,Matches
447,Álvaro Morata,es ESP,FW,it Juventus,28,1992,5.7,2,18,7,38.9,3.13,1.22,0.11,0.29,15.4,0,0,0,3.2,3.2,0.18,-1.2,-1.2,Matches
448,Morato,br BRA,DF,pt Benfica,20,2001,2.0,1,1,1,100.0,0.50,0.50,1.00,1.00,9.2,0,0,0,0.1,0.1,0.08,+0.9,+0.9,Matches
449,Alberto Moreno,es ESP,"MF,DF",es Villarreal,29,1992,3.5,1,3,2,66.7,0.87,0.58,0.33,0.50,10.4,0,0,0,0.6,0.6,0.19,+0.4,+0.4,Matches
450,Gerard Moreno,es ESP,FW,es Villarreal,29,1992,5.8,2,20,5,25.0,3.44,0.86,0.05,0.20,18.0,0,1,1,3.2,2.5,0.12,-1.2,-1.5,Matches
451,Ilaix Moriba,gn GUI,MF,de RB Leipzig,18,2003,0.7,0,2,0,0.0,2.86,0.00,0.00,,13.6,0,0,0,0.2,0.2,0.12,-0.2,-0.2,Matches
452,Tyler Morton,eng ENG,MF,eng Liverpool,18,2002,2.0,0,0,0,,0.00,0.00,,,,0,0,0,0.0,0.0,,0.0,0.0,Matches
453,Andrei Mostovoy,ru RUS,"MF,FW",ru Zenit,23,1997,1.7,0,2,1,50.0,1.18,0.59,0.00,0.00,13.2,0,0,0,0.1,0.1,0.06,-0.1,-0.1,Matches
454,Youssoufa Moukoko,de GER,FW,de Dortmund,16,2004,0.2,0,2,0,0.0,8.57,0.00,0.00,,10.8,0,0,0,0.2,0.2,0.09,-0.2,-0.2,Matches
455,Mason Mount,eng ENG,MF,eng Chelsea,22,1999,6.0,1,11,3,27.3,1.84,0.50,0.09,0.33,18.2,2,0,0,1.4,1.4,0.12,-0.4,-0.4,Matches
456,Mykhailo Mudryk,ua UKR,"MF,FW",ua Shakhtar,20,2001,2.0,0,4,4,100.0,1.98,1.98,0.00,0.00,16.1,0,0,0,1.0,1.0,0.24,-1.0,-1.0,Matches
457,Nordi Mukiele,fr FRA,DF,de RB Leipzig,23,1997,5.4,1,5,2,40.0,0.93,0.37,0.20,0.50,22.3,0,0,0,0.6,0.6,0.12,+0.4,+0.4,Matches
458,Thomas Müller,de GER,MF,de Bayern Munich,31,1989,8.6,4,14,8,57.1,1.62,0.93,0.29,0.50,14.3,0,0,0,1.9,1.9,0.14,+2.1,+2.1,Matches
459,Luis Muriel,co COL,"FW,MF",it Atalanta,30,1991,1.5,1,8,4,50.0,5.45,2.73,0.13,0.25,21.1,1,0,0,0.6,0.6,0.07,+0.4,+0.4,Matches
460,Jamal Musiala,de GER,"MF,FW",de Bayern Munich,18,2003,5.0,1,9,3,33.3,1.80,0.60,0.11,0.33,15.7,0,0,0,1.1,1.1,0.12,-0.1,-0.1,Matches
461,Juan Musso,ar ARG,GK,it Atalanta,27,1994,6.0,0,0,0,,0.00,0.00,,,,0,0,0,0.0,0.0,,0.0,0.0,Matches
462,Vitaliy Mykolenko,ua UKR,DF,ua Dynamo Kyiv,22,1999,5.0,0,3,1,33.3,0.60,0.20,0.00,0.00,22.3,0,0,0,0.1,0.1,0.03,-0.1,-0.1,Matches
463,Joakim Mæhle,dk DEN,DF,it Atalanta,24,1997,4.8,0,3,0,0.0,0.62,0.00,0.00,,25.6,0,0,0,0.1,0.1,0.03,-0.1,-0.1,Matches
464,Georges-Kévin N'Koudou,cm CMR,FW,tr Beşiktaş,26,1995,1.0,0,1,0,0.0,1.00,0.00,0.00,,25.1,0,0,0,0.0,0.0,0.03,0.0,0.0,Matches
465,Fabrice N'Sakala,cd COD,DF,tr Beşiktaş,31,1990,3.0,0,0,0,,0.00,0.00,,,,0,0,0,0.0,0.0,,0.0,0.0,Matches
466,Stanley N'Soki,fr FRA,DF,be Club Brugge,22,1999,5.4,0,0,0,,0.00,0.00,,,,0,0,0,0.0,0.0,,0.0,0.0,Matches
467,Nacho,es ESP,DF,es Real Madrid,31,1990,6.4,0,1,0,0.0,0.16,0.00,0.00,,4.9,0,0,0,0.4,0.4,0.43,-0.4,-0.4,Matches
468,Adi Nalic,ba BIH,"MF,FW",se Malmö,23,1997,1.0,0,0,0,,0.00,0.00,,,,0,0,0,0.0,0.0,,0.0,0.0,Matches
469,Sebastian Nanasi,se SWE,"FW,MF",se Malmö,19,2002,1.0,0,1,0,0.0,1.01,0.00,0.00,,11.7,0,0,0,0.1,0.1,0.13,-0.1,-0.1,Matches
470,Jesús Navas,es ESP,DF,es Sevilla,35,1985,3.7,0,1,0,0.0,0.27,0.00,0.00,,10.9,0,0,0,0.1,0.1,0.05,-0.1,-0.1,Matches
471,Keylor Navas,cr CRC,GK,fr Paris S-G,34,1986,3.0,0,0,0,,0.00,0.00,,,,0,0,0,0.0,0.0,,0.0,0.0,Matches
472,Flávio Nazinho,pt POR,DF,pt Sporting CP,18,2003,0.2,0,1,0,0.0,4.29,0.00,0.00,,10.4,0,0,0,0.1,0.1,0.07,-0.1,-0.1,Matches
473,David Neres,br BRA,FW,nl Ajax,24,1997,2.3,1,6,2,33.3,2.63,0.88,0.17,0.50,15.7,0,0,0,0.6,0.6,0.10,+0.4,+0.4,Matches
474,Luís Neto,pt POR,DF,pt Sporting CP,33,1988,4.1,0,0,0,,0.00,0.00,,,,0,0,0,0.0,0.0,,0.0,0.0,Matches
475,Manuel Neuer,de GER,GK,de Bayern Munich,35,1986,9.0,0,0,0,,0.00,0.00,,,,0,0,0,0.0,0.0,,0.0,0.0,Matches
476,Neymar,br BRA,FW,fr Paris S-G,29,1992,5.2,0,8,1,12.5,1.54,0.19,0.00,0.00,17.1,0,0,0,0.9,0.9,0.11,-0.9,-0.9,Matches
477,Moumi Ngamaleu,cm CMR,"FW,MF",ch Young Boys,27,1994,5.9,1,10,2,20.0,1.69,0.34,0.10,0.50,18.2,0,0,0,0.8,0.8,0.08,+0.2,+0.2,Matches
478,Tanguy Nianzou,fr FRA,DF,de Bayern Munich,19,2002,2.4,0,0,0,,0.00,0.00,,,,0,0,0,0.0,0.0,,0.0,0.0,Matches
479,Lasse Nielsen,dk DEN,DF,se Malmö,33,1988,5.0,0,2,0,0.0,0.40,0.00,0.00,,14.9,0,0,0,0.1,0.1,0.04,-0.1,-0.1,Matches
480,Saúl Ñíguez,es ESP,"MF,DF",eng Chelsea,26,1994,1.8,0,5,2,40.0,2.80,1.12,0.00,0.00,10.8,0,0,0,0.3,0.3,0.06,-0.3,-0.3,Matches
481,Boban Nikolov,mk MKD,MF,md Sheriff Tiraspol,27,1994,1.1,1,3,1,33.3,2.73,0.91,0.33,1.00,15.1,0,0,0,0.6,0.6,0.22,+0.4,+0.4,Matches
482,Christopher Nkunku,fr FRA,"FW,MF",de RB Leipzig,23,1997,5.9,7,17,11,64.7,2.89,1.87,0.41,0.64,14.4,2,0,0,3.6,3.6,0.21,+3.4,+3.4,Matches
483,Felix Nmecha,de GER,MF,de Wolfsburg,20,2000,0.4,0,0,0,,0.00,0.00,,,,0,0,0,0.0,0.0,,0.0,0.0,Matches
484,Lukas Nmecha,de GER,"FW,MF",de Wolfsburg,22,1998,3.6,2,9,4,44.4,2.50,1.11,0.22,0.50,15.1,0,0,0,1.4,1.4,0.16,+0.6,+0.6,Matches
485,Hugo Novoa,es ESP,FW,de RB Leipzig,18,2003,0.3,0,1,1,100.0,3.60,3.60,0.00,0.00,9.5,0,0,0,0.5,0.5,0.45,-0.5,-0.5,Matches
486,Matheus Nunes,pt POR,MF,pt Sporting CP,22,1998,5.6,0,1,1,100.0,0.18,0.18,0.00,0.00,14.7,0,0,0,0.0,0.0,0.04,0.0,0.0,Matches
487,Darwin Núñez,uy URU,FW,pt Benfica,22,1999,6.8,6,16,7,43.8,2.35,1.03,0.31,0.71,18.1,0,1,1,3.1,2.3,0.15,+2.9,+2.7,Matches
488,Jan Oblak,si SVN,GK,es Atlético Madrid,28,1993,10.0,0,0,0,,0.00,0.00,,,,0,0,0,0.0,0.0,,0.0,0.0,Matches
489,Lucas Ocampos,ar ARG,FW,es Sevilla,27,1994,5.1,1,12,3,25.0,2.34,0.59,0.08,0.33,16.1,0,0,0,1.5,1.5,0.13,-0.5,-0.5,Matches
490,Noah Okafor,ch SUI,FW,at RB Salzburg,21,2000,3.8,3,7,5,71.4,1.85,1.32,0.43,0.60,11.1,0,0,0,2.5,2.5,0.35,+0.5,+0.5,Matches
491,Sérgio Oliveira,pt POR,MF,pt Porto,29,1992,3.3,1,1,0,0.0,0.30,0.00,0.00,,43.3,0,1,1,0.8,0.0,0.03,+0.2,0.0,Matches
492,Dani Olmo,es ESP,MF,de RB Leipzig,23,1998,1.0,0,2,0,0.0,2.05,0.00,0.00,,28.5,0,0,0,0.0,0.0,0.01,0.0,0.0,Matches
493,Martin Olsson,se SWE,DF,se Malmö,33,1988,3.2,0,1,1,100.0,0.31,0.31,0.00,0.00,16.9,0,0,0,0.0,0.0,0.04,0.0,0.0,Matches
494,Amadou Onana,be BEL,"MF,DF",fr Lille,19,2001,2.9,0,2,0,0.0,0.69,0.00,0.00,,19.6,0,0,0,0.1,0.1,0.06,-0.1,-0.1,Matches
495,André Onana,cm CMR,GK,nl Ajax,25,1996,2.0,0,0,0,,0.00,0.00,,,,0,0,0,0.0,0.0,,0.0,0.0,Matches
496,Jérôme Onguéné,cm CMR,DF,at RB Salzburg,23,1997,4.8,0,0,0,,0.00,0.00,,,,0,0,0,0.0,0.0,,0.0,0.0,Matches
497,Willi Orban,hu HUN,DF,de RB Leipzig,28,1992,3.5,0,0,0,,0.00,0.00,,,,0,0,0,0.0,0.0,,0.0,0.0,Matches
498,Divock Origi,be BEL,FW,eng Liverpool,26,1995,2.1,1,13,2,15.4,6.26,0.96,0.08,0.50,18.2,0,0,0,0.8,0.7,0.06,+0.2,+0.3,Matches
499,Nicolás Otamendi,ar ARG,DF,pt Benfica,33,1988,9.0,0,5,1,20.0,0.56,0.11,0.00,0.00,13.4,0,0,0,0.4,0.4,0.08,-0.4,-0.4,Matches
500,Otávio,pt POR,MF,pt Porto,26,1995,5.0,0,6,0,0.0,1.21,0.00,0.00,,16.6,0,0,0,0.9,0.9,0.15,-0.9,-0.9,Matches
501,Paulo Otávio,br BRA,"DF,MF",de Wolfsburg,26,1994,1.9,0,0,0,,0.00,0.00,,,,0,0,0,0.0,0.0,,0.0,0.0,Matches
502,Alex Oxlade-Chamberlain,eng ENG,MF,eng Liverpool,27,1993,3.3,0,10,3,30.0,2.99,0.90,0.00,0.00,23.0,1,0,0,1.0,1.0,0.10,-1.0,-1.0,Matches
503,Magomed Ozdoyev,ru RUS,MF,ru Zenit,28,1992,0.1,1,1,1,100.0,7.50,7.50,1.00,1.00,20.3,0,0,0,0.0,0.0,0.05,+1.0,+1.0,Matches
504,Oğuzhan Özyakup,tr TUR,MF,tr Beşiktaş,28,1992,0.6,0,0,0,,0.00,0.00,,,,0,0,0,0.0,0.0,,0.0,0.0,Matches
505,João Palhinha,pt POR,MF,pt Sporting CP,26,1995,5.9,0,4,1,25.0,0.68,0.17,0.00,0.00,25.5,0,0,0,0.4,0.4,0.09,-0.4,-0.4,Matches
506,Cole Palmer,eng ENG,"MF,FW",eng Manchester City,19,2002,0.5,1,2,2,100.0,4.29,4.29,0.50,0.50,17.2,0,0,0,0.2,0.2,0.09,+0.8,+0.8,Matches
507,Leandro Paredes,ar ARG,MF,fr Paris S-G,27,1994,3.5,0,1,0,0.0,0.29,0.00,0.00,,32.5,0,0,0,0.0,0.0,0.02,0.0,0.0,Matches
508,Daniel Parejo,es ESP,MF,es Villarreal,32,1989,11.7,1,6,1,16.7,0.51,0.09,0.17,1.00,22.9,2,0,0,0.7,0.7,0.12,+0.3,+0.3,Matches
509,Mario Pašalić,hr CRO,MF,it Atalanta,26,1995,2.4,1,3,1,33.3,1.23,0.41,0.33,1.00,14.2,0,0,0,0.9,0.9,0.29,+0.1,+0.1,Matches
510,Felix Passlack,de GER,DF,de Dortmund,23,1998,0.7,0,1,0,0.0,1.45,0.00,0.00,,14.4,0,0,0,0.1,0.1,0.06,-0.1,-0.1,Matches
511,Remko Pasveer,nl NED,GK,nl Ajax,37,1983,6.0,0,0,0,,0.00,0.00,,,,0,0,0,0.0,0.0,,0.0,0.0,Matches
512,Alan Patrick,br BRA,MF,ua Shakhtar,30,1991,3.0,0,6,1,16.7,2.03,0.34,0.00,0.00,22.8,0,0,0,0.3,0.3,0.04,-0.3,-0.3,Matches
513,Paulinho,pt POR,"FW,MF",pt Sporting CP,28,1992,6.4,3,16,8,50.0,2.49,1.25,0.19,0.38,15.4,0,0,0,3.5,3.5,0.22,-0.5,-0.5,Matches
514,Benjamin Pavard,fr FRA,DF,de Bayern Munich,25,1996,8.5,0,9,1,11.1,1.06,0.12,0.00,0.00,20.2,0,0,0,0.4,0.4,0.04,-0.4,-0.4,Matches
515,Alfonso Pedraza,es ESP,"DF,MF",es Villarreal,25,1996,4.8,0,6,1,16.7,1.24,0.21,0.00,0.00,11.9,0,0,0,0.7,0.7,0.12,-0.7,-0.7,Matches
516,Pedri,es ESP,MF,es Barcelona,18,2002,1.7,0,1,0,0.0,0.57,0.00,0.00,,30.7,0,0,0,0.0,0.0,0.03,0.0,0.0,Matches
517,Pedrinho,br BRA,"MF,FW",ua Shakhtar,23,1998,3.8,0,10,2,20.0,2.63,0.53,0.00,0.00,25.0,0,0,0,1.1,1.1,0.11,-1.1,-1.1,Matches
518,Jordan Pefok,us USA,FW,ch Young Boys,25,1996,3.8,2,10,3,30.0,2.65,0.80,0.20,0.67,13.4,0,0,0,1.2,1.2,0.12,+0.8,+0.8,Matches
519,Luca Pellegrini,it ITA,DF,it Juventus,22,1999,0.0,0,0,0,,0.00,0.00,,,,0,0,0,0.0,0.0,,0.0,0.0,Matches
520,Carlos de Pena,uy URU,"FW,MF",ua Dynamo Kyiv,29,1992,4.1,0,4,2,50.0,0.97,0.48,0.00,0.00,20.7,0,0,0,0.2,0.2,0.05,-0.2,-0.2,Matches
521,Rubén Peña,es ESP,DF,es Villarreal,30,1991,0.2,0,0,0,,0.00,0.00,,,,0,0,0,0.0,0.0,,0.0,0.0,Matches
522,Sergio Peña,pe PER,MF,se Malmö,25,1995,3.1,0,4,2,50.0,1.29,0.64,0.00,0.00,31.9,0,0,0,0.1,0.1,0.03,-0.1,-0.1,Matches
523,Pepê,br BRA,"FW,MF",pt Porto,24,1997,0.4,0,0,0,,0.00,0.00,,,,0,0,0,0.0,0.0,,0.0,0.0,Matches
524,Pepe,pt POR,DF,pt Porto,38,1983,3.9,0,2,1,50.0,0.52,0.26,0.00,0.00,13.8,0,0,0,0.1,0.1,0.05,-0.1,-0.1,Matches
525,Danilo Pereira,pt POR,"MF,DF",fr Paris S-G,29,1991,4.0,0,2,0,0.0,0.50,0.00,0.00,,11.1,0,0,0,0.2,0.2,0.08,-0.2,-0.2,Matches
526,Mattia Perin,it ITA,GK,it Juventus,28,1992,1.0,0,0,0,,0.00,0.00,,,,0,0,0,0.0,0.0,,0.0,0.0,Matches
527,Ivan Perišić,hr CRO,DF,it Inter,32,1989,5.9,0,15,3,20.0,2.55,0.51,0.00,0.00,15.9,0,0,0,0.8,0.8,0.05,-0.8,-0.8,Matches
528,Pavao Pervan,at AUT,GK,de Wolfsburg,33,1987,1.0,0,0,0,,0.00,0.00,,,,0,0,0,0.0,0.0,,0.0,0.0,Matches
529,Matteo Pessina,it ITA,MF,it Atalanta,24,1997,2.3,1,2,2,100.0,0.85,0.85,0.50,0.50,3.6,0,0,0,1.5,1.5,0.73,-0.5,-0.5,Matches
530,Giuseppe Pezzella,it ITA,DF,it Atalanta,23,1997,0.6,0,2,1,50.0,3.10,1.55,0.00,0.00,20.7,0,0,0,0.1,0.1,0.04,-0.1,-0.1,Matches
531,Maximilian Philipp,de GER,"MF,FW",de Wolfsburg,27,1994,1.0,0,1,0,0.0,1.00,0.00,0.00,,22.5,0,0,0,0.0,0.0,0.04,0.0,0.0,Matches
532,Nathaniel Phillips,eng ENG,DF,eng Liverpool,24,1997,1.0,0,0,0,,0.00,0.00,,,,0,0,0,0.0,0.0,,0.0,0.0,Matches
533,Kamil Piątkowski,pl POL,DF,at RB Salzburg,21,2000,0.9,0,0,0,,0.00,0.00,,,,0,0,0,0.0,0.0,,0.0,0.0,Matches
534,Yeremi Pino,es ESP,"MF,DF",es Villarreal,18,2002,4.7,1,4,2,50.0,0.85,0.42,0.25,0.50,12.0,0,0,0,0.5,0.5,0.13,+0.5,+0.5,Matches
535,Gerard Piqué,es ESP,DF,es Barcelona,34,1987,4.4,1,2,1,50.0,0.46,0.23,0.50,1.00,6.6,0,0,0,0.6,0.6,0.28,+0.4,+0.4,Matches
536,Pizzi,pt POR,"MF,FW",pt Benfica,31,1989,1.8,0,3,1,33.3,1.71,0.57,0.00,0.00,13.8,0,0,0,0.2,0.2,0.06,-0.2,-0.2,Matches
537,Miralem Pjanić,ba BIH,MF,tr Beşiktaş,31,1990,2.9,0,3,0,0.0,1.04,0.00,0.00,,27.6,1,0,0,0.1,0.1,0.04,-0.1,-0.1,Matches
538,Paul Pogba,fr FRA,"MF,FW",eng Manchester Utd,28,1993,3.8,0,2,1,50.0,0.52,0.26,0.00,0.00,25.9,0,0,0,0.1,0.1,0.04,-0.1,-0.1,Matches
539,Marin Pongračić,hr CRO,DF,de Dortmund,23,1997,1.9,0,0,0,,0.00,0.00,,,,0,0,0,0.0,0.0,,0.0,0.0,Matches
540,Pedro Porro,es ESP,"DF,MF",pt Sporting CP,21,1999,5.8,1,8,3,37.5,1.37,0.52,0.13,0.33,17.2,0,0,0,0.6,0.3,0.04,+0.4,+0.7,Matches
541,Yussuf Poulsen,dk DEN,FW,de RB Leipzig,27,1994,1.7,0,5,1,20.0,3.02,0.60,0.00,0.00,13.6,0,0,0,0.3,0.3,0.05,-0.3,-0.3,Matches
542,Riqui Puig,es ESP,MF,es Barcelona,21,1999,0.2,0,0,0,,0.00,0.00,,,,0,0,0,0.0,0.0,,0.0,0.0,Matches
543,Christian Pulisic,us USA,"FW,MF",eng Chelsea,22,1998,4.1,2,6,2,33.3,1.48,0.49,0.33,1.00,11.9,0,0,0,1.1,1.1,0.18,+0.9,+0.9,Matches
544,Andriy Pyatov,ua UKR,GK,ua Shakhtar,37,1984,2.9,0,0,0,,0.00,0.00,,,,0,0,0,0.0,0.0,,0.0,0.0,Matches
545,Dani Raba,es ESP,FW,es Villarreal,25,1995,0.1,0,0,0,,0.00,0.00,,,,0,0,0,0.0,0.0,,0.0,0.0,Matches
546,Adrien Rabiot,fr FRA,MF,it Juventus,26,1995,6.0,0,7,2,28.6,1.18,0.34,0.00,0.00,24.2,0,0,0,0.3,0.3,0.04,-0.3,-0.3,Matches
547,Stjepan Radeljić,ba BIH,"DF,MF",md Sheriff Tiraspol,23,1997,0.9,0,0,0,,0.00,0.00,,,,0,0,0,0.0,0.0,,0.0,0.0,Matches
548,Nemanja Radonjić,rs SRB,MF,pt Benfica,25,1996,0.4,0,1,0,0.0,2.81,0.00,0.00,,17.7,0,0,0,0.0,0.0,0.04,0.0,0.0,Matches
549,Erdal Rakip,mk MKD,MF,se Malmö,25,1996,3.0,0,3,1,33.3,0.99,0.33,0.00,0.00,27.1,0,0,0,0.1,0.1,0.03,-0.1,-0.1,Matches
550,Ivan Rakitić,hr CRO,MF,es Sevilla,33,1988,3.1,2,6,1,16.7,1.96,0.33,0.00,0.00,25.9,1,2,2,1.9,0.3,0.05,+0.1,-0.3,Matches
551,Yaroslav Rakitskiy,ua UKR,DF,ru Zenit,31,1989,5.5,1,6,2,33.3,1.09,0.36,0.00,0.00,26.3,2,1,1,1.1,0.3,0.05,-0.1,-0.3,Matches
552,Eric Ramírez,ve VEN,FW,ua Dynamo Kyiv,22,1998,0.2,0,0,0,,0.00,0.00,,,,0,0,0,0.0,0.0,,0.0,0.0,Matches
553,Gonçalo Ramos,pt POR,"MF,FW",pt Benfica,20,2001,4.1,1,10,2,20.0,2.43,0.49,0.10,0.50,17.6,0,0,0,0.7,0.7,0.07,+0.3,+0.3,Matches
554,Aaron Ramsey,wls WAL,"MF,FW",it Juventus,30,1990,0.2,0,0,0,,0.00,0.00,,,,0,0,0,0.0,0.0,,0.0,0.0,Matches
555,Andrea Ranocchia,it ITA,DF,it Inter,33,1988,1.1,0,2,1,50.0,1.80,0.90,0.00,0.00,4.3,0,0,0,0.2,0.2,0.11,-0.2,-0.2,Matches
556,Marcus Rashford,eng ENG,"FW,MF",eng Manchester Utd,23,1997,2.8,1,10,2,20.0,3.52,0.70,0.10,0.50,21.8,0,0,0,0.8,0.8,0.08,+0.2,+0.2,Matches
557,Ante Rebić,hr CRO,FW,it Milan,27,1993,1.3,1,2,2,100.0,1.57,1.57,0.50,0.50,14.9,0,0,0,1.0,1.0,0.49,0.0,0.0,Matches
558,Reinier,br BRA,"MF,FW",de Dortmund,19,2002,1.4,0,2,0,0.0,1.43,0.00,0.00,,7.5,0,0,0,0.2,0.2,0.12,-0.2,-0.2,Matches
559,Matheus Reis,br BRA,DF,pt Sporting CP,26,1995,6.7,0,4,0,0.0,0.59,0.00,0.00,,21.7,0,0,0,0.2,0.2,0.04,-0.2,-0.2,Matches
560,Karim Rekik,nl NED,DF,es Sevilla,26,1994,1.4,0,0,0,,0.00,0.00,,,,0,0,0,0.0,0.0,,0.0,0.0,Matches
561,Devyne Rensch,nl NED,DF,nl Ajax,18,2003,0.8,0,0,0,,0.00,0.00,,,,0,0,0,0.0,0.0,,0.0,0.0,Matches
562,Marco Reus,de GER,"FW,MF",de Dortmund,32,1989,5.5,3,14,7,50.0,2.54,1.27,0.07,0.14,19.7,1,2,2,3.3,1.7,0.12,-0.3,-0.7,Matches
563,Rodrigo Ribeiro,pt POR,FW,pt Sporting CP,16,2005,0.0,0,0,0,,0.00,0.00,,,,0,0,0,0.0,0.0,,0.0,0.0,Matches
564,Federico Ricca,uy URU,DF,be Club Brugge,26,1994,1.8,0,3,0,0.0,1.63,0.00,0.00,,25.6,0,0,0,0.1,0.1,0.04,-0.1,-0.1,Matches
565,Omar Richards,eng ENG,"DF,FW",de Bayern Munich,23,1998,0.6,0,0,0,,0.00,0.00,,,,0,0,0,0.0,0.0,,0.0,0.0,Matches
566,Fabian Rieder,ch SUI,"MF,FW",ch Young Boys,19,2002,3.0,1,6,2,33.3,1.99,0.66,0.17,0.50,20.9,0,0,0,0.7,0.7,0.11,+0.3,+0.3,Matches
567,Søren Rieks,dk DEN,"DF,MF",se Malmö,34,1987,2.4,1,3,1,33.3,1.23,0.41,0.33,1.00,13.2,0,0,0,0.2,0.2,0.07,+0.8,+0.8,Matches
568,Mats Rits,be BEL,MF,be Club Brugge,28,1993,4.6,2,8,4,50.0,1.74,0.87,0.25,0.50,14.5,0,0,0,1.1,1.1,0.13,+0.9,+0.9,Matches
569,Sergi Roberto,es ESP,"DF,FW",es Barcelona,29,1992,1.9,0,2,0,0.0,1.07,0.00,0.00,,9.0,0,0,0,0.2,0.2,0.08,-0.2,-0.2,Matches
570,Andrew Robertson,sct SCO,DF,eng Liverpool,27,1994,9.2,0,5,2,40.0,0.54,0.22,0.00,0.00,19.9,0,0,0,0.2,0.2,0.04,-0.2,-0.2,Matches
571,Marc Roca,es ESP,MF,de Bayern Munich,24,1996,0.9,0,0,0,,0.00,0.00,,,,0,0,0,0.0,0.0,,0.0,0.0,Matches
572,Rodri,es ESP,MF,eng Manchester City,25,1996,9.3,0,6,0,0.0,0.64,0.00,0.00,,22.3,0,0,0,0.2,0.2,0.04,-0.2,-0.2,Matches
573,Óscar Rodríguez Arnaiz,es ESP,FW,es Sevilla,23,1998,0.3,0,1,0,0.0,3.91,0.00,0.00,,30.1,0,0,0,0.0,0.0,0.03,0.0,0.0,Matches
574,Rodrygo,br BRA,"FW,MF",es Real Madrid,20,2001,5.6,5,23,10,43.5,4.08,1.78,0.22,0.50,13.6,1,0,0,2.7,2.7,0.12,+2.3,+2.3,Matches
575,Alessio Romagnoli,it ITA,DF,it Milan,26,1995,4.4,0,1,0,0.0,0.23,0.00,0.00,,15.9,0,0,0,0.0,0.0,0.04,0.0,0.0,Matches
576,Iván Romero,es ESP,MF,es Sevilla,20,2001,0.2,0,0,0,,0.00,0.00,,,,0,0,0,0.0,0.0,,0.0,0.0,Matches
577,Cristiano Ronaldo,pt POR,FW,eng Manchester Utd,36,1985,6.8,6,22,12,54.5,3.25,1.77,0.27,0.50,16.7,4,0,0,2.9,2.9,0.13,+3.1,+3.1,Matches
578,Marten de Roon,nl NED,"MF,DF",it Atalanta,30,1991,5.4,0,2,0,0.0,0.37,0.00,0.00,,21.5,0,0,0,0.1,0.1,0.04,-0.1,-0.1,Matches
579,Valentin Rosier,fr FRA,DF,tr Beşiktaş,24,1996,4.5,0,1,0,0.0,0.22,0.00,0.00,,26.5,0,0,0,0.0,0.0,0.03,0.0,0.0,Matches
580,Jérôme Roussillon,fr FRA,DF,de Wolfsburg,28,1993,4.0,0,1,0,0.0,0.25,0.00,0.00,,20.2,0,0,0,0.0,0.0,0.04,0.0,0.0,Matches
581,Antonio Rüdiger,de GER,DF,eng Chelsea,28,1993,9.3,1,10,1,10.0,1.07,0.11,0.10,1.00,22.4,1,0,0,0.4,0.4,0.04,+0.6,+0.6,Matches
582,Daniele Rugani,it ITA,DF,it Juventus,27,1994,2.0,0,1,1,100.0,0.50,0.50,0.00,0.00,10.5,0,0,0,0.1,0.1,0.05,-0.1,-0.1,Matches
583,Gerónimo Rulli,ar ARG,GK,es Villarreal,29,1992,12.0,0,0,0,,0.00,0.00,,,,0,0,0,0.0,0.0,,0.0,0.0,Matches
584,Serdar Saatçı,tr TUR,DF,tr Beşiktaş,18,2003,1.0,0,1,0,0.0,1.00,0.00,0.00,,6.7,0,0,0,0.1,0.1,0.11,-0.1,-0.1,Matches
585,Marcel Sabitzer,at AUT,MF,de Bayern Munich,27,1994,1.5,0,5,0,0.0,3.31,0.00,0.00,,17.4,0,0,0,0.7,0.7,0.15,-0.7,-0.7,Matches
586,Alexis Saelemaekers,be BEL,FW,it Milan,22,1999,4.9,0,4,1,25.0,0.81,0.20,0.00,0.00,20.9,0,0,0,0.2,0.2,0.06,-0.2,-0.2,Matches
587,Mohamed Salah,eg EGY,FW,eng Liverpool,29,1992,11.2,8,41,20,48.8,3.68,1.79,0.17,0.35,15.0,0,1,2,8.9,7.4,0.18,-0.9,-0.4,Matches
588,Renato Sanches,pt POR,"MF,FW",fr Lille,23,1997,4.5,0,4,1,25.0,0.89,0.22,0.00,0.00,18.8,0,0,0,0.5,0.5,0.13,-0.5,-0.5,Matches
589,Alexis Sánchez,cl CHI,FW,it Inter,32,1988,1.8,1,2,1,50.0,1.13,0.57,0.50,1.00,17.8,0,0,0,0.3,0.3,0.13,+0.7,+0.7,Matches
590,Jadon Sancho,eng ENG,FW,eng Manchester Utd,21,2000,4.4,1,5,3,60.0,1.15,0.69,0.20,0.33,15.9,0,0,0,0.7,0.7,0.13,+0.3,+0.3,Matches
591,Cisse Sandra,be BEL,FW,be Club Brugge,17,2003,0.6,0,1,1,100.0,1.64,1.64,0.00,0.00,10.8,0,0,0,0.3,0.3,0.29,-0.3,-0.3,Matches
592,Alex Sandro,br BRA,DF,it Juventus,30,1991,6.1,1,6,1,16.7,0.98,0.16,0.17,1.00,12.4,0,0,0,0.8,0.8,0.14,+0.2,+0.2,Matches
593,Leroy Sané,de GER,"FW,MF",de Bayern Munich,25,1996,8.8,6,34,14,41.2,3.85,1.58,0.18,0.43,21.7,6,0,0,4.3,4.3,0.13,+1.7,+1.7,Matches
594,Douglas Santos,br BRA,"DF,MF",ru Zenit,27,1994,4.9,0,5,0,0.0,1.02,0.00,0.00,,25.9,1,0,0,0.2,0.2,0.04,-0.2,-0.2,Matches
595,Nuno Santos,pt POR,"MF,FW",pt Sporting CP,26,1995,2.4,1,2,1,50.0,0.82,0.41,0.50,1.00,15.0,0,0,0,0.7,0.7,0.36,+0.3,+0.3,Matches
596,Zaidu Sanusi,ng NGA,DF,pt Porto,24,1997,4.3,0,2,0,0.0,0.47,0.00,0.00,,23.1,0,0,0,0.1,0.1,0.04,-0.1,-0.1,Matches
597,Pablo Sarabia,es ESP,"MF,FW",pt Sporting CP,29,1992,5.6,2,5,3,60.0,0.89,0.53,0.20,0.33,16.0,0,1,1,1.8,1.0,0.20,+0.2,0.0,Matches
598,Bouna Sarr,sn SEN,"DF,FW",de Bayern Munich,29,1992,1.4,0,2,0,0.0,1.41,0.00,0.00,,13.8,0,0,0,0.3,0.3,0.13,-0.3,-0.3,Matches
599,Malang Sarr,fr FRA,DF,eng Chelsea,22,1999,1.1,0,0,0,,0.00,0.00,,,,0,0,0,0.0,0.0,,0.0,0.0,Matches
600,Charlie Savage,wls WAL,MF,eng Manchester Utd,18,2003,0.0,0,0,0,,0.00,0.00,,,,0,0,0,0.0,0.0,,0.0,0.0,Matches
601,Stefan Savić,me MNE,DF,es Atlético Madrid,30,1991,5.0,0,1,0,0.0,0.20,0.00,0.00,,3.0,0,0,0,0.1,0.1,0.12,-0.1,-0.1,Matches
602,Nico Schulz,de GER,DF,de Dortmund,28,1993,2.2,0,0,0,,0.00,0.00,,,,0,0,0,0.0,0.0,,0.0,0.0,Matches
603,Perr Schuurs,nl NED,DF,nl Ajax,21,1999,1.6,0,2,0,0.0,1.24,0.00,0.00,,21.3,0,0,0,0.1,0.1,0.03,-0.1,-0.1,Matches
604,Haris Seferović,ch SUI,FW,pt Benfica,29,1992,0.1,0,3,1,33.3,27.00,9.00,0.00,0.00,14.6,0,0,0,0.8,0.8,0.34,-0.8,-0.8,Matches
605,Nicolas Seiwald,at AUT,MF,at RB Salzburg,20,2001,7.2,0,4,3,75.0,0.56,0.42,0.00,0.00,21.8,0,0,0,0.4,0.4,0.10,-0.4,-0.4,Matches
606,Stefano Sensi,it ITA,MF,it Inter,25,1995,0.1,0,3,1,33.3,24.55,8.18,0.00,0.00,22.2,0,0,0,0.1,0.1,0.04,-0.1,-0.1,Matches
607,Javier Serrano,es ESP,FW,es Atlético Madrid,18,2003,0.2,0,0,0,,0.00,0.00,,,,0,0,0,0.0,0.0,,0.0,0.0,Matches
608,Benjamin Šeško,si SVN,FW,at RB Salzburg,18,2003,2.6,0,6,3,50.0,2.30,1.15,0.00,0.00,27.9,0,0,0,0.3,0.3,0.05,-0.3,-0.3,Matches
609,Artem Shabanov,ua UKR,DF,ua Dynamo Kyiv,29,1992,1.0,0,0,0,,0.00,0.00,,,,0,0,0,0.0,0.0,,0.0,0.0,Matches
610,Mykola Shaparenko,ua UKR,MF,ua Dynamo Kyiv,22,1998,5.4,0,7,3,42.9,1.30,0.56,0.00,0.00,20.1,2,0,0,0.7,0.7,0.11,-0.7,-0.7,Matches
611,Luke Shaw,eng ENG,DF,eng Manchester Utd,26,1995,4.4,0,1,0,0.0,0.23,0.00,0.00,,13.4,0,0,0,0.0,0.0,0.04,0.0,0.0,Matches
612,Volodymyr Shepelyev,ua UKR,MF,ua Dynamo Kyiv,24,1997,0.6,0,0,0,,0.00,0.00,,,,0,0,0,0.0,0.0,,0.0,0.0,Matches
613,Oleksiy Shevchenko,ua UKR,GK,ua Shakhtar,29,1992,0.1,0,0,0,,0.00,0.00,,,,0,0,0,0.0,0.0,,0.0,0.0,Matches
614,Ilya Shkurin,by BLR,FW,ua Dynamo Kyiv,21,1999,1.1,0,0,0,,0.00,0.00,,,,0,0,0,0.0,0.0,,0.0,0.0,Matches
615,Shola Shoretire,eng ENG,MF,eng Manchester Utd,17,2004,0.3,0,0,0,,0.00,0.00,,,,0,0,0,0.0,0.0,,0.0,0.0,Matches
616,Vincent Sierro,ch SUI,MF,ch Young Boys,25,1995,2.7,1,5,3,60.0,1.87,1.13,0.20,0.33,22.6,0,0,0,0.2,0.2,0.05,+0.8,+0.8,Matches
617,André Silva,pt POR,FW,de RB Leipzig,25,1995,4.5,3,20,9,45.0,4.42,1.99,0.15,0.33,15.5,0,0,1,3.7,2.9,0.14,-0.7,+0.1,Matches
618,Bernardo Silva,pt POR,"MF,FW",eng Manchester City,26,1994,9.7,3,7,4,57.1,0.72,0.41,0.43,0.75,10.3,0,0,0,1.4,1.4,0.30,+1.6,+1.6,Matches
619,Bruno Felipe Souza da Silva,br BRA,"FW,MF",md Sheriff Tiraspol,27,1994,3.5,0,3,1,33.3,0.86,0.29,0.00,0.00,24.9,0,0,0,0.1,0.1,0.05,-0.1,-0.1,Matches
620,Cristiano da Silva Leite,br BRA,DF,md Sheriff Tiraspol,27,1993,6.0,0,3,1,33.3,0.50,0.17,0.00,0.00,15.9,0,0,0,0.5,0.5,0.17,-0.5,-0.5,Matches
621,Rafa Silva,pt POR,"FW,MF",pt Benfica,28,1993,7.8,1,9,1,11.1,1.16,0.13,0.11,1.00,16.3,0,0,0,1.1,1.1,0.12,-0.1,-0.1,Matches
622,Thiago Silva,br BRA,DF,eng Chelsea,36,1984,8.4,0,7,1,14.3,0.83,0.12,0.00,0.00,13.2,0,0,0,0.4,0.4,0.06,-0.4,-0.4,Matches
623,Mohamed Simakan,fr FRA,DF,de RB Leipzig,21,2000,3.3,0,1,0,0.0,0.31,0.00,0.00,,14.1,0,0,0,0.0,0.0,0.04,0.0,0.0,Matches
624,Roko Simic,hr CRO,FW,at RB Salzburg,17,2003,0.1,0,1,0,0.0,18.00,0.00,0.00,,20.0,0,0,0,0.1,0.1,0.06,-0.1,-0.1,Matches
625,Milan Škriniar,sk SVK,DF,it Inter,26,1995,8.0,1,10,3,30.0,1.25,0.37,0.10,0.33,9.4,0,0,0,2.2,2.2,0.29,-1.2,-1.2,Matches
626,Islam Slimani,dz ALG,FW,pt Sporting CP,33,1988,1.2,0,0,0,,0.00,0.00,,,,0,0,0,0.0,0.0,,0.0,0.0,Matches
627,Everton Soares,br BRA,"FW,MF",pt Benfica,25,1996,6.0,0,9,4,44.4,1.50,0.67,0.00,0.00,19.8,0,0,0,0.6,0.6,0.07,-0.6,-0.6,Matches
628,Eduard Sobol,ua UKR,DF,be Club Brugge,26,1995,3.7,0,2,0,0.0,0.55,0.00,0.00,,21.0,0,0,0,0.1,0.1,0.03,-0.1,-0.1,Matches
629,Oumar Solet,fr FRA,DF,at RB Salzburg,21,2000,3.7,0,2,2,100.0,0.55,0.55,0.00,0.00,31.2,0,0,0,0.1,0.1,0.03,-0.1,-0.1,Matches
630,Manor Solomon,il ISR,"MF,FW",ua Shakhtar,22,1999,3.6,0,7,1,14.3,1.96,0.28,0.00,0.00,18.2,0,0,0,0.3,0.3,0.05,-0.3,-0.3,Matches
631,Josef de Souza,br BRA,MF,tr Beşiktaş,32,1989,4.9,0,3,0,0.0,0.61,0.00,0.00,,12.5,0,0,0,0.1,0.1,0.05,-0.1,-0.1,Matches
632,Kamal Sowah,gh GHA,"MF,DF",be Club Brugge,21,2000,3.3,0,6,0,0.0,1.82,0.00,0.00,,22.0,0,0,0,0.2,0.2,0.04,-0.2,-0.2,Matches
633,Marvin Spielmann,ch SUI,MF,ch Young Boys,25,1996,0.1,0,0,0,,0.00,0.00,,,,0,0,0,0.0,0.0,,0.0,0.0,Matches
634,Josip Stanišić,hr CRO,DF,de Bayern Munich,21,2000,0.3,0,0,0,,0.00,0.00,,,,0,0,0,0.0,0.0,,0.0,0.0,Matches
635,Renato Steffen,ch SUI,FW,de Wolfsburg,29,1991,2.9,2,5,2,40.0,1.74,0.70,0.40,1.00,19.8,0,0,0,0.7,0.7,0.13,+1.3,+1.3,Matches
636,Zack Steffen,us USA,GK,eng Manchester City,26,1995,1.0,0,0,0,,0.00,0.00,,,,0,0,0,0.0,0.0,,0.0,0.0,Matches
637,Taras Stepanenko,ua UKR,MF,ua Shakhtar,31,1989,2.5,0,1,0,0.0,0.40,0.00,0.00,,31.1,0,0,0,0.0,0.0,0.03,0.0,0.0,Matches
638,Raheem Sterling,eng ENG,FW,eng Manchester City,26,1994,6.5,3,16,6,37.5,2.46,0.92,0.19,0.50,13.2,0,0,0,3.8,3.8,0.24,-0.8,-0.8,Matches
639,John Stones,eng ENG,DF,eng Manchester City,27,1994,7.1,0,7,1,14.3,0.99,0.14,0.00,0.00,11.4,0,0,0,1.1,1.1,0.15,-1.1,-1.1,Matches
640,Luis Suárez,uy URU,FW,es Atlético Madrid,34,1987,3.8,1,7,1,14.3,1.82,0.26,0.00,0.00,18.1,2,1,1,1.6,0.8,0.11,-0.6,-0.8,Matches
641,Luka Sučić,hr CRO,MF,at RB Salzburg,18,2002,5.7,1,10,1,10.0,1.75,0.18,0.00,0.00,29.8,1,1,2,2.0,0.4,0.04,-1.0,-0.4,Matches
642,Heorhiy Sudakov,ua UKR,MF,ua Shakhtar,18,2002,0.6,0,3,1,33.3,4.74,1.58,0.00,0.00,23.6,0,0,0,0.1,0.1,0.04,-0.1,-0.1,Matches
643,Niklas Süle,de GER,DF,de Bayern Munich,25,1995,5.7,0,2,0,0.0,0.35,0.00,0.00,,27.3,0,0,0,0.1,0.1,0.03,-0.1,-0.1,Matches
644,Miralem Sulejmani,rs SRB,DF,ch Young Boys,32,1988,0.1,0,0,0,,0.00,0.00,,,,0,0,0,0.0,0.0,,0.0,0.0,Matches
645,Vladyslav Supriaha,ua UKR,FW,ua Dynamo Kyiv,21,2000,0.9,0,0,0,,0.00,0.00,,,,0,0,0,0.0,0.0,,0.0,0.0,Matches
646,Suso,es ESP,FW,es Sevilla,27,1993,2.5,0,8,2,25.0,3.20,0.80,0.00,0.00,24.6,1,0,0,0.3,0.3,0.03,-0.3,-0.3,Matches
647,Aleksei Sutormin,ru RUS,"DF,MF",ru Zenit,27,1994,3.3,1,2,2,100.0,0.61,0.61,0.50,0.50,19.7,0,0,0,0.1,0.1,0.05,+0.9,+0.9,Matches
648,Serhiy Sydorchuk,ua UKR,MF,ua Dynamo Kyiv,30,1991,5.9,0,3,1,33.3,0.50,0.17,0.00,0.00,25.4,0,0,0,0.1,0.1,0.03,-0.1,-0.1,Matches
649,Oleksandr Syrota,ua UKR,DF,ua Dynamo Kyiv,21,2000,5.0,0,1,0,0.0,0.20,0.00,0.00,,12.3,0,0,0,0.2,0.2,0.19,-0.2,-0.2,Matches
650,Wojciech Szczęsny,pl POL,GK,it Juventus,31,1990,7.0,0,0,0,,0.00,0.00,,,,0,0,0,0.0,0.0,,0.0,0.0,Matches
651,Dominik Szoboszlai,hu HUN,"FW,MF",de RB Leipzig,20,2000,2.3,2,4,1,25.0,1.71,0.43,0.25,1.00,18.8,0,1,1,2.1,1.3,0.32,-0.1,-0.3,Matches
652,Adel Taarabt,ma MAR,MF,pt Benfica,32,1989,3.8,0,0,0,,0.00,0.00,,,,0,0,0,0.0,0.0,,0.0,0.0,Matches
653,Bruno Tabata,br BRA,"MF,FW",pt Sporting CP,24,1997,2.3,1,4,3,75.0,1.77,1.33,0.25,0.33,16.7,0,0,0,0.2,0.2,0.06,+0.8,+0.8,Matches
654,Dušan Tadić,rs SRB,FW,nl Ajax,32,1988,7.0,2,11,3,27.3,1.57,0.43,0.18,0.67,14.7,1,0,0,1.9,1.9,0.18,+0.1,+0.1,Matches
655,Nicolás Tagliafico,ar ARG,DF,nl Ajax,28,1992,1.5,0,1,0,0.0,0.65,0.00,0.00,,13.0,0,0,0,0.0,0.0,0.03,0.0,0.0,Matches
656,Mehdi Taremi,ir IRN,FW,pt Porto,29,1992,5.4,1,17,3,17.6,3.12,0.55,0.06,0.33,12.4,0,0,0,2.6,2.6,0.15,-1.6,-1.6,Matches
657,Ciprian Tătărușanu,ro ROU,GK,it Milan,35,1986,3.0,0,0,0,,0.00,0.00,,,,0,0,0,0.0,0.0,,0.0,0.0,Matches
658,Kenneth Taylor,nl NED,MF,nl Ajax,19,2002,0.5,0,0,0,,0.00,0.00,,,,0,0,0,0.0,0.0,,0.0,0.0,Matches
659,Alex Teixeira,br BRA,MF,tr Beşiktaş,31,1990,2.0,0,1,0,0.0,0.49,0.00,0.00,,6.9,0,0,0,0.2,0.2,0.19,-0.2,-0.2,Matches
660,Alex Telles,br BRA,DF,eng Manchester Utd,28,1992,3.2,1,1,1,100.0,0.31,0.31,1.00,1.00,24.6,0,0,0,0.0,0.0,0.03,+1.0,+1.0,Matches
661,Marc-André ter Stegen,de GER,GK,es Barcelona,29,1992,6.0,0,0,0,,0.00,0.00,,,,0,0,0,0.0,0.0,,0.0,0.0,Matches
662,Tetê,br BRA,"FW,MF",ua Shakhtar,21,2000,4.1,0,8,2,25.0,1.94,0.48,0.00,0.00,19.3,0,0,0,0.4,0.4,0.05,-0.4,-0.4,Matches
663,Sébastien Thill,lu LUX,MF,md Sheriff Tiraspol,27,1993,6.0,2,13,6,46.2,2.17,1.00,0.15,0.33,28.8,3,0,0,0.5,0.5,0.04,+1.5,+1.5,Matches
664,Steffen Tigges,de GER,FW,de Dortmund,23,1998,1.1,0,1,0,0.0,0.91,0.00,0.00,,11.6,0,0,0,0.1,0.1,0.11,-0.1,-0.1,Matches
665,Samson Tijani,ng NGA,MF,at RB Salzburg,19,2002,0.3,0,0,0,,0.00,0.00,,,,0,0,0,0.0,0.0,,0.0,0.0,Matches
666,Malik Tillman,us USA,FW,de Bayern Munich,19,2002,0.2,0,0,0,,0.00,0.00,,,,0,0,0,0.0,0.0,,0.0,0.0,Matches
667,Jurriën Timber,nl NED,DF,nl Ajax,20,2001,6.4,0,2,0,0.0,0.31,0.00,0.00,,9.6,0,0,0,0.2,0.2,0.09,-0.2,-0.2,Matches
668,Corentin Tolisso,fr FRA,MF,de Bayern Munich,26,1994,2.6,0,4,2,50.0,1.55,0.77,0.00,0.00,22.2,0,0,0,0.4,0.4,0.10,-0.4,-0.4,Matches
669,Rafael Tolói,it ITA,DF,it Atalanta,30,1990,4.0,0,4,1,25.0,1.00,0.25,0.00,0.00,12.5,0,0,0,0.7,0.7,0.18,-0.7,-0.7,Matches
670,Tiago Tomás,pt POR,"MF,FW",pt Sporting CP,19,2002,1.8,0,3,1,33.3,1.66,0.55,0.00,0.00,14.4,0,0,0,0.5,0.5,0.18,-0.5,-0.5,Matches
671,Fikayo Tomori,eng ENG,DF,it Milan,23,1997,4.6,1,3,2,66.7,0.65,0.43,0.33,0.50,17.3,0,0,0,0.8,0.8,0.25,+0.2,+0.2,Matches
672,Sandro Tonali,it ITA,MF,it Milan,21,2000,3.7,0,2,0,0.0,0.54,0.00,0.00,,29.1,2,0,0,0.1,0.1,0.05,-0.1,-0.1,Matches
673,Mehmet Topal,tr TUR,"MF,DF",tr Beşiktaş,35,1986,2.9,0,4,0,0.0,1.38,0.00,0.00,,10.0,0,0,0,0.2,0.2,0.06,-0.2,-0.2,Matches
674,Gökhan Töre,tr TUR,MF,tr Beşiktaş,29,1992,0.9,0,0,0,,0.00,0.00,,,,0,0,0,0.0,0.0,,0.0,0.0,Matches
675,Ferrán Torres,es ESP,FW,eng Manchester City,21,2000,0.8,0,3,1,33.3,3.86,1.29,0.00,0.00,19.2,0,0,0,0.2,0.2,0.05,-0.2,-0.2,Matches
676,Óliver Torres,es ESP,MF,es Sevilla,26,1994,1.9,0,1,1,100.0,0.54,0.54,0.00,0.00,32.8,0,0,0,0.0,0.0,0.02,0.0,0.0,Matches
677,Pau Torres,es ESP,DF,es Villarreal,24,1997,12.0,1,4,1,25.0,0.33,0.08,0.25,1.00,8.1,0,0,0,0.7,0.7,0.19,+0.3,+0.3,Matches
678,Adama Traoré,ml MLI,"FW,MF",md Sheriff Tiraspol,26,1995,5.9,2,11,5,45.5,1.87,0.85,0.18,0.40,18.4,0,0,0,0.6,0.6,0.05,+1.4,+1.4,Matches
679,Manu Trigueros,es ESP,"MF,FW",es Villarreal,29,1991,3.7,1,6,6,100.0,1.64,1.64,0.17,0.17,16.3,0,0,0,0.7,0.7,0.12,+0.3,+0.3,Matches
680,Kieran Trippier,eng ENG,"DF,FW",es Atlético Madrid,30,1990,2.4,0,0,0,,0.00,0.00,,,,0,0,0,0.0,0.0,,0.0,0.0,Matches
681,Anatolii Trubin,ua UKR,GK,ua Shakhtar,19,2001,3.0,0,0,0,,0.00,0.00,,,,0,0,0,0.0,0.0,,0.0,0.0,Matches
682,Kostas Tsimikas,gr GRE,DF,eng Liverpool,25,1996,3.8,0,0,0,,0.00,0.00,,,,0,0,0,0.0,0.0,,0.0,0.0,Matches
683,Viktor Tsyhankov,ua UKR,"FW,MF",ua Dynamo Kyiv,23,1997,5.4,0,9,2,22.2,1.67,0.37,0.00,0.00,18.4,0,0,0,0.9,0.9,0.10,-0.9,-0.9,Matches
684,Oleksandr Tymchyk,ua UKR,DF,ua Dynamo Kyiv,24,1997,1.8,0,1,1,100.0,0.56,0.56,0.00,0.00,9.9,0,0,0,0.1,0.1,0.08,-0.1,-0.1,Matches
685,Salih Uçan,tr TUR,MF,tr Beşiktaş,27,1994,1.3,0,0,0,,0.00,0.00,,,,0,0,0,0.0,0.0,,0.0,0.0,Matches
686,Manuel Ugarte Ribeiro,uy URU,MF,pt Sporting CP,20,2001,2.3,0,0,0,,0.00,0.00,,,,0,0,0,0.0,0.0,,0.0,0.0,Matches
687,Andreas Ulmer,at AUT,DF,at RB Salzburg,35,1985,7.9,0,5,2,40.0,0.63,0.25,0.00,0.00,23.2,0,0,0,0.2,0.2,0.04,-0.2,-0.2,Matches
688,Sven Ulreich,de GER,GK,de Bayern Munich,32,1988,1.0,0,0,0,,0.00,0.00,,,,0,0,0,0.0,0.0,,0.0,0.0,Matches
689,Dayot Upamecano,fr FRA,DF,de Bayern Munich,22,1998,7.3,0,2,0,0.0,0.27,0.00,0.00,,17.0,0,0,0,0.1,0.1,0.05,-0.1,-0.1,Matches
690,Mateus Uribe,co COL,MF,pt Porto,30,1991,3.2,0,3,0,0.0,0.94,0.00,0.00,,24.8,0,0,0,0.1,0.1,0.04,-0.1,-0.1,Matches
691,Necip Uysal,tr TUR,DF,tr Beşiktaş,30,1991,2.1,0,0,0,,0.00,0.00,,,,0,0,0,0.0,0.0,,0.0,0.0,Matches
692,Jesús Vallejo,es ESP,DF,es Real Madrid,24,1997,0.1,0,0,0,,0.00,0.00,,,,0,0,0,0.0,0.0,,0.0,0.0,Matches
693,Federico Valverde,uy URU,"MF,FW",es Real Madrid,23,1998,8.9,0,10,0,0.0,1.12,0.00,0.00,,22.0,0,0,0,0.4,0.4,0.04,-0.4,-0.4,Matches
694,Ignace Van Der Brempt,be BEL,"MF,FW",be Club Brugge,19,2002,1.8,0,0,0,,0.00,0.00,,,,0,0,0,0.0,0.0,,0.0,0.0,Matches
695,Virgil van Dijk,nl NED,DF,eng Liverpool,30,1991,9.0,0,5,3,60.0,0.56,0.33,0.00,0.00,20.5,0,0,0,0.3,0.3,0.07,-0.3,-0.3,Matches
696,Hans Vanaken,be BEL,"MF,FW",be Club Brugge,28,1992,6.0,3,13,7,53.8,2.17,1.17,0.23,0.43,15.3,2,0,0,1.8,1.8,0.14,+1.2,+1.2,Matches
697,Raphaël Varane,fr FRA,DF,eng Manchester Utd,28,1993,3.9,0,2,2,100.0,0.51,0.51,0.00,0.00,7.5,0,0,0,0.4,0.4,0.20,-0.4,-0.4,Matches
698,Berkay Vardar,az AZE,DF,tr Beşiktaş,18,2003,0.2,0,0,0,,0.00,0.00,,,,0,0,0,0.0,0.0,,0.0,0.0,Matches
699,Lucas Vázquez,es ESP,"DF,FW",es Real Madrid,30,1991,3.9,0,0,0,,0.00,0.00,,,,0,0,0,0.0,0.0,,0.0,0.0,Matches
700,Matías Vecino,uy URU,MF,it Inter,29,1991,1.4,0,0,0,,0.00,0.00,,,,0,0,0,0.0,0.0,,0.0,0.0,Matches
701,Benjamin Verbič,si SVN,"MF,FW",ua Dynamo Kyiv,27,1993,1.0,0,3,0,0.0,2.93,0.00,0.00,,10.6,0,0,0,0.2,0.2,0.08,-0.2,-0.2,Matches
702,Lucas Veríssimo,br BRA,DF,pt Benfica,26,1995,3.0,0,3,1,33.3,1.00,0.33,0.00,0.00,12.8,0,0,0,0.1,0.1,0.05,-0.1,-0.1,Matches
703,Marco Verratti,it ITA,MF,fr Paris S-G,28,1992,4.8,0,0,0,,0.00,0.00,,,,0,0,0,0.0,0.0,,0.0,0.0,Matches
704,Jan Vertonghen,be BEL,DF,pt Benfica,34,1987,10.0,0,6,1,16.7,0.60,0.10,0.00,0.00,10.5,0,0,0,0.3,0.3,0.06,-0.3,-0.3,Matches
705,Domagoj Vida,hr CRO,DF,tr Beşiktaş,32,1989,2.0,0,0,0,,0.00,0.00,,,,0,0,0,0.0,0.0,,0.0,0.0,Matches
706,Arturo Vidal,cl CHI,MF,it Inter,34,1987,4.6,1,3,2,66.7,0.66,0.44,0.33,0.50,11.4,0,0,0,0.6,0.6,0.20,+0.4,+0.4,Matches
707,Fabio Vieira,pt POR,"MF,DF",pt Porto,21,2000,1.0,0,1,1,100.0,1.03,1.03,0.00,0.00,26.0,0,0,0,0.0,0.0,0.03,0.0,0.0,Matches
708,Rúben Vinagre,pt POR,"MF,DF",pt Sporting CP,22,1999,0.7,0,0,0,,0.00,0.00,,,,0,0,0,0.0,0.0,,0.0,0.0,Matches
709,João Virgínia,pt POR,GK,pt Sporting CP,21,1999,1.0,0,0,0,,0.00,0.00,,,,0,0,0,0.0,0.0,,0.0,0.0,Matches
710,Vitão,br BRA,DF,ua Shakhtar,21,2000,1.0,0,0,0,,0.00,0.00,,,,0,0,0,0.0,0.0,,0.0,0.0,Matches
711,Vitinha,pt POR,MF,pt Porto,21,2000,2.5,0,4,1,25.0,1.61,0.40,0.00,0.00,23.1,0,0,0,0.5,0.5,0.13,-0.5,-0.5,Matches
712,Vitinho,br BRA,"FW,MF",ua Dynamo Kyiv,22,1999,1.1,0,1,0,0.0,0.95,0.00,0.00,,13.6,0,0,0,0.0,0.0,0.04,0.0,0.0,Matches
713,Odisseas Vlachodimos,gr GRE,GK,pt Benfica,27,1994,10.0,0,0,0,,0.00,0.00,,,,0,0,0,0.0,0.0,,0.0,0.0,Matches
714,Dušan Vlahović,rs SRB,FW,it Juventus,21,2000,2.0,1,5,4,80.0,2.50,2.00,0.20,0.25,15.4,0,0,0,0.7,0.7,0.13,+0.3,+0.3,Matches
715,Ruud Vormer,nl NED,MF,be Club Brugge,33,1988,1.8,0,2,0,0.0,1.13,0.00,0.00,,22.3,1,0,0,0.1,0.1,0.05,-0.1,-0.1,Matches
716,Aster Vranckx,be BEL,"MF,FW",de Wolfsburg,18,2002,3.7,0,1,1,100.0,0.27,0.27,0.00,0.00,32.0,0,0,0,0.0,0.0,0.03,0.0,0.0,Matches
717,Stefan de Vrij,nl NED,DF,it Inter,29,1992,5.4,1,4,3,75.0,0.74,0.56,0.25,0.33,8.7,0,0,0,0.6,0.6,0.15,+0.4,+0.4,Matches
718,Šime Vrsaljko,hr CRO,DF,es Atlético Madrid,29,1992,3.4,0,1,0,0.0,0.29,0.00,0.00,,5.1,0,0,0,0.5,0.5,0.45,-0.5,-0.5,Matches
719,Luca Waldschmidt,de GER,"MF,FW",de Wolfsburg,25,1996,1.3,0,2,0,0.0,1.50,0.00,0.00,,26.8,0,0,0,0.1,0.1,0.03,-0.1,-0.1,Matches
720,Kyle Walker,eng ENG,DF,eng Manchester City,31,1990,6.4,1,2,1,50.0,0.31,0.16,0.50,1.00,21.3,0,0,0,0.1,0.1,0.07,+0.9,+0.9,Matches
721,Aaron Wan-Bissaka,eng ENG,DF,eng Manchester Utd,23,1997,4.7,0,1,0,0.0,0.21,0.00,0.00,,13.9,0,0,0,0.1,0.1,0.07,-0.1,-0.1,Matches
722,Timothy Weah,us USA,"MF,FW",fr Lille,21,2000,2.8,0,4,0,0.0,1.42,0.00,0.00,,22.7,0,0,0,0.2,0.2,0.04,-0.2,-0.2,Matches
723,Wout Weghorst,nl NED,FW,de Wolfsburg,28,1992,4.4,0,8,2,25.0,1.82,0.45,0.00,0.00,10.0,0,0,0,1.3,1.3,0.16,-1.3,-1.3,Matches
724,Julian Weigl,de GER,MF,pt Benfica,25,1995,9.0,0,2,1,50.0,0.22,0.11,0.00,0.00,30.4,0,0,0,0.1,0.1,0.03,-0.1,-0.1,Matches
725,Welinton,br BRA,DF,tr Beşiktaş,32,1989,3.5,0,0,0,,0.00,0.00,,,,0,0,0,0.0,0.0,,0.0,0.0,Matches
726,Wendel,br BRA,MF,ru Zenit,23,1997,5.3,1,7,4,57.1,1.31,0.75,0.14,0.25,20.0,0,0,0,0.9,0.9,0.13,+0.1,+0.1,Matches
727,Wendell,br BRA,DF,pt Porto,28,1993,1.5,0,1,0,0.0,0.68,0.00,0.00,,23.4,0,0,0,0.0,0.0,0.05,0.0,0.0,Matches
728,Timo Werner,de GER,"FW,MF",eng Chelsea,25,1996,2.7,4,10,5,50.0,3.66,1.83,0.40,0.80,13.5,0,0,0,2.2,2.2,0.22,+1.8,+1.8,Matches
729,Georginio Wijnaldum,nl NED,MF,fr Paris S-G,30,1990,2.9,2,4,4,100.0,1.37,1.37,0.50,0.50,9.9,0,0,0,1.5,1.5,0.38,+0.5,+0.5,Matches
730,Neco Williams,wls WAL,"DF,FW",eng Liverpool,20,2001,2.0,0,3,1,33.3,1.50,0.50,0.00,0.00,20.6,0,0,0,0.1,0.1,0.04,-0.1,-0.1,Matches
731,Axel Witsel,be BEL,MF,de Dortmund,32,1989,5.2,0,1,1,100.0,0.19,0.19,0.00,0.00,21.1,0,0,0,0.0,0.0,0.04,0.0,0.0,Matches
732,Maximilian Wöber,at AUT,DF,at RB Salzburg,23,1998,6.3,1,8,2,25.0,1.26,0.32,0.13,0.50,22.3,4,0,0,0.6,0.6,0.07,+0.4,+0.4,Matches
733,Marius Wolf,de GER,"DF,FW",de Dortmund,26,1995,1.9,0,3,1,33.3,1.57,0.52,0.00,0.00,21.0,0,0,0,0.1,0.1,0.03,-0.1,-0.1,Matches
734,Max Woltman,eng ENG,FW,eng Liverpool,17,2003,0.0,0,0,0,,0.00,0.00,,,,0,0,0,0.0,0.0,,0.0,0.0,Matches
735,Xeka,pt POR,MF,fr Lille,26,1994,4.8,0,4,0,0.0,0.83,0.00,0.00,,18.3,0,0,0,0.4,0.4,0.10,-0.4,-0.4,Matches
736,Momo Yansané,gn GUI,FW,md Sheriff Tiraspol,24,1997,1.7,1,3,2,66.7,1.72,1.15,0.33,0.50,19.5,0,0,0,0.4,0.4,0.14,+0.6,+0.6,Matches
737,Roman Yaremchuk,ua UKR,FW,pt Benfica,25,1995,5.7,3,15,9,60.0,2.64,1.59,0.20,0.33,14.0,0,0,0,3.2,3.2,0.21,-0.2,-0.2,Matches
738,Jasur Yaxshiboyev,uz UZB,FW,md Sheriff Tiraspol,24,1997,2.2,1,4,2,50.0,1.78,0.89,0.25,0.50,16.0,0,0,0,0.4,0.4,0.11,+0.6,+0.6,Matches
739,Yusuf Yazıcı,tr TUR,"MF,FW",fr Lille,24,1997,0.6,0,1,0,0.0,1.76,0.00,0.00,,27.5,1,0,0,0.1,0.1,0.07,-0.1,-0.1,Matches
740,Burak Yılmaz,tr TUR,FW,fr Lille,36,1985,5.9,3,24,7,29.2,4.08,1.19,0.08,0.29,21.2,7,1,1,3.4,2.6,0.11,-0.4,-0.6,Matches
741,Rıdvan Yılmaz,tr TUR,"DF,MF",tr Beşiktaş,20,2001,1.5,0,0,0,,0.00,0.00,,,,0,0,0,0.0,0.0,,0.0,0.0,Matches
742,Illia Zabarnyi,ua UKR,DF,ua Dynamo Kyiv,18,2002,6.0,0,2,0,0.0,0.33,0.00,0.00,,9.9,0,0,0,0.3,0.3,0.17,-0.3,-0.3,Matches
743,Dan-Axel Zagadou,fr FRA,DF,de Dortmund,22,1999,1.1,0,1,0,0.0,0.93,0.00,0.00,,8.0,0,0,0,0.1,0.1,0.09,-0.1,-0.1,Matches
744,Denis Zakaria,ch SUI,MF,it Juventus,24,1996,0.1,0,0,0,,0.00,0.00,,,,0,0,0,0.0,0.0,,0.0,0.0,Matches
745,Duván Zapata,co COL,FW,it Atalanta,30,1991,5.2,3,22,8,36.4,4.27,1.55,0.14,0.38,13.9,0,0,0,3.5,3.5,0.16,-0.5,-0.5,Matches
746,Davide Zappacosta,it ITA,DF,it Atalanta,29,1992,4.5,0,7,1,14.3,1.56,0.22,0.00,0.00,20.8,0,0,0,0.3,0.3,0.04,-0.3,-0.3,Matches
747,Cedric Zesiger,ch SUI,DF,ch Young Boys,23,1998,0.0,0,0,0,,0.00,0.00,,,,0,0,0,0.0,0.0,,0.0,0.0,Matches
748,Edon Zhegrova,xk KVX,FW,fr Lille,22,1999,0.1,0,0,0,,0.00,0.00,,,,0,0,0,0.0,0.0,,0.0,0.0,Matches
749,Oleksandr Zinchenko,ua UKR,"DF,MF",eng Manchester City,24,1996,5.6,0,6,0,0.0,1.08,0.00,0.00,,20.4,0,0,0,0.4,0.4,0.06,-0.4,-0.4,Matches
750,Hakim Ziyech,ma MAR,"MF,FW",eng Chelsea,28,1993,4.9,1,14,6,42.9,2.83,1.21,0.07,0.17,16.7,0,0,0,1.5,1.5,0.11,-0.5,-0.5,Matches
