Wk,Day,Date,Time,Home,xG,Score,xG1,Away,Attendance,Venue,Referee,Match_Report,Notes
1.0,Fri,2024-08-16,20:45,Le Havre,0.2,1–4,2.9,Paris S-G,23167.0,Stade Océane,,Match Report,
1.0,Sat,2024-08-17,17:00,Brest,1.3,1–5,2.4,Marseille,14962.0,Stade Francis-Le Blé,,Match Report,
1.0,Sat,2024-08-17,19:00,Reims,0.1,0–2,2.1,Lille,14755.0,Stade Auguste-Delaune,,Match Report,
1.0,Sat,2024-08-17,21:00,Monaco,2.0,1–0,0.4,Saint-Étienne,14250.0,Stade Louis II,,Match Report,
1.0,Sun,2024-08-18,15:00,Auxerre,1.8,2–1,0.7,Nice,16354.0,Stade de l'Abbé Deschamps,Romain Lissorgue,Match Report,
1.0,Sun,2024-08-18,17:00,Montpellier,1.3,1–1,0.9,Strasbourg,15706.0,Stade de la Mosson-Mondial 98,,Match Report,
1.0,Sun,2024-08-18,17:00,Angers,0.4,0–1,1.2,Lens,14811.0,Stade Raymond Kopa,,Match Report,
1.0,Sun,2024-08-18,17:00,Toulouse,1.7,0–0,0.5,Nantes,25491.0,Stadium de Toulouse,Jeremy Stinat,Match Report,
1.0,Sun,2024-08-18,20:45,Rennes,2.0,3–0,2.1,Lyon,26026.0,Roazhon Park,,Match Report,
,,,,,,,,,,,,,
2.0,Fri,2024-08-23,20:45,Paris S-G,3.8,6–0,0.6,Montpellier,46000.0,Parc des Princes,,Match Report,
2.0,Sat,2024-08-24,17:00,Lyon,0.0,0–2,2.2,Monaco,54392.0,Groupama Stadium,,Match Report,
2.0,Sat,2024-08-24,19:00,Lille,0.9,2–0,0.6,Angers,36906.0,Decathlon Arena - Stade Pierre-Mauroy,,Match Report,
2.0,Sat,2024-08-24,21:00,Saint-Étienne,1.1,0–2,2.4,Le Havre,16958.0,Stade Geoffroy-Guichard,,Match Report,
2.0,Sun,2024-08-25,15:00,Lens,2.9,2–0,0.9,Brest,37435.0,Stade Bollaert-Delelis,,Match Report,
2.0,Sun,2024-08-25,17:00,Strasbourg,0.7,3–1,1.1,Rennes,19026.0,Stade de la Meinau,,Match Report,
2.0,Sun,2024-08-25,17:00,Nice,1.3,1–1,1.0,Toulouse,21656.0,Allianz Riviera,Bastien Dechepy,Match Report,
2.0,Sun,2024-08-25,17:00,Nantes,1.4,2–0,1.1,Auxerre,31077.0,Stade de la Beaujoire - Louis Fonteneau,Gaël Angoula,Match Report,
2.0,Sun,2024-08-25,20:45,Marseille,3.0,2–2,0.9,Reims,63841.0,Orange Vélodrome,,Match Report,
,,,,,,,,,,,,,
3.0,Fri,2024-08-30,20:45,Lyon,2.9,4–3,2.7,Strasbourg,43805.0,Groupama Stadium,Thomas Léonard,Match Report,
3.0,Sat,2024-08-31,17:00,Brest,3.1,4–0,0.2,Saint-Étienne,14885.0,Stade Francis-Le Blé,Gaël Angoula,Match Report,
3.0,Sat,2024-08-31,19:00,Montpellier,0.9,1–3,1.5,Nantes,13000.0,Stade de la Mosson-Mondial 98,Benoît Millot,Match Report,
3.0,Sat,2024-08-31,21:00,Toulouse,1.0,1–3,0.8,Marseille,19178.0,Stadium de Toulouse,Stéphanie Frappart,Match Report,
3.0,Sun,2024-09-01,15:00,Monaco,1.0,1–1,2.2,Lens,9030.0,Stade Louis II,Willy Delajod,Match Report,
3.0,Sun,2024-09-01,17:00,Angers,1.4,1–4,2.2,Nice,9168.0,Stade Raymond Kopa,Jeremy Stinat,Match Report,
3.0,Sun,2024-09-01,17:00,Reims,1.4,2–1,0.8,Rennes,12856.0,Stade Auguste-Delaune,Mathieu Vernice,Match Report,
3.0,Sun,2024-09-01,17:00,Le Havre,2.8,3–1,0.6,Auxerre,19715.0,Stade Océane,Marc Bollengier,Match Report,
3.0,Sun,2024-09-01,20:45,Lille,1.4,1–3,2.6,Paris S-G,45434.0,Decathlon Arena - Stade Pierre-Mauroy,Benoît Bastien,Match Report,
,,,,,,,,,,,,,
4.0,Fri,2024-09-13,20:45,Saint-Étienne,1.2,1–0,1.2,Lille,23000.0,Stade Geoffroy-Guichard,François Letexier,Match Report,
4.0,Sat,2024-09-14,17:00,Marseille,0.7,2–0,1.9,Nice,65803.0,Orange Vélodrome,Benoît Millot,Match Report,
4.0,Sat,2024-09-14,19:00,Auxerre,0.6,0–3,3.4,Monaco,17045.0,Stade de l'Abbé Deschamps,Abdelatif Kherradji,Match Report,
4.0,Sat,2024-09-14,21:00,Paris S-G,2.8,3–1,1.0,Brest,47000.0,Parc des Princes,Clément Turpin,Match Report,
4.0,Sun,2024-09-15,15:00,Rennes,1.3,3–0,0.3,Montpellier,27451.0,Roazhon Park,Jérémie Pignard,Match Report,
4.0,Sun,2024-09-15,17:00,Strasbourg,2.3,1–1,0.9,Angers,19135.0,Stade de la Meinau,Hakim Ben El Hadj Salem,Match Report,
4.0,Sun,2024-09-15,17:00,Toulouse,1.3,2–0,0.2,Le Havre,30097.0,Stadium de Toulouse,Eric Wattellier,Match Report,
4.0,Sun,2024-09-15,17:00,Nantes,1.5,1–2,0.5,Reims,29811.0,Stade de la Beaujoire - Louis Fonteneau,Willy Delajod,Match Report,
4.0,Sun,2024-09-15,20:45,Lens,1.0,0–0,0.6,Lyon,38116.0,Stade Bollaert-Delelis,Bastien Dechepy,Match Report,
,,,,,,,,,,,,,
5.0,Fri,2024-09-20,20:45,Nice,4.7,8–0,0.3,Saint-Étienne,30024.0,Allianz Riviera,Thomas Léonard,Match Report,
5.0,Sat,2024-09-21,17:00,Lille,2.6,3–3,3.2,Strasbourg,39516.0,Decathlon Arena - Stade Pierre-Mauroy,Jérôme Brisard,Match Report,
5.0,Sat,2024-09-21,19:00,Rennes,1.4,1–1,0.6,Lens,28500.0,Roazhon Park,Jeremy Stinat,Match Report,
5.0,Sat,2024-09-21,21:00,Reims,0.3,1–1,1.6,Paris S-G,20220.0,Stade Auguste-Delaune,Jérémie Pignard,Match Report,
5.0,Sun,2024-09-22,15:00,Monaco,1.9,3–1,0.6,Le Havre,6000.0,Stade Louis II,Stéphanie Frappart,Match Report,
5.0,Sun,2024-09-22,17:00,Angers,0.9,1–1,0.6,Nantes,16960.0,Stade Raymond Kopa,Mathieu Vernice,Match Report,
5.0,Sun,2024-09-22,17:00,Brest,0.5,2–0,2.7,Toulouse,14580.0,Stade Francis-Le Blé,Florent Batta,Match Report,
5.0,Sun,2024-09-22,17:00,Montpellier,2.0,3–2,1.2,Auxerre,11643.0,Stade de la Mosson-Mondial 98,Hakim Ben El Hadj Salem,Match Report,
5.0,Sun,2024-09-22,20:45,Lyon,3.0,2–3,0.8,Marseille,53928.0,Groupama Stadium,Benoît Bastien,Match Report,
,,,,,,,,,,,,,
6.0,Fri,2024-09-27,19:00,Auxerre,2.5,3–0,0.8,Brest,15381.0,Stade de l'Abbé Deschamps,Jeremy Stinat,Match Report,
6.0,Fri,2024-09-27,21:00,Paris S-G,3.0,3–1,1.4,Rennes,47000.0,Parc des Princes,Hakim Ben El Hadj Salem,Match Report,
6.0,Sat,2024-09-28,17:00,Lens,1.9,0–0,1.1,Nice,37301.0,Stade Bollaert-Delelis,François Letexier,Match Report,
6.0,Sat,2024-09-28,19:00,Le Havre,0.4,0–3,3.1,Lille,21369.0,Stade Océane,Bastien Dechepy,Match Report,
6.0,Sat,2024-09-28,21:00,Monaco,3.2,2–1,0.9,Montpellier,13065.0,Stade Louis II,Marc Bollengier,Match Report,
6.0,Sun,2024-09-29,15:00,Toulouse,0.9,1–2,0.4,Lyon,30026.0,Stadium de Toulouse,Gaël Angoula,Match Report,
6.0,Sun,2024-09-29,17:00,Angers,1.1,1–3,2.9,Reims,8526.0,Stade Raymond Kopa,Eric Wattellier,Match Report,
6.0,Sun,2024-09-29,17:00,Nantes,1.8,2–2,1.0,Saint-Étienne,34005.0,Stade de la Beaujoire - Louis Fonteneau,Abdelatif Kherradji,Match Report,
6.0,Sun,2024-09-29,20:45,Strasbourg,1.3,1–0,0.5,Marseille,19790.0,Stade de la Meinau,Willy Delajod,Match Report,
,,,,,,,,,,,,,
7.0,Fri,2024-10-04,20:45,Marseille,0.9,1–1,0.8,Angers,54568.0,Orange Vélodrome,Romain Lissorgue,Match Report,
7.0,Sat,2024-10-05,17:00,Saint-Étienne,2.7,3–1,0.8,Auxerre,31445.0,Stade Geoffroy-Guichard,Mathieu Vernice,Match Report,
7.0,Sat,2024-10-05,19:00,Lille,1.6,2–1,1.1,Toulouse,36947.0,Decathlon Arena - Stade Pierre-Mauroy,Clément Turpin,Match Report,
7.0,Sat,2024-10-05,21:00,Rennes,0.7,1–2,0.6,Monaco,26533.0,Roazhon Park,Thomas Léonard,Match Report,
7.0,Sun,2024-10-06,15:00,Lyon,3.2,2–0,0.9,Nantes,51888.0,Groupama Stadium,Marc Bollengier,Match Report,
7.0,Sun,2024-10-06,17:00,Brest,0.7,2–0,1.0,Le Havre,14572.0,Stade Francis-Le Blé,Benoît Millot,Match Report,
7.0,Sun,2024-10-06,17:00,Reims,3.0,4–2,0.5,Montpellier,14903.0,Stade Auguste-Delaune,Benoît Bastien,Match Report,
7.0,Sun,2024-10-06,17:00,Strasbourg,1.2,2–2,1.0,Lens,19968.0,Stade de la Meinau,Stéphanie Frappart,Match Report,
7.0,Sun,2024-10-06,20:45,Nice,0.5,1–1,1.3,Paris S-G,30247.0,Allianz Riviera,Jérôme Brisard,Match Report,
,,,,,,,,,,,,,
8.0,Fri,2024-10-18,20:45,Monaco,1.2,0–0,0.2,Lille,7263.0,Stade Louis II,Eric Wattellier,Match Report,
8.0,Sat,2024-10-19,17:00,Brest,1.5,1–1,1.2,Rennes,15099.0,Stade Francis-Le Blé,Bastien Dechepy,Match Report,
8.0,Sat,2024-10-19,19:00,Saint-Étienne,0.8,0–2,1.2,Lens,36832.0,Stade Geoffroy-Guichard,Romain Lissorgue,Match Report,
8.0,Sat,2024-10-19,21:00,Paris S-G,3.5,4–2,1.9,Strasbourg,47590.0,Parc des Princes,Jeremy Stinat,Match Report,
8.0,Sun,2024-10-20,15:00,Le Havre,0.4,0–4,2.7,Lyon,22490.0,Stade Océane,Abdelatif Kherradji,Match Report,
8.0,Sun,2024-10-20,17:00,Auxerre,2.8,2–1,1.1,Reims,17016.0,Stade de l'Abbé Deschamps,Florent Batta,Match Report,
8.0,Sun,2024-10-20,17:00,Nantes,0.5,1–1,0.8,Nice,28141.0,Stade de la Beaujoire - Louis Fonteneau,Gaël Angoula,Match Report,
8.0,Sun,2024-10-20,17:00,Toulouse,2.0,1–1,1.4,Angers,24107.0,Stadium de Toulouse,Willy Delajod,Match Report,
8.0,Sun,2024-10-20,20:45,Montpellier,1.3,0–5,3.2,Marseille,18000.0,Stade de la Mosson-Mondial 98,Clément Turpin,Match Report,
,,,,,,,,,,,,,
9.0,Fri,2024-10-25,20:45,Rennes,1.5,1–0,0.4,Le Havre,27130.0,Roazhon Park,Florent Batta,Match Report,
9.0,Sat,2024-10-26,17:00,Angers,2.9,4–2,1.5,Saint-Étienne,13796.0,Stade Raymond Kopa,Marc Bollengier,Match Report,
9.0,Sat,2024-10-26,19:00,Reims,0.7,1–2,1.5,Brest,17172.0,Stade Auguste-Delaune,Jérôme Brisard,Match Report,
9.0,Sat,2024-10-26,21:00,Lens,1.0,0–2,1.8,Lille,38223.0,Stade Bollaert-Delelis,Benoît Bastien,Match Report,
9.0,Sun,2024-10-27,15:00 (16:00),Lyon,2.0,2–2,1.5,Auxerre,54868.0,Groupama Stadium,Jeremy Stinat,Match Report,
9.0,Sun,2024-10-27,17:00 (18:00),Nice,1.6,2–1,0.5,Monaco,29795.0,Allianz Riviera,Jérémie Pignard,Match Report,
9.0,Sun,2024-10-27,17:00 (18:00),Strasbourg,1.7,3–1,0.7,Nantes,19398.0,Stade de la Meinau,Hakim Ben El Hadj Salem,Match Report,
9.0,Sun,2024-10-27,17:00 (18:00),Montpellier,0.2,0–3,1.9,Toulouse,14111.0,Stade de la Mosson-Mondial 98,Thomas Léonard,Match Report,
9.0,Sun,2024-10-27,20:45 (21:45),Marseille,0.2,0–3,3.1,Paris S-G,66115.0,Orange Vélodrome,François Letexier,Match Report,
,,,,,,,,,,,,,
10.0,Fri,2024-11-01,19:00 (20:00),Monaco,1.4,0–1,0.5,Angers,10540.0,Stade Louis II,Abdelatif Kherradji,Match Report,
10.0,Fri,2024-11-01,21:00 (22:00),Lille,1.7,1–1,1.2,Lyon,45084.0,Decathlon Arena - Stade Pierre-Mauroy,Jérôme Brisard,Match Report,
10.0,Sat,2024-11-02,17:00 (18:00),Paris S-G,2.9,1–0,0.7,Lens,47926.0,Parc des Princes,Willy Delajod,Match Report,
10.0,Sat,2024-11-02,19:00 (20:00),Brest,1.0,0–1,1.4,Nice,14534.0,Stade Francis-Le Blé,Clément Turpin,Match Report,
10.0,Sat,2024-11-02,21:00 (22:00),Saint-Étienne,2.8,2–0,0.5,Strasbourg,33043.0,Stade Geoffroy-Guichard,Eric Wattellier,Match Report,
10.0,Sun,2024-11-03,15:00 (16:00),Toulouse,0.9,1–0,1.1,Reims,23769.0,Stadium de Toulouse,Mathieu Vernice,Match Report,
10.0,Sun,2024-11-03,17:00 (18:00),Le Havre,2.2,1–0,1.0,Montpellier,18703.0,Stade Océane,Stéphanie Frappart,Match Report,
10.0,Sun,2024-11-03,17:00 (18:00),Auxerre,2.8,4–0,0.9,Rennes,16366.0,Stade de l'Abbé Deschamps,Gaël Angoula,Match Report,
10.0,Sun,2024-11-03,20:45 (21:45),Nantes,1.4,1–2,1.2,Marseille,33248.0,Stade de la Beaujoire - Louis Fonteneau,Bastien Dechepy,Match Report,
,,,,,,,,,,,,,
11.0,Fri,2024-11-08,20:45 (21:45),Marseille,2.5,1–3,1.9,Auxerre,64184.0,Orange Vélodrome,Marc Bollengier,Match Report,
11.0,Sat,2024-11-09,17:00 (18:00),Strasbourg,0.6,1–3,3.8,Monaco,19451.0,Stade de la Meinau,Bastien Dechepy,Match Report,
11.0,Sat,2024-11-09,19:00 (20:00),Lens,2.9,3–2,1.4,Nantes,38202.0,Stade Bollaert-Delelis,Clément Turpin,Match Report,
11.0,Sat,2024-11-09,21:00 (22:00),Angers,1.1,2–4,3.4,Paris S-G,17212.0,Stade Raymond Kopa,Benoît Millot,Match Report,
11.0,Sun,2024-11-10,15:00 (16:00),Nice,2.1,2–2,1.7,Lille,25063.0,Allianz Riviera,Jeremy Stinat,Match Report,
11.0,Sun,2024-11-10,17:00 (18:00),Montpellier,2.5,3–1,0.9,Brest,12936.0,Stade de la Mosson-Mondial 98,Jérémie Pignard,Match Report,
11.0,Sun,2024-11-10,17:00 (18:00),Rennes,0.6,0–2,1.4,Toulouse,27525.0,Roazhon Park,Romain Lissorgue,Match Report,
11.0,Sun,2024-11-10,17:00 (18:00),Le Havre,1.4,0–3,2.6,Reims,19256.0,Stade Océane,Hakim Ben El Hadj Salem,Match Report,
11.0,Sun,2024-11-10,20:45 (21:45),Lyon,1.1,1–0,0.6,Saint-Étienne,58082.0,Groupama Stadium,Willy Delajod,Match Report,
,,,,,,,,,,,,,
12.0,Fri,2024-11-22,19:00 (20:00),Monaco,2.6,3–2,1.0,Brest,5800.0,Stade Louis II,Thomas Léonard,Match Report,
12.0,Fri,2024-11-22,21:00 (22:00),Paris S-G,1.1,3–0,1.4,Toulouse,47000.0,Parc des Princes,Gaël Angoula,Match Report,
12.0,Sat,2024-11-23,17:00 (18:00),Lens,2.5,1–3,1.2,Marseille,38823.0,Stade Bollaert-Delelis,Eric Wattellier,Match Report,
12.0,Sat,2024-11-23,19:00 (20:00),Saint-Étienne,1.5,1–0,0.9,Montpellier,33008.0,Stade Geoffroy-Guichard,Florent Batta,Match Report,
12.0,Sat,2024-11-23,21:00 (22:00),Reims,1.0,1–1,1.7,Lyon,18500.0,Stade Auguste-Delaune,Stéphanie Frappart,Match Report,
12.0,Sun,2024-11-24,15:00 (16:00),Lille,0.4,1–0,0.2,Rennes,46019.0,Decathlon Arena - Stade Pierre-Mauroy,Mathieu Vernice,Match Report,
12.0,Sun,2024-11-24,17:00 (18:00),Nantes,0.9,0–2,0.9,Le Havre,26936.0,Stade de la Beaujoire - Louis Fonteneau,Jérôme Brisard,Match Report,
12.0,Sun,2024-11-24,17:00 (18:00),Auxerre,0.6,1–0,0.9,Angers,16120.0,Stade de l'Abbé Deschamps,François Letexier,Match Report,
12.0,Sun,2024-11-24,20:45 (21:45),Nice,2.1,2–1,0.4,Strasbourg,18389.0,Allianz Riviera,Benoît Bastien,Match Report,
,,,,,,,,,,,,,
13.0,Fri,2024-11-29,20:45 (21:45),Reims,0.8,0–2,1.8,Lens,18555.0,Stade Auguste-Delaune,Abdelatif Kherradji,Match Report,
13.0,Sat,2024-11-30,17:00 (18:00),Rennes,3.2,5–0,0.1,Saint-Étienne,27586.0,Roazhon Park,Marc Bollengier,Match Report,
13.0,Sat,2024-11-30,19:00 (20:00),Brest,2.5,3–1,1.0,Strasbourg,14600.0,Stade Francis-Le Blé,Romain Lissorgue,Match Report,
13.0,Sat,2024-11-30,21:00 (22:00),Paris S-G,2.6,1–1,0.8,Nantes,47926.0,Parc des Princes,Jeremy Stinat,Match Report,
13.0,Sun,2024-12-01,15:00 (16:00),Montpellier,1.4,2–2,2.2,Lille,14000.0,Stade de la Mosson-Mondial 98,Benoît Millot,Match Report,
13.0,Sun,2024-12-01,17:00 (18:00),Toulouse,2.3,2–0,0.2,Auxerre,23525.0,Stadium de Toulouse,Hakim Ben El Hadj Salem,Match Report,
13.0,Sun,2024-12-01,17:00 (18:00),Lyon,2.7,4–1,2.1,Nice,59977.0,Groupama Stadium,Bastien Dechepy,Match Report,
13.0,Sun,2024-12-01,17:00 (18:00),Le Havre,0.3,0–1,2.1,Angers,20018.0,Stade Océane,Willy Delajod,Match Report,
13.0,Sun,2024-12-01,20:45 (21:45),Marseille,1.9,2–1,1.0,Monaco,64277.0,Orange Vélodrome,Clément Turpin,Match Report,
,,,,,,,,,,,,,
14.0,Fri,2024-12-06,19:00 (20:00),Lille,2.5,3–1,0.7,Brest,38128.0,Decathlon Arena - Stade Pierre-Mauroy,Benoît Bastien,Match Report,
14.0,Fri,2024-12-06,21:00 (22:00),Auxerre,0.3,0–0,2.5,Paris S-G,17028.0,Stade de l'Abbé Deschamps,Jérémie Pignard,Match Report,
14.0,Sat,2024-12-07,17:00 (18:00),Monaco,3.2,2–0,0.5,Toulouse,6868.0,Stade Louis II,Stéphanie Frappart,Match Report,
14.0,Sat,2024-12-07,19:00 (20:00),Nice,2.0,2–1,1.1,Le Havre,21248.0,Allianz Riviera,François Letexier,Match Report,
14.0,Sat,2024-12-07,21:00 (22:00),Angers,0.6,0–3,2.0,Lyon,16301.0,Stade Raymond Kopa,Marc Bollengier,Match Report,
14.0,Sun,2024-12-08,15:00 (16:00),Lens,1.3,2–0,1.0,Montpellier,37317.0,Stade Bollaert-Delelis,Mathieu Vernice,Match Report,
14.0,Sun,2024-12-08,17:00 (18:00),Strasbourg,0.8,0–0,1.1,Reims,19369.0,Stade de la Meinau,Thomas Léonard,Match Report,
14.0,Sun,2024-12-08,17:00 (18:00),Nantes,1.2,1–0,0.4,Rennes,28418.0,Stade de la Beaujoire - Louis Fonteneau,Eric Wattellier,Match Report,
14.0,Sun,2024-12-08,20:45 (21:45),Saint-Étienne,0.1,0–2,2.5,Marseille,35350.0,Stade Geoffroy-Guichard,Jérôme Brisard,Match Report,
,,,,,,,,,,,,,
15.0,Fri,2024-12-13,20:45 (21:45),Toulouse,1.4,2–1,0.5,Saint-Étienne,25350.0,Stadium de Toulouse,Thomas Léonard,Match Report,
15.0,Sat,2024-12-14,17:00 (18:00),Marseille,1.2,1–1,1.4,Lille,64380.0,Orange Vélodrome,Willy Delajod,Match Report,
15.0,Sat,2024-12-14,19:00 (20:00),Auxerre,0.6,2–2,1.6,Lens,17052.0,Stade de l'Abbé Deschamps,Jeremy Stinat,Match Report,
15.0,Sat,2024-12-14,21:00 (22:00),Reims,1.5,0–0,1.3,Monaco,15859.0,Stade Auguste-Delaune,Romain Lissorgue,Match Report,
15.0,Sun,2024-12-15,15:00 (16:00),Montpellier,2.0,2–2,1.4,Nice,11612.0,Stade de la Mosson-Mondial 98,Clément Turpin,Match Report,
15.0,Sun,2024-12-15,17:00 (18:00),Le Havre,0.9,0–3,0.9,Strasbourg,17071.0,Stade Océane,Abdelatif Kherradji,Match Report,
15.0,Sun,2024-12-15,17:00 (18:00),Brest,2.0,4–1,1.1,Nantes,15019.0,Stade Francis-Le Blé,Gaël Angoula,Match Report,
15.0,Sun,2024-12-15,17:00 (18:00),Rennes,0.6,2–0,0.4,Angers,27781.0,Roazhon Park,Hakim Ben El Hadj Salem,Match Report,
15.0,Sun,2024-12-15,20:45 (21:45),Paris S-G,2.9,3–1,1.5,Lyon,47000.0,Parc des Princes,Benoît Bastien,Match Report,
,,,,,,,,,,,,,
16.0,Wed,2024-12-18,21:00 (22:00),Monaco,2.4,2–4,1.8,Paris S-G,12095.0,Stade Louis II,François Letexier,Match Report,
16.0,Fri,2025-01-03,21:00 (22:00),Nice,1.5,3–2,1.7,Rennes,21332.0,Allianz Riviera,Jérôme Brisard,Match Report,
16.0,Sat,2025-01-04,17:00 (18:00),Saint-Étienne,2.2,3–1,1.1,Reims,14201.0,Stade Geoffroy-Guichard,Stéphanie Frappart,Match Report,
16.0,Sat,2025-01-04,19:00 (20:00),Lille,1.2,1–1,1.3,Nantes,41635.0,Decathlon Arena - Stade Pierre-Mauroy,Jérémie Pignard,Match Report,
16.0,Sat,2025-01-04,21:00 (22:00),Lyon,1.4,1–0,1.2,Montpellier,48162.0,Groupama Stadium,Jeremy Stinat,Match Report,
16.0,Sun,2025-01-05,15:00 (16:00),Lens,1.4,0–1,2.0,Toulouse,37461.0,Stade Bollaert-Delelis,Hakim Ben El Hadj Salem,Match Report,
16.0,Sun,2025-01-05,15:00 (16:00),Strasbourg,2.9,3–1,1.4,Auxerre,19471.0,Stade de la Meinau,Florent Batta,Match Report,
16.0,Sun,2025-01-05,15:00 (16:00),Angers,1.8,2–0,1.0,Brest,12691.0,Stade Raymond Kopa,Benoît Millot,Match Report,
16.0,Sun,2025-01-05,20:45 (21:45),Marseille,3.2,5–1,0.4,Le Havre,64092.0,Orange Vélodrome,Thomas Léonard,Match Report,
,,,,,,,,,,,,,
17.0,Fri,2025-01-10,19:00 (20:00),Nantes,0.8,2–2,3.4,Monaco,25380.0,Stade de la Beaujoire - Louis Fonteneau,Marc Bollengier,Match Report,
17.0,Fri,2025-01-10,21:05 (22:05),Auxerre,0.8,0–0,1.5,Lille,15599.0,Stade de l'Abbé Deschamps,Gaël Angoula,Match Report,
17.0,Sat,2025-01-11,17:00 (18:00),Brest,1.1,2–1,1.4,Lyon,14735.0,Stade Francis-Le Blé,Eric Wattellier,Match Report,
17.0,Sat,2025-01-11,19:00 (20:00),Reims,0.8,2–4,2.5,Nice,12270.0,Stade Auguste-Delaune,Willy Delajod,Match Report,
17.0,Sat,2025-01-11,21:05 (22:05),Rennes,1.2,1–2,1.7,Marseille,26837.0,Roazhon Park,Abdelatif Kherradji,Match Report,
17.0,Sun,2025-01-12,15:00 (16:00),Le Havre,1.5,1–2,2.7,Lens,19617.0,Stade Océane,Clément Turpin,Match Report,
17.0,Sun,2025-01-12,17:15 (18:15),Montpellier,1.2,1–3,3.8,Angers,11719.0,Stade de la Mosson-Mondial 98,Romain Lissorgue,Match Report,
17.0,Sun,2025-01-12,17:15 (18:15),Toulouse,1.2,1–2,2.3,Strasbourg,22042.0,Stadium de Toulouse,Benoît Bastien,Match Report,
17.0,Sun,2025-01-12,20:45 (21:45),Paris S-G,4.1,2–1,0.4,Saint-Étienne,47580.0,Parc des Princes,Benoît Millot,Match Report,
,,,,,,,,,,,,,
18.0,Fri,2025-01-17,19:00 (20:00),Montpellier,2.4,2–1,1.8,Monaco,11371.0,Stade de la Mosson-Mondial 98,Jérôme Brisard,Match Report,
18.0,Fri,2025-01-17,21:05 (22:05),Lille,1.1,2–1,2.8,Nice,38325.0,Decathlon Arena - Stade Pierre-Mauroy,François Letexier,Match Report,
18.0,Sat,2025-01-18,17:00 (18:00),Lens,0.7,1–2,1.2,Paris S-G,38120.0,Stade Bollaert-Delelis,Jérémie Pignard,Match Report,
18.0,Sat,2025-01-18,19:00 (20:00),Rennes,1.5,1–2,1.0,Brest,28238.0,Roazhon Park,Thomas Léonard,Match Report,
18.0,Sat,2025-01-18,21:05 (22:05),Lyon,0.7,0–0,1.1,Toulouse,42750.0,Groupama Stadium,Benoît Millot,Match Report,
18.0,Sun,2025-01-19,15:00 (16:00),Saint-Étienne,0.8,1–1,1.3,Nantes,14094.0,Stade Geoffroy-Guichard,Florent Batta,Match Report,
18.0,Sun,2025-01-19,17:15 (18:15),Angers,0.9,2–0,0.7,Auxerre,9938.0,Stade Raymond Kopa,Stéphanie Frappart,Match Report,
18.0,Sun,2025-01-19,17:15 (18:15),Reims,0.8,1–1,0.8,Le Havre,11278.0,Stade Auguste-Delaune,Mathieu Vernice,Match Report,
18.0,Sun,2025-01-19,20:45 (21:45),Marseille,2.8,1–1,0.9,Strasbourg,61000.0,Orange Vélodrome,Bastien Dechepy,Match Report,
,,,,,,,,,,,,,
19.0,Fri,2025-01-24,20:45 (21:45),Auxerre,0.8,1–1,1.2,Saint-Étienne,16805.0,Stade de l'Abbé Deschamps,Marc Bollengier,Match Report,
19.0,Sat,2025-01-25,17:00 (18:00),Monaco,3.5,3–2,1.8,Rennes,5725.0,Stade Louis II,Jeremy Stinat,Match Report,
19.0,Sat,2025-01-25,19:00 (20:00),Strasbourg,1.1,2–1,1.8,Lille,19428.0,Stade de la Meinau,Willy Delajod,Match Report,
19.0,Sat,2025-01-25,21:05 (22:05),Paris S-G,1.2,1–1,0.9,Reims,47862.0,Parc des Princes,Hakim Ben El Hadj Salem,Match Report,
19.0,Sun,2025-01-26,15:00 (16:00),Le Havre,1.0,0–1,2.0,Brest,17898.0,Stade Océane,Romain Lissorgue,Match Report,
19.0,Sun,2025-01-26,17:15 (18:15),Lens,1.9,1–0,0.2,Angers,37321.0,Stade Bollaert-Delelis,Abdelatif Kherradji,Match Report,
19.0,Sun,2025-01-26,17:15 (18:15),Toulouse,1.0,1–2,0.5,Montpellier,28382.0,Stadium de Toulouse,Clément Turpin,Match Report,
19.0,Sun,2025-01-26,17:15 (18:15),Nantes,1.2,1–1,1.1,Lyon,32690.0,Stade de la Beaujoire - Louis Fonteneau,Benoît Bastien,Match Report,
19.0,Sun,2025-01-26,20:45 (21:45),Nice,1.2,2–0,0.8,Marseille,31017.0,Allianz Riviera,Eric Wattellier,Match Report,
,,,,,,,,,,,,,
20.0,Fri,2025-01-31,20:45 (21:45),Montpellier,0.8,0–2,2.0,Lens,15330.0,Stade de la Mosson-Mondial 98,Bastien Dechepy,Match Report,
20.0,Sat,2025-02-01,17:00 (18:00),Brest,0.9,2–5,3.6,Paris S-G,15040.0,Stade Francis-Le Blé,Benoît Bastien,Match Report,
20.0,Sat,2025-02-01,19:00 (20:00),Monaco,2.6,4–2,1.2,Auxerre,53363.0,Stade Louis II,Abdelatif Kherradji,Match Report,
20.0,Sat,2025-02-01,21:05 (22:05),Lille,3.4,4–1,2.0,Saint-Étienne,38924.0,Decathlon Arena - Stade Pierre-Mauroy,Eric Wattellier,Match Report,
20.0,Sun,2025-02-02,15:00 (16:00),Toulouse,1.4,1–1,1.7,Nice,23522.0,Stadium de Toulouse,Thomas Léonard,Match Report,
20.0,Sun,2025-02-02,17:15 (18:15),Reims,1.0,1–2,2.0,Nantes,12712.0,Stade Auguste-Delaune,Benoît Millot,Match Report,
20.0,Sun,2025-02-02,17:15 (18:15),Rennes,0.9,1–0,1.2,Strasbourg,26621.0,Roazhon Park,Stéphanie Frappart,Match Report,
20.0,Sun,2025-02-02,17:15 (18:15),Angers,1.3,1–1,2.2,Le Havre,11267.0,Stade Raymond Kopa,Jérémie Pignard,Match Report,
20.0,Sun,2025-02-02,20:45 (21:45),Marseille,3.2,3–2,1.7,Lyon,66096.0,Orange Vélodrome,Jérôme Brisard,Match Report,
,,,,,,,,,,,,,
21.0,Fri,2025-02-07,19:00 (20:00),Nantes,1.1,0–2,2.5,Brest,25050.0,Stade de la Beaujoire - Louis Fonteneau,Jérémie Pignard,Match Report,
21.0,Fri,2025-02-07,21:05 (22:05),Paris S-G,3.1,4–1,0.9,Monaco,47926.0,Parc des Princes,Clément Turpin,Match Report,
21.0,Sat,2025-02-08,17:00 (18:00),Nice,2.2,2–0,1.2,Lens,22586.0,Allianz Riviera,Romain Lissorgue,Match Report,
21.0,Sat,2025-02-08,19:00 (20:00),Lille,1.6,1–2,1.8,Le Havre,39515.0,Decathlon Arena - Stade Pierre-Mauroy,Thomas Léonard,Match Report,
21.0,Sat,2025-02-08,21:05 (22:05),Saint-Étienne,0.5,0–2,3.6,Rennes,30385.0,Stade Geoffroy-Guichard,Mathieu Vernice,Match Report,
21.0,Sun,2025-02-09,15:00 (16:00),Lyon,3.3,4–0,0.4,Reims,43489.0,Groupama Stadium,François Letexier,Match Report,
21.0,Sun,2025-02-09,17:15 (18:15),Auxerre,0.9,2–2,0.9,Toulouse,15801.0,Stade de l'Abbé Deschamps,Jérôme Brisard,Match Report,
21.0,Sun,2025-02-09,17:15 (18:15),Strasbourg,2.7,2–0,1.8,Montpellier,19042.0,Stade de la Meinau,Jeremy Stinat,Match Report,
21.0,Sun,2025-02-09,20:45 (21:45),Angers,0.5,0–2,2.4,Marseille,17325.0,Stade Raymond Kopa,Hakim Ben El Hadj Salem,Match Report,
,,,,,,,,,,,,,
22.0,Fri,2025-02-14,20:45 (21:45),Brest,2.2,2–2,1.2,Auxerre,12525.0,Stade Francis-Le Blé,Bastien Dechepy,Match Report,
22.0,Sat,2025-02-15,17:00 (18:00),Marseille,6.1,5–1,1.0,Saint-Étienne,66199.0,Orange Vélodrome,Abdelatif Kherradji,Match Report,
22.0,Sat,2025-02-15,19:00 (20:00),Monaco,4.4,7–1,1.4,Nantes,6080.0,Stade Louis II,Thomas Léonard,Match Report,
22.0,Sat,2025-02-15,21:05 (22:05),Toulouse,0.9,0–1,2.4,Paris S-G,31703.0,Stadium de Toulouse,Willy Delajod,Match Report,
22.0,Sun,2025-02-16,15:00 (16:00),Montpellier,1.4,1–4,1.0,Lyon,16573.0,Stade de la Mosson-Mondial 98,Marc Bollengier,Match Report,
22.0,Sun,2025-02-16,17:15 (18:15),Reims,1.7,0–1,1.5,Angers,11868.0,Stade Auguste-Delaune,Florent Batta,Match Report,
22.0,Sun,2025-02-16,17:15 (18:15),Lens,0.4,0–2,2.4,Strasbourg,38113.0,Stade Bollaert-Delelis,Benoît Millot,Match Report,
22.0,Sun,2025-02-16,17:15 (18:15),Le Havre,0.7,1–3,1.4,Nice,17739.0,Stade Océane,Stéphanie Frappart,Match Report,
22.0,Sun,2025-02-16,20:45 (21:45),Rennes,0.4,0–2,3.0,Lille,27627.0,Roazhon Park,Romain Lissorgue,Match Report,
,,,,,,,,,,,,,
23.0,Fri,2025-02-21,20:45 (21:45),Rennes,2.3,1–0,0.1,Reims,26818.0,Roazhon Park,Marc Bollengier,Match Report,
23.0,Sat,2025-02-22,17:00 (18:00),Lille,1.1,2–1,2.3,Monaco,44177.0,Decathlon Arena - Stade Pierre-Mauroy,Benoît Bastien,Match Report,
23.0,Sat,2025-02-22,19:00 (20:00),Saint-Étienne,1.5,3–3,2.9,Angers,30566.0,Stade Geoffroy-Guichard,Bastien Dechepy,Match Report,
23.0,Sat,2025-02-22,21:05 (22:05),Auxerre,2.0,3–0,0.7,Marseille,17183.0,Stade de l'Abbé Deschamps,Jeremy Stinat,Match Report,
23.0,Sun,2025-02-23,15:00 (16:00),Nantes,3.9,3–1,1.6,Lens,29000.0,Stade de la Beaujoire - Louis Fonteneau,Jérôme Brisard,Match Report,
23.0,Sun,2025-02-23,17:15 (18:15),Strasbourg,0.6,0–0,0.6,Brest,19108.0,Stade de la Meinau,Clément Turpin,Match Report,
23.0,Sun,2025-02-23,17:15 (18:15),Nice,1.8,2–0,0.6,Montpellier,18519.0,Allianz Riviera,Willy Delajod,Match Report,
23.0,Sun,2025-02-23,17:15 (18:15),Le Havre,0.8,1–4,2.4,Toulouse,17239.0,Stade Océane,François Letexier,Match Report,
23.0,Sun,2025-02-23,20:45 (21:45),Lyon,1.8,2–3,2.3,Paris S-G,57777.0,Groupama Stadium,Eric Wattellier,Match Report,
,,,,,,,,,,,,,
24.0,Fri,2025-02-28,20:45 (21:45),Monaco,3.8,3–0,0.6,Reims,5517.0,Stade Louis II,Eric Wattellier,Match Report,
24.0,Sat,2025-03-01,17:00 (18:00),Saint-Étienne,0.9,1–3,1.8,Nice,30070.0,Stade Geoffroy-Guichard,Jérôme Brisard,Match Report,
24.0,Sat,2025-03-01,19:00 (20:00),Lens,1.9,3–4,1.5,Le Havre,38167.0,Stade Bollaert-Delelis,Jérémie Pignard,Match Report,
24.0,Sat,2025-03-01,21:05 (22:05),Paris S-G,3.4,4–1,1.1,Lille,47838.0,Parc des Princes,François Letexier,Match Report,
24.0,Sun,2025-03-02,15:00 (16:00),Lyon,1.3,2–1,2.0,Brest,47804.0,Groupama Stadium,Benoît Millot,Match Report,
24.0,Sun,2025-03-02,17:15 (18:15),Auxerre,2.2,0–1,1.4,Strasbourg,16495.0,Stade de l'Abbé Deschamps,Mathieu Vernice,Match Report,
24.0,Sun,2025-03-02,17:15 (18:15),Montpellier,1.6,0–4,2.4,Rennes,11990.0,Stade de la Mosson-Mondial 98,Florent Batta,Match Report,
24.0,Sun,2025-03-02,17:15 (18:15),Angers,0.4,0–4,3.5,Toulouse,12758.0,Stade Raymond Kopa,Jeremy Stinat,Match Report,
24.0,Sun,2025-03-02,20:45 (21:45),Marseille,2.1,2–0,0.8,Nantes,64074.0,Orange Vélodrome,Stéphanie Frappart,Match Report,
,,,,,,,,,,,,,
25.0,Fri,2025-03-07,20:45 (21:45),Toulouse,0.6,1–1,2.4,Monaco,25614.0,Stadium de Toulouse,Marc Bollengier,Match Report,
25.0,Sat,2025-03-08,17:00 (18:00),Rennes,1.6,1–4,3.8,Paris S-G,28550.0,Roazhon Park,Mathieu Vernice,Match Report,
25.0,Sat,2025-03-08,19:00 (20:00),Lille,1.5,1–0,0.3,Montpellier,42467.0,Decathlon Arena - Stade Pierre-Mauroy,Jérémie Pignard,Match Report,
25.0,Sat,2025-03-08,21:05 (22:05),Marseille,1.0,0–1,0.9,Lens,64952.0,Orange Vélodrome,Thomas Léonard,Match Report,
25.0,Sun,2025-03-09,15:00 (16:00),Brest,3.5,2–0,0.4,Angers,14612.0,Stade Francis-Le Blé,Abdelatif Kherradji,Match Report,
25.0,Sun,2025-03-09,17:15 (18:15),Nantes,0.8,0–1,1.0,Strasbourg,27645.0,Stade de la Beaujoire - Louis Fonteneau,Hakim Ben El Hadj Salem,Match Report,
25.0,Sun,2025-03-09,17:15 (18:15),Reims,1.4,0–2,2.1,Auxerre,15474.0,Stade Auguste-Delaune,Romain Lissorgue,Match Report,
25.0,Sun,2025-03-09,17:15 (18:15),Le Havre,2.0,1–1,1.5,Saint-Étienne,22239.0,Stade Océane,Clément Turpin,Match Report,
25.0,Sun,2025-03-09,20:45 (21:45),Nice,1.4,0–2,1.1,Lyon,23840.0,Allianz Riviera,Benoît Bastien,Match Report,
,,,,,,,,,,,,,
26.0,Fri,2025-03-14,20:45 (21:45),Nice,2.0,1–1,0.7,Auxerre,18640.0,Allianz Riviera,Abdelatif Kherradji,Match Report,
26.0,Sat,2025-03-15,17:00 (18:00),Nantes,1.2,1–0,1.6,Lille,28621.0,Stade de la Beaujoire - Louis Fonteneau,Benoît Millot,Match Report,
26.0,Sat,2025-03-15,19:00 (20:00),Angers,0.5,0–2,2.0,Monaco,11116.0,Stade Raymond Kopa,Willy Delajod,Match Report,
26.0,Sat,2025-03-15,21:05 (22:05),Lens,0.7,1–0,0.6,Rennes,38182.0,Stade Bollaert-Delelis,Stéphanie Frappart,Match Report,
26.0,Sun,2025-03-16,15:00 (16:00),Lyon,3.9,4–2,1.7,Le Havre,39991.0,Groupama Stadium,Bastien Dechepy,Match Report,
26.0,Sun,2025-03-16,17:15 (18:15),Montpellier,,0–2,,Saint-Étienne,,Stade de la Mosson-Mondial 98,François Letexier,Match Report,Match awarded to Saint-Étienne
26.0,Sun,2025-03-16,17:15 (18:15),Brest,0.3,0–0,1.3,Reims,14517.0,Stade Francis-Le Blé,Jérôme Brisard,Match Report,
26.0,Sun,2025-03-16,17:15 (18:15),Strasbourg,1.7,2–1,1.7,Toulouse,19128.0,Stade de la Meinau,Florent Batta,Match Report,
26.0,Sun,2025-03-16,20:45 (21:45),Paris S-G,2.6,3–1,1.2,Marseille,47000.0,Parc des Princes,Clément Turpin,Match Report,
,,,,,,,,,,,,,
27.0,Fri,2025-03-28,20:45 (21:45),Strasbourg,1.1,4–2,2.0,Lyon,19496.0,Stade de la Meinau,Romain Lissorgue,Match Report,
27.0,Sat,2025-03-29,17:00 (18:00),Reims,1.0,3–1,1.1,Marseille,20213.0,Stade Auguste-Delaune,Willy Delajod,Match Report,
27.0,Sat,2025-03-29,19:00 (20:00),Saint-Étienne,1.1,1–6,3.3,Paris S-G,37108.0,Stade Geoffroy-Guichard,Jeremy Stinat,Match Report,
27.0,Sat,2025-03-29,21:05 (22:05),Monaco,2.4,2–1,0.5,Nice,11564.0,Stade Louis II,Jérôme Brisard,Match Report,
27.0,Sun,2025-03-30,15:00,Toulouse,2.0,2–4,1.3,Brest,24418.0,Stadium de Toulouse,Hakim Ben El Hadj Salem,Match Report,
27.0,Sun,2025-03-30,17:15,Le Havre,4.0,3–2,0.8,Nantes,20436.0,Stade Océane,Eric Wattellier,Match Report,
27.0,Sun,2025-03-30,17:15,Auxerre,2.1,1–0,0.5,Montpellier,16558.0,Stade de l'Abbé Deschamps,Marc Bollengier,Match Report,
27.0,Sun,2025-03-30,17:15,Angers,1.0,0–3,1.5,Rennes,11747.0,Stade Raymond Kopa,Thomas Léonard,Match Report,
27.0,Sun,2025-03-30,20:45,Lille,1.9,1–0,0.4,Lens,48197.0,Decathlon Arena - Stade Pierre-Mauroy,Mathieu Vernice,Match Report,
,,,,,,,,,,,,,
28.0,Fri,2025-04-04,20:45,Nice,1.9,1–2,0.5,Nantes,20585.0,Allianz Riviera,Hakim Ben El Hadj Salem,Match Report,
28.0,Sat,2025-04-05,17:00,Paris S-G,1.9,1–0,0.2,Angers,47736.0,Parc des Princes,Marc Bollengier,Match Report,
28.0,Sat,2025-04-05,19:00,Brest,1.0,2–1,1.5,Monaco,14713.0,Stade Francis-Le Blé,Thomas Léonard,Match Report,
28.0,Sat,2025-04-05,21:05,Lyon,1.8,2–1,0.9,Lille,53771.0,Groupama Stadium,Eric Wattellier,Match Report,
28.0,Sun,2025-04-06,15:00,Lens,2.1,1–0,1.4,Saint-Étienne,38223.0,Stade Bollaert-Delelis,Romain Lissorgue,Match Report,
28.0,Sun,2025-04-06,17:15,Rennes,1.2,0–1,0.8,Auxerre,38268.0,Roazhon Park,Florent Batta,Match Report,
28.0,Sun,2025-04-06,17:15,Reims,1.3,0–1,2.5,Strasbourg,16254.0,Stade Auguste-Delaune,Clément Turpin,Match Report,
28.0,Sun,2025-04-06,17:15,Montpellier,1.0,0–2,1.4,Le Havre,10146.0,Stade de la Mosson-Mondial 98,Benoît Bastien,Match Report,
28.0,Sun,2025-04-06,20:45,Marseille,1.0,3–2,1.3,Toulouse,64320.0,Orange Vélodrome,Jérémie Pignard,Match Report,
,,,,,,,,,,,,,
29.0,Fri,2025-04-11,20:45,Lens,2.9,0–2,1.4,Reims,38157.0,Stade Bollaert-Delelis,François Letexier,Match Report,
29.0,Sat,2025-04-12,17:00,Monaco,2.6,3–0,1.1,Marseille,13232.0,Stade Louis II,Benoît Bastien,Match Report,
29.0,Sat,2025-04-12,19:00,Toulouse,0.9,1–2,0.5,Lille,26036.0,Stadium de Toulouse,Jérôme Brisard,Match Report,
29.0,Sat,2025-04-12,21:05,Strasbourg,0.7,2–2,1.7,Nice,19210.0,Stade de la Meinau,Jérémie Pignard,Match Report,
29.0,Sun,2025-04-13,15:00,Saint-Étienne,0.7,3–3,1.5,Brest,32834.0,Stade Geoffroy-Guichard,Abdelatif Kherradji,Match Report,
29.0,Sun,2025-04-13,17:15,Angers,1.4,2–0,0.5,Montpellier,12547.0,Stade Raymond Kopa,Benoît Millot,Match Report,
29.0,Sun,2025-04-13,17:15,Le Havre,0.6,1–5,2.7,Rennes,21582.0,Stade Océane,Willy Delajod,Match Report,
29.0,Sun,2025-04-13,20:45,Auxerre,0.7,1–3,2.9,Lyon,17511.0,Stade de l'Abbé Deschamps,Stéphanie Frappart,Match Report,
,,,,,,,,,,,,,
30.0,Fri,2025-04-18,20:45,Rennes,2.7,2–1,0.7,Nantes,27880.0,Roazhon Park,Abdelatif Kherradji,Match Report,
30.0,Sat,2025-04-19,17:00,Paris S-G,3.0,2–1,0.5,Le Havre,47113.0,Parc des Princes,Mathieu Vernice,Match Report,
30.0,Sat,2025-04-19,19:00,Monaco,0.9,0–0,0.4,Strasbourg,12825.0,Stade Louis II,Eric Wattellier,Match Report,
30.0,Sat,2025-04-19,21:05,Marseille,3.7,5–1,0.3,Montpellier,66312.0,Orange Vélodrome,Jérôme Brisard,Match Report,
30.0,Sun,2025-04-20,15:00,Lille,2.0,3–1,0.3,Auxerre,45929.0,Decathlon Arena - Stade Pierre-Mauroy,Thomas Léonard,Match Report,
30.0,Sun,2025-04-20,17:15,Nice,2.8,2–1,0.4,Angers,25088.0,Allianz Riviera,Jeremy Stinat,Match Report,
30.0,Sun,2025-04-20,17:15,Reims,0.7,1–0,1.3,Toulouse,14608.0,Stade Auguste-Delaune,Marc Bollengier,Match Report,
30.0,Sun,2025-04-20,17:15,Brest,1.0,1–3,2.2,Lens,15049.0,Stade Francis-Le Blé,Benoît Millot,Match Report,
30.0,Sun,2025-04-20,20:45,Saint-Étienne,1.6,2–1,0.8,Lyon,40372.0,Stade Geoffroy-Guichard,François Letexier,Match Report,
,,,,,,,,,,,,,
29.0,Tue,2025-04-22,20:45,Nantes,0.5,1–1,1.6,Paris S-G,34420.0,Stade de la Beaujoire - Louis Fonteneau,Jérémie Pignard,Match Report,
,,,,,,,,,,,,,
31.0,Fri,2025-04-25,20:45,Paris S-G,3.0,1–3,1.0,Nice,47597.0,Parc des Princes,Willy Delajod,Match Report,
31.0,Sat,2025-04-26,17:00,Strasbourg,2.7,3–1,2.1,Saint-Étienne,19603.0,Stade de la Meinau,Benoît Bastien,Match Report,
31.0,Sat,2025-04-26,19:00,Le Havre,0.5,1–1,2.9,Monaco,21340.0,Stade Océane,Clément Turpin,Match Report,
31.0,Sat,2025-04-26,21:05,Lyon,1.8,4–1,0.8,Rennes,51034.0,Groupama Stadium,Marc Bollengier,Match Report,
31.0,Sun,2025-04-27,15:00,Angers,0.7,0–2,1.4,Lille,12865.0,Stade Raymond Kopa,Hakim Ben El Hadj Salem,Match Report,
31.0,Sun,2025-04-27,17:15,Montpellier,0.6,0–0,0.7,Reims,10806.0,Stade de la Mosson-Mondial 98,Jérémie Pignard,Match Report,
31.0,Sun,2025-04-27,17:15,Nantes,1.1,0–0,0.4,Toulouse,31618.0,Stade de la Beaujoire - Louis Fonteneau,Florent Batta,Match Report,
31.0,Sun,2025-04-27,17:15,Lens,1.4,0–4,2.6,Auxerre,38193.0,Stade Bollaert-Delelis,Mathieu Vernice,Match Report,
31.0,Sun,2025-04-27,20:45,Marseille,0.9,4–1,1.2,Brest,62130.0,Orange Vélodrome,Stéphanie Frappart,Match Report,
,,,,,,,,,,,,,
32.0,Fri,2025-05-02,20:45,Nice,1.5,1–0,1.3,Reims,24758.0,Allianz Riviera,Abdelatif Kherradji,Match Report,
32.0,Sat,2025-05-03,17:00,Strasbourg,0.8,2–1,1.7,Paris S-G,19522.0,Stade de la Meinau,Hakim Ben El Hadj Salem,Match Report,
32.0,Sat,2025-05-03,19:00,Toulouse,0.7,2–1,1.4,Rennes,23926.0,Stadium de Toulouse,Benoît Millot,Match Report,
32.0,Sat,2025-05-03,21:05,Saint-Étienne,0.6,1–3,2.0,Monaco,35757.0,Stade Geoffroy-Guichard,Jérôme Brisard,Match Report,
32.0,Sun,2025-05-04,15:00,Nantes,0.5,0–1,1.1,Angers,34556.0,Stade de la Beaujoire - Louis Fonteneau,Thomas Léonard,Match Report,
32.0,Sun,2025-05-04,17:15,Auxerre,0.2,1–2,1.5,Le Havre,17194.0,Stade de l'Abbé Deschamps,Jérémie Pignard,Match Report,
32.0,Sun,2025-05-04,17:15,Brest,1.1,1–0,0.5,Montpellier,13121.0,Stade Francis-Le Blé,Romain Lissorgue,Match Report,
32.0,Sun,2025-05-04,17:15,Lyon,1.0,1–2,0.7,Lens,52020.0,Groupama Stadium,Jeremy Stinat,Match Report,
32.0,Sun,2025-05-04,20:45,Lille,0.5,1–1,1.3,Marseille,48284.0,Decathlon Arena - Stade Pierre-Mauroy,Eric Wattellier,Match Report,
,,,,,,,,,,,,,
33.0,Sat,2025-05-10,21:00,Brest,1.2,2–0,1.9,Lille,14556.0,Stade Francis-Le Blé,Thomas Léonard,Match Report,
33.0,Sat,2025-05-10,21:00,Monaco,1.2,2–0,0.4,Lyon,13578.0,Stade Louis II,Benoît Bastien,Match Report,
33.0,Sat,2025-05-10,21:00,Auxerre,0.4,1–1,0.7,Nantes,17277.0,Stade de l'Abbé Deschamps,Marc Bollengier,Match Report,
33.0,Sat,2025-05-10,21:00,Angers,0.7,2–1,1.0,Strasbourg,14391.0,Stade Raymond Kopa,Clément Turpin,Match Report,
33.0,Sat,2025-05-10,21:00,Montpellier,0.6,1–4,1.7,Paris S-G,16787.0,Stade de la Mosson-Mondial 98,Mathieu Vernice,Match Report,
33.0,Sat,2025-05-10,21:00,Rennes,1.7,2–0,1.1,Nice,26118.0,Roazhon Park,Jeremy Stinat,Match Report,
33.0,Sat,2025-05-10,21:00,Reims,1.9,0–2,0.7,Saint-Étienne,18630.0,Stade Auguste-Delaune,Eric Wattellier,Match Report,
33.0,Sat,2025-05-10,21:00,Le Havre,0.9,1–3,2.5,Marseille,23831.0,Stade Océane,Willy Delajod,Match Report,
33.0,Sat,2025-05-10,21:00,Toulouse,1.1,1–1,0.7,Lens,27890.0,Stadium de Toulouse,Bastien Dechepy,Match Report,
,,,,,,,,,,,,,
34.0,Sat,2025-05-17,21:00,Saint-Étienne,1.3,2–3,3.2,Toulouse,38725.0,Stade Geoffroy-Guichard,Thomas Léonard,Match Report,
34.0,Sat,2025-05-17,21:00,Paris S-G,3.1,3–1,0.6,Auxerre,47926.0,Parc des Princes,Abdelatif Kherradji,Match Report,
34.0,Sat,2025-05-17,21:00,Lyon,3.9,2–0,0.5,Angers,56517.0,Groupama Stadium,Stéphanie Frappart,Match Report,
34.0,Sat,2025-05-17,21:00,Strasbourg,1.6,2–3,2.5,Le Havre,19280.0,Stade de la Meinau,Jérôme Brisard,Match Report,
34.0,Sat,2025-05-17,21:00,Lens,1.7,4–0,0.5,Monaco,38160.0,Stade Bollaert-Delelis,François Letexier,Match Report,
34.0,Sat,2025-05-17,21:00,Marseille,3.9,4–2,1.3,Rennes,57274.0,Orange Vélodrome,Jérémie Pignard,Match Report,
34.0,Sat,2025-05-17,21:00,Nantes,2.5,3–0,0.8,Montpellier,34780.0,Stade de la Beaujoire - Louis Fonteneau,Clément Turpin,Match Report,
34.0,Sat,2025-05-17,21:00,Nice,4.9,6–0,0.9,Brest,30298.0,Allianz Riviera,Hakim Ben El Hadj Salem,Match Report,
34.0,Sat,2025-05-17,21:00,Lille,2.0,2–1,0.1,Reims,45599.0,Decathlon Arena - Stade Pierre-Mauroy,Willy Delajod,Match Report,
